full_name,field,truncated_field,band,chip,coadd_path,ecsv_path,discoverydate,EXPTIMEE,DITHTYP,DITHRAD,DITH_REP,NINT,ROTOFF,RA,DEC,psfS_CM,aperS_CM,autoS_CM,Radius,SNR,Elongation,Distance,Separation,Survey_Crsmtch,Survey Crsmtch,aperMag,autoMag,aperMag_Err,psfMag_Err,autoME_CM,apMag,psfMag,Mag_Err_Crsmtch,Mag_Err,apMag2,psfME_CM,Mag,apMag_Err,aperME_CM,apMag2_Err,autoMag_Err,field_date,days_since_discovery,role,objid,name_prefix,name,ra,declination,redshift,typeid,type,reporting_groupid,reporting_group,source_groupid,source_group,discoverymag,discmagfilter,filter,reporters,time_received,internal_names,Discovery_ADS_bibcode,Class_ADS_bibcodes,creationdate,lastmodified,status
AT2025alvq,field12465-2025-04-14,field12465,J,C2,/mnt/photometry/AT2025alvq/field12465-2025-04-14/J/stack/coadd.Open-J.02303839-02303875.C2.fits,/mnt/photometry/AT2025alvq/field12465-2025-04-14/J/stack/GRB_J_C2_Data_VHS_02303875.ecsv,2025-04-07,8.58,Circle,60.0,1,10,48.0,200.08456,-12.57169,1.0,2.0,2.0,5.52,270.69,2.16,0.57417,0.38919,,,15.469,12.808,0.011,0.076,2.922,,15.811,,,,-0.081,,,0.261,,0.007,2025-04-14,7,sci,202935,AT,2025alvq,200.0846971,-12.571593,,,,48,ZTF,48.0,ZTF,18.433,111.0,r,"Nabeel Rehemtulla (CIERA, NU), Wynn Jacobson-Galán (Caltech), Theophile du Laz (Caltech) on behalf of ZTF",3/11/26 8:51,ZTF25aaluqfx,2026TNSTR1022....1R,,3/11/26 8:51,3/11/26 8:51,
AT2025kln,field14919-2025-05-24,field14919,J,C1,/mnt/photometry/AT2025kln/field14919-2025-05-24/J/stack/coadd.Open-J.02474811-02474847.C1.fits,/mnt/photometry/AT2025kln/field14919-2025-05-24/J/stack/GRB_J_C1_Data_VHS_02474847.ecsv,2025-05-15,8.58,Circle,60.0,1,10,48.0,143.57427,-3.23173,3.0,3.0,3.0,0.7,5.33,1.689,0.26046,-1.0,,,20.188,20.118,0.28,0.185,99.0,,20.036,,,,99.0,,,99.0,,0.277,2025-05-24,9,sci,179439,AT,2025kln,143.5742245,-3.231788281,,,,74,ALeRCE,48.0,ZTF,19.8107,110.0,g,"A. Munoz-Arancibia, F.E. Bauer, G. Pignata, F. Forster, A. Mourao, S. Jurado, L. Hernandez-Garcia, L. Galbany, J. Silva-Farfan, R. Dastidar, J.P. Brandt, A. Alvarez, F. Andrades, G. Cabrera-Vives, R. Carrasco-Davis, P.A. Estevez, P. Huijse, H. Larranaga, C. Mansilla, K. Medina, D. Moreno, E. Munoz, I. Reyes, P. Sanchez-Saez, D. Rodriguez-Mancini, M. Catelan, S. Eyheramendy, M.J. Graham on behalf of the ALeRCE broker",5/15/25 16:05,"ZTF25aaqebif, PS25mxr",2025TNSTR1789....1M,,5/15/25 16:05,2/2/26 23:17,
SN2025wzh,field9950-2025-09-12,field9950,J,C4,/mnt/photometry/SN2025wzh/field9950-2025-09-12/J/stack/coadd.Open-J.02977154-02977190.C4.fits,/mnt/photometry/SN2025wzh/field9950-2025-09-12/J/stack/GRB_J_C4_Data_VHS_02977190.ecsv,2025-09-06,8.58,Circle,60.0,1,10,48.0,77.69765,-22.50698,3.0,0.0,0.0,0.94,13.95,1.133,0.31777,-1.0,,,19.057,18.807,0.09,317.823,99.0,,30.477,,,,99.0,,,99.0,,0.136,2025-09-12,6,sci,188149,SN,2025wzh,77.69772983,-22.50702562,0.04,11.0,SN IIP,59,GOTO,59.0,GOTO,19.13,120.0,L,"D. O'Neill, G. Ramsay, K. Ackley, M. Dyer, J. Lyman, K. Ulaczyk, D. Steeghs, D. Galloway, V. Dhillon, P. O'Brien, K. Noysena, R. Kotak, R. Breton, J. Casares, L. Nuttall, B. Godson, T. Killestein, A. Kumar, M. Pursiainen, on behalf of GOTO collaboration",9/6/25 6:21,"GOTO25gwd, ATLAS25lhk, ZTF25abuopnq, T202510070510475m223025, PS25mlv",2025TNSTR3585....1O,2025TNSCR4046....1O,9/6/25 6:21,1/1/26 23:15,
AT2025acto,field20456-2025-11-25,field20456,J,C3,/mnt/photometry/AT2025acto/field20456-2025-11-25/J/stack/coadd.Open-J.03232183-03232219.C3.fits,/mnt/photometry/AT2025acto/field20456-2025-11-25/J/stack/GRB_J_C3_Data_UHS_03232219.ecsv,2025-11-07,8.58,Circle,60.0,1,10,48.0,41.79127,16.51385,2.0,2.0,2.0,4.22,32.58,2.223,0.37123,1.90119,,,18.746,16.649,0.123,0.093,3.445,,18.483,,,,1.612,,,1.349,,0.079,2025-11-25,18,sci,192191,AT,2025acto,41.79134848,16.51392264,,,,59,GOTO,59.0,GOTO,19.27,120.0,L,"G. Ramsay, A. Kumar, K. Ackley, M. Dyer, J. Lyman, K. Ulaczyk, D. Steeghs, D. Galloway, V. Dhillon, P. O'Brien, K. Noysena, R. Kotak, R. Breton, J. Casares, L. Nuttall, B. Godson, T. Killestein, D. O'Neill, M. Pursiainen, on behalf of GOTO collaboration",11/8/25 18:38,"GOTO25jqg, ATLAS25oba, ZTF25acedcrr, PS25kxg",2025TNSTR4475....1R,,11/8/25 18:38,12/30/25 21:44,
AT2025umy,field14163-2025-08-19,field14163,J,C1,/mnt/photometry/AT2025umy/field14163-2025-08-19/J/stack/coadd.Open-J.02871999-02872035.C1.fits,/mnt/photometry/AT2025umy/field14163-2025-08-19/J/stack/GRB_J_C1_Data_VHS_02872035.ecsv,2025-08-16,8.58,Circle,60.0,1,10,48.0,0.00383,-5.58348,1.0,2.0,2.0,1.25,16.03,1.675,1.35157,0.1061,,,19.023,18.388,0.08,0.095,0.964,,19.376,,,,-0.024,,,0.329,,0.102,2025-08-19,3,sci,186423,AT,2025umy,0.003493648,-5.583653884,,,,74,ALeRCE,48.0,ZTF,20.1838,111.0,r,"S. Jurado, G. Pignata, F.E. Bauer, F. Forster, A. Munoz-Arancibia, A. Mourao, L. Hernandez-Garcia, L. Galbany, J. Silva-Farfan, R. Dastidar, J.P. Brandt, A. Alvarez, G. Cabrera-Vives, R. Carrasco-Davis, P.A. Estevez, B. Gamboa, P. Huijse, H. Larranaga, C. Mansilla, K. Medina, D. Moreno, E. Munoz, E. Pizarro, I. Reyes, P. Sanchez-Saez, D. Rodriguez-Mancini, M. Catelan, S. Eyheramendy, M.J. Graham on behalf of the ALeRCE broker",8/19/25 1:34,"ZTF25abjlixu, PS25kgk",2025TNSTR3275....1J,,8/19/25 1:34,12/29/25 21:39,
AT2025wdt,field10476-2025-09-02,field10476,J,C2,/mnt/photometry/AT2025wdt/field10476-2025-09-02/J/stack/coadd.Open-J.02937021-02937057.C2.fits,/mnt/photometry/AT2025wdt/field10476-2025-09-02/J/stack/GRB_J_C2_Data_VHS_02937057.ecsv,2025-08-29,8.58,Circle,60.0,1,10,48.0,359.42763,-20.56337,2.0,2.0,2.0,2.15,27.38,1.382,1.14361,0.17286,,,18.335,17.346,0.06,0.114,1.505,,18.39,,,,0.462,,,0.516,,0.063,2025-09-02,4,sci,187543,AT,2025wdt,359.4278513,-20.56361126,,,,18,ATLAS,18.0,ATLAS,20.02,73.0,wide,"J. Tonry, L. Denneau, H. Weiland, R. Siverd (IfA, University of Hawaii), N. Erasmus, W. Koorts (South African Astronomical Observatory), A. Jordan, V. Suc (UAI, Obstech), M. R. Alarcón, J. Licandro, P. Nichita (IAC), S. J. Smartt, K. W. Smith (Oxford/QUB), D. R. Young, M. Nicholl, M. Fulton, M. McCollum, T. Moore, J. Weston, X. Sheng, C. R. Angus, A. Wilson, A. Aamer, D. Magill (QUB), P. Ramsden (Birmingham/QUB), L. Shingles (GSI/QUB), S. Srivastav, J. H. Gillanders, H. Stevance, A. J. Cooper, F. Stoppa, J. Tweddle (Oxford), L. Rhodes (TSI/McGill), A. Rest (STScI), T.-W. Chen (NCU), C. Stubbs (Harvard), J. S. Sommer (LMU), B. P. Schmidt (ANU)",8/29/25 9:37,"ATLAS25ksi, ZTF25abmvpwg, PS25jxl",2025TNSTR3431....1T,,8/29/25 9:37,12/29/25 15:40,
AT2025vyp,field4221-2025-09-07,field4221,J,C1,/mnt/photometry/AT2025vyp/field4221-2025-09-07/J/stack/coadd.Open-J.02957297-02957333.C1.fits,/mnt/photometry/AT2025vyp/field4221-2025-09-07/J/stack/GRB_J_C1_Data_VHS_02957333.ecsv,2025-08-24,8.58,Circle,60.0,1,10,48.0,12.88524,-46.70154,2.0,2.0,2.0,2.66,41.8,1.348,1.48772,0.06442,,,17.925,16.63,0.041,0.039,1.517,,17.823,,,,0.324,,,0.222,,0.035,2025-09-07,14,sci,187404,AT,2025vyp,12.885333,-46.701128,,,,18,ATLAS,18.0,ATLAS,19.484,72.0,orange,"J. Tonry, L. Denneau, H. Weiland, R. Siverd (IfA, University of Hawaii), N. Erasmus, W. Koorts (South African Astronomical Observatory), A. Jordan, V. Suc (UAI, Obstech), M. R. Alarcón, J. Licandro, P. Nichita (IAC), S. J. Smartt, K. W. Smith (Oxford/QUB), D. R. Young, M. Nicholl, M. Fulton, M. McCollum, T. Moore, J. Weston, X. Sheng, C. R. Angus, A. Wilson, A. Aamer, D. Magill (QUB), P. Ramsden (Birmingham/QUB), L. Shingles (GSI/QUB), S. Srivastav, J. H. Gillanders, H. Stevance, A. J. Cooper, F. Stoppa, J. Tweddle (Oxford), L. Rhodes (TSI/McGill), A. Rest (STScI), T.-W. Chen (NCU), C. Stubbs (Harvard), J. S. Sommer (LMU), B. P. Schmidt (ANU)",8/28/25 9:47,"ATLAS25kov, ",2025TNSTR3409....1T,,8/28/25 9:47,12/27/25 17:37,
AT2025adpi,field7898-2025-10-28,field7898,J,C1,/mnt/photometry/AT2025adpi/field7898-2025-10-28/J/stack/coadd.Open-J.03139051-03139087.C1.fits,/mnt/photometry/AT2025adpi/field7898-2025-10-28/J/stack/GRB_J_C1_Data_VIKING_03139087.ecsv,2025-11-14,8.58,Circle,60.0,1,10,48.0,356.05256,-30.72115,0.0,0.0,0.0,1.3,91.98,1.195,0.49503,-1.0,,,16.734,16.145,0.015,0.025,99.0,,16.759,,,,99.0,,,99.0,,0.017,2025-10-28,-17,sci,192762,AT,2025adpi,356.0524197,-30.72109012,,,,135,GW-MMADS,135.0,GW-MMADS,19.7673,23.0,i,"Xander J. Hall (CMU), Tomás Cabrera (CMU), Lei Hu (CMU), Antonella Palmese (CMU), Igor Andreoni (UMD), Brendan O’Connor (CMU), Robert Stein (Caltech), Michael Coughlin (UMN), Theo Jegou Du Laz (Caltech), Keerthi Kunnumkai (CMU), on behalf of GW-MMADS",11/15/25 21:59,C202511142344126m304316,2025TNSTR4589....1H,,11/15/25 22:00,11/15/25 22:00,
AT2025admv,field8172-2025-10-28,field8172,J,C1,/mnt/photometry/AT2025admv/field8172-2025-10-28/J/stack/coadd.Open-J.03138971-03139007.C1.fits,/mnt/photometry/AT2025admv/field8172-2025-10-28/J/stack/GRB_J_C1_Data_VIKING_03139007.ecsv,2025-11-14,8.58,Circle,60.0,1,10,48.0,354.5429,-29.65495,1.0,2.0,2.0,1.39,66.7,1.364,0.39084,0.09098,,,17.275,16.592,0.021,0.028,0.774,,17.326,,,,0.04,,,0.092,,0.026,2025-10-28,-17,sci,192697,AT,2025admv,354.5427974,-29.65488813,,,,135,GW-MMADS,135.0,GW-MMADS,21.1888,21.0,g,"Xander J. Hall (CMU), Tomás Cabrera (CMU), Lei Hu (CMU), Antonella Palmese (CMU), Igor Andreoni (UMD), Brendan O’Connor (CMU), Robert Stein (Caltech), Michael Coughlin (UMN), Theo Jegou Du Laz (Caltech), Keerthi Kunnumkai (CMU), on behalf of GW-MMADS",11/15/25 21:59,A202511142338103m293918,2025TNSTR4589....1H,,11/15/25 21:59,11/15/25 21:59,
AT2025adip,field7895-2025-10-28,field7895,J,C4,/mnt/photometry/AT2025adip/field7895-2025-10-28/J/stack/coadd.Open-J.03139291-03139327.C4.fits,/mnt/photometry/AT2025adip/field7895-2025-10-28/J/stack/GRB_J_C4_Data_VIKING_03139327.ecsv,2025-11-14,8.58,Circle,60.0,1,10,48.0,352.84227,-31.51678,1.0,1.0,2.0,0.96,27.74,1.226,0.43462,0.18023,,,17.974,17.801,0.045,0.037,0.246,,17.991,,,,0.056,,,0.073,,0.068,2025-10-28,-17,sci,192587,AT,2025adip,352.842397,-31.516719,,,,59,GOTO,59.0,GOTO,19.59,120.0,L,"K. Ackley, M. Dyer, J. Lyman, K. Ulaczyk, D. Steeghs, D. Galloway, V. Dhillon, P. O'Brien, G. Ramsay, K. Noysena, R. Kotak, R. Breton, J. Casares, L. Nuttall, B. Godson, T. Killestein, A. Kumar, D. O'Neill, M. Pursiainen, on behalf of GOTO collaboration",11/14/25 12:18,GOTO25jzh,2025TNSTR4578....1A,,11/14/25 12:18,11/14/25 12:18,
AT2025adhv,field18001-2025-11-16,field18001,J,C1,/mnt/photometry/AT2025adhv/field18001-2025-11-16/J/stack/coadd.Open-J.03199057-03199093.C1.fits,/mnt/photometry/AT2025adhv/field18001-2025-11-16/J/stack/GRB_J_C1_Data_UHS_03199093.ecsv,2025-11-13,8.58,Circle,60.0,1,10,48.0,59.61921,7.70871,2.0,1.0,2.0,2.18,12.56,2.026,0.75769,0.19195,,,18.809,17.842,0.188,0.121,1.235,,18.358,,,,0.72,,,0.268,,0.106,2025-11-16,3,sci,192567,AT,2025adhv,59.619042,7.708583,,,,36,MASTER,36.0,MASTER,18.1,0.0,Other,"G.Antipov, V.Lipunov, E.Gorbovskoy, A.Kuznetsov, K.Zhirkov, I.Panchenko, N.Tiurina, P.Balanutsa, V.Topolev, D.Vlasenko, G.Antipov, A.Sankovich, Yu.Tselik, Ya.Kechin, V.Senik, A.Chasovnikov, K.Labsina, I. Gorbunov (Lomonosov MSU), O.Gress, N.Budnev (ISU), C.Francile, F. Podesta, R.Podesta, E. Gonzalez (Observatorio Astronomico Felix Aguilar (OAFA), A. Tlatov, D. Dormidontov (Kislovodsk Solar Station of the Pulkovo Observatory), A.Sosnovskij (CrAO), A. Gabovich, V.Yurkov (Blagoveschensk Educational StateUniversity), D.Buckley (SAAO), R.Rebolo (The Instituto de Astrofisica de Canarias), L.Carrasco, J.R.Valdes, V.Chavushyan, V.M.Patino Alvarez, J.Martinez, A.R.Corella, L.H.Rodriguez (INAOE, Guillermo Haro Astrophysics Observatory)",11/13/25 20:18,MASTER OT J035828.57+074230.9,2025TNSTR4557....1A,,11/13/25 20:18,11/13/25 20:18,
SN2025abgi,field15424-2025-10-27,field15424,J,C4,/mnt/photometry/SN2025abgi/field15424-2025-10-27/J/stack/coadd.Open-J.03134195-03134231.C4.fits,/mnt/photometry/SN2025abgi/field15424-2025-10-27/J/stack/GRB_J_C4_Data_VHS_03134231.ecsv,2025-10-21,8.58,Circle,60.0,1,10,48.0,359.36397,-2.90608,2.0,2.0,2.0,1.07,21.54,1.429,0.26599,0.19639,,,18.534,18.058,0.066,0.063,2.664,,18.473,,,,2.249,,,2.188,,0.117,2025-10-27,6,sci,191132,SN,2025abgi,359.3639559,-2.9061519,0.023396,10.0,SN II,18,ATLAS,18.0,ATLAS,18.489,71.0,cyan,"J. Tonry, L. Denneau, H. Weiland, R. Siverd (IfA, University of Hawaii), N. Erasmus, W. Koorts (South African Astronomical Observatory), A. Jordan, V. Suc (UAI, Obstech), M. R. Alarcón, J. Licandro, P. Nichita (IAC), S. J. Smartt, K. W. Smith (Oxford/QUB), D. R. Young, M. Nicholl, M. Fulton, M. McCollum, T. Moore, J. Weston, X. Sheng, C. R. Angus, A. Wilson, A. Aamer, D. Magill, P. J. Broda (QUB), P. Ramsden (Birmingham/QUB), L. Shingles (GSI/QUB), S. Srivastav, J. H. Gillanders, H. Stevance, A. J. Cooper, F. Stoppa, J. Tweddle (Oxford), L. Rhodes (TSI/McGill), A. Rest (STScI), T.-W. Chen (NCU), C. Stubbs (Harvard), J. S. Sommer (LMU), B. P. Schmidt (ANU)",10/23/25 1:35,"ATLAS25ndf, GOTO25jcs, , ZTF25acazvii",2025TNSTR4251....1T,2025TNSCR4487....1S,10/23/25 1:35,11/8/25 19:31,
AT2025acit,field16376-2025-11-04,field16376,J,C4,/mnt/photometry/AT2025acit/field16376-2025-11-04/J/stack/coadd.Open-J.03163611-03163647.C4.fits,/mnt/photometry/AT2025acit/field16376-2025-11-04/J/stack/GRB_J_C4_Data_LAS_03163647.ecsv,2025-10-18,8.58,Circle,60.0,1,10,48.0,4.27799,1.90204,0.0,0.0,0.0,0.75,4.88,1.554,0.95104,-1.0,,,19.69,19.748,0.275,0.362,99.0,,20.117,,,,99.0,,,99.0,,0.289,2025-11-04,17,sci,191907,AT,2025acit,4.278083,1.902289,,,,154,WFST,154.0,WFST,22.83,152.0,g,"Zelin Xu, Dezheng Meng, Ji-an Jiang, Weiyu Wu, Zhengyan Liu, Junhan Zhao, Ziqing Jia (USTC) on behalf of the WFST collaboration",11/4/25 10:43,WFST251018vclh,2025TNSTR4438....1X,,11/4/25 10:44,11/4/25 10:44,
AT2025acij,field16368-2025-11-04,field16368,J,C2,/mnt/photometry/AT2025acij/field16368-2025-11-04/J/stack/coadd.Open-J.03163451-03163487.C2.fits,/mnt/photometry/AT2025acij/field16368-2025-11-04/J/stack/GRB_J_C2_Data_VHS_03163487.ecsv,2025-10-18,8.58,Circle,60.0,1,10,48.0,355.21373,0.984,0.0,0.0,0.0,0.46,14.98,1.801,0.76694,-1.0,,,19.043,18.902,0.16,0.106,99.0,,17.851,,,,99.0,,,99.0,,0.16,2025-11-04,17,sci,191897,AT,2025acij,355.213875,0.984158,,,,154,WFST,154.0,WFST,22.4,153.0,r,"Zelin Xu, Dezheng Meng, Ji-an Jiang, Weiyu Wu, Zhengyan Liu, Junhan Zhao, Ziqing Jia (USTC) on behalf of the WFST collaboration",11/4/25 10:43,WFST251018dvun,2025TNSTR4438....1X,,11/4/25 10:43,11/4/25 10:43,
AT2025acdl,field13910-2025-10-29,field13910,J,C4,/mnt/photometry/AT2025acdl/field13910-2025-10-29/J/stack/coadd.Open-J.03146219-03146255.C4.fits,/mnt/photometry/AT2025acdl/field13910-2025-10-29/J/stack/GRB_J_C4_Data_VHS_03146255.ecsv,2025-10-27,8.58,Circle,60.0,1,10,48.0,70.42417,-7.40483,0.0,0.0,0.0,1.14,6.89,5.922,0.73359,-1.0,,,19.154,19.366,0.189,0.163,99.0,,19.237,,,,99.0,,,99.0,,0.2,2025-10-29,2,sci,191766,AT,2025acdl,70.42426151,-7.405010353,,,,74,ALeRCE,48.0,ZTF,20.7612,110.0,g,"F. Forster, F.E. Bauer, G. Pignata, A. Munoz-Arancibia, A. Mourao, L. Hernandez-Garcia, L. Galbany, J. Silva-Farfan, R. Dastidar, J.P. Brandt, A. Alvarez, G. Cabrera-Vives, R. Carrasco-Davis, P.A. Estevez, B. Gamboa, P. Huijse, H. Larranaga, C. Mansilla, K. Medina, D. Moreno, E. Munoz, E. Pizarro, I. Reyes, P. Sanchez-Saez, D. Rodriguez-Mancini, M. Catelan, S. Eyheramendy, M.J. Graham on behalf of the ALeRCE broker",11/1/25 17:53,ZTF25accghim,2025TNSTR4392....1F,,11/1/25 17:53,11/1/25 17:53,
AT2025abwu,field7082-2025-09-30,field7082,J,C4,/mnt/photometry/AT2025abwu/field7082-2025-09-30/J/stack/coadd.Open-J.03032909-03032945.C4.fits,/mnt/photometry/AT2025abwu/field7082-2025-09-30/J/stack/GRB_J_C4_Data_VIKING_03032945.ecsv,2025-10-19,8.58,Circle,60.0,1,10,48.0,342.58219,-34.61687,2.0,2.0,2.0,0.73,11.4,1.178,0.98746,0.58474,,,19.197,19.082,0.121,0.09,0.628,,19.217,,,,0.493,,,0.513,,0.157,2025-09-30,-19,sci,191588,AT,2025abwu,342.5819817,-34.616655,,,,18,ATLAS,18.0,ATLAS,19.61,71.0,cyan,"J. Tonry, L. Denneau, H. Weiland, R. Siverd (IfA, University of Hawaii), N. Erasmus, W. Koorts (South African Astronomical Observatory), A. Jordan, V. Suc (UAI, Obstech), M. R. Alarcón, J. Licandro, P. Nichita (IAC), S. J. Smartt, K. W. Smith (Oxford/QUB), D. R. Young, M. Nicholl, M. Fulton, M. McCollum, T. Moore, J. Weston, X. Sheng, C. R. Angus, A. Wilson, A. Aamer, D. Magill, P. J. Broda (QUB), P. Ramsden (Birmingham/QUB), L. Shingles (GSI/QUB), S. Srivastav, J. H. Gillanders, H. Stevance, A. J. Cooper, F. Stoppa, J. Tweddle (Oxford), L. Rhodes (TSI/McGill), A. Rest (STScI), T.-W. Chen (NCU), C. Stubbs (Harvard), J. S. Sommer (LMU), B. P. Schmidt (ANU)",10/29/25 14:46,ATLAS25nlt,2025TNSTR4342....1T,,10/29/25 14:46,10/29/25 14:46,
AT2025abvm,field17663-2025-11-16,field17663,J,C2,/mnt/photometry/AT2025abvm/field17663-2025-11-16/J/stack/coadd.Open-J.03197937-03197973.C2.fits,/mnt/photometry/AT2025abvm/field17663-2025-11-16/J/stack/GRB_Multisource_J_C2_Data_2MASS_03197973.ecsv,2025-10-28,8.58,Circle,60.0,1,10,48.0,32.77472,6.68062,3.0,3.0,3.0,1.55,13.73,1.676,1.57557,-1.0,,,17.775,18.135,0.136,0.226,99.0,,17.798,,,,99.0,,,99.0,,0.11,2025-11-16,19,sci,191553,AT,2025abvm,32.77458572,6.680204391,,,,139,LAST,139.0,LAST,19.69,1.0,Clear,"E. O. Ofek (WIS), R. Konno (WIS), E. A. Zimmerman (WIS), A. Horowicz (WIS), S. Garrappa (WIS), S. Ben-Ami (WIS), D. Polishook (WIS), O. Yaron (WIS), P. Chen (WIS), A. Krassilchtchikov (WIS), Y. M. Shani (WIS), E. Segre (WIS), A. Gal-Yam (WIS), S. Spitzer (WIS), and K. Rybicki (WIS) on behalf of the LAST Collaboration",10/29/25 5:17,,2025TNSTR4345....1O,,10/29/25 5:17,10/29/25 5:17,
AT2025abgc,field16698-2025-11-10,field16698,J,C4,/mnt/photometry/AT2025abgc/field16698-2025-11-10/J/stack/coadd.Open-J.03173807-03173843.C4.fits,/mnt/photometry/AT2025abgc/field16698-2025-11-10/J/stack/GRB_J_C4_Data_LAS_03173843.ecsv,2025-10-22,8.58,Circle,60.0,1,10,48.0,11.06977,2.87348,2.0,2.0,2.0,1.23,117.7,1.049,0.3508,0.27331,,,16.018,15.65,0.011,0.017,0.408,,15.957,,,,0.102,,,0.041,,0.015,2025-11-10,19,sci,191126,AT,2025abgc,11.06985966,2.873452305,,,,74,ALeRCE,48.0,ZTF,17.572,111.0,r,"A. Munoz-Arancibia, G. Pignata, F.E. Bauer, F. Forster, A. Mourao, S. Jurado, L. Hernandez-Garcia, L. Galbany, J. Silva-Farfan, R. Dastidar, J.P. Brandt, A. Alvarez, F. Andrades, G. Cabrera-Vives, R. Carrasco-Davis, P.A. Estevez, P. Huijse, H. Larranaga, C. Mansilla, K. Medina, D. Moreno, E. Munoz, I. Reyes, P. Sanchez-Saez, D. Rodriguez-Mancini, M. Catelan, S. Eyheramendy, M.J. Graham on behalf of the ALeRCE broker",10/22/25 21:12,ZTF25abzatak,2025TNSTR4237....1M,,10/22/25 21:12,10/22/25 21:12,
AT2025abcc,field4426-2025-10-18,field4426,J,C4,/mnt/photometry/AT2025abcc/field4426-2025-10-18/J/stack/coadd.Open-J.03099728-03099764.C4.fits,/mnt/photometry/AT2025abcc/field4426-2025-10-18/J/stack/GRB_J_C4_Data_VHS_03099764.ecsv,2025-10-20,8.58,Circle,60.0,1,10,48.0,353.88329,-47.45681,2.0,1.0,2.0,1.24,22.13,1.159,0.77202,0.22896,,,18.218,17.797,0.058,0.049,0.605,,18.187,,,,0.216,,,0.185,,0.078,2025-10-18,-2,sci,191022,AT,2025abcc,353.8831917,-47.45701167,,,,18,ATLAS,18.0,ATLAS,19.11,71.0,cyan,"J. Tonry, L. Denneau, H. Weiland, R. Siverd (IfA, University of Hawaii), N. Erasmus, W. Koorts (South African Astronomical Observatory), A. Jordan, V. Suc (UAI, Obstech), M. R. Alarcón, J. Licandro, P. Nichita (IAC), S. J. Smartt, K. W. Smith (Oxford/QUB), D. R. Young, M. Nicholl, M. Fulton, M. McCollum, T. Moore, J. Weston, X. Sheng, C. R. Angus, A. Wilson, A. Aamer, D. Magill, P. J. Broda (QUB), P. Ramsden (Birmingham/QUB), L. Shingles (GSI/QUB), S. Srivastav, J. H. Gillanders, H. Stevance, A. J. Cooper, F. Stoppa, J. Tweddle (Oxford), L. Rhodes (TSI/McGill), A. Rest (STScI), T.-W. Chen (NCU), C. Stubbs (Harvard), J. S. Sommer (LMU), B. P. Schmidt (ANU)",10/21/25 9:20,ATLAS25nap,2025TNSTR4220....1T,,10/21/25 9:20,10/21/25 9:20,
AT2025aanp,field4864-2025-10-18,field4864,J,C1,/mnt/photometry/AT2025aanp/field4864-2025-10-18/J/stack/coadd.Open-J.03099288-03099324.C1.fits,/mnt/photometry/AT2025aanp/field4864-2025-10-18/J/stack/GRB_J_C1_Data_VHS_03099324.ecsv,2025-10-13,8.58,Circle,60.0,1,10,48.0,339.25471,-44.28206,0.0,0.0,0.0,1.2,22.84,1.32,0.67864,-1.0,,,18.599,18.254,0.058,0.063,99.0,,18.686,,,,99.0,,,99.0,,0.066,2025-10-18,5,sci,190588,AT,2025aanp,339.2544588,-44.28201,,,,59,GOTO,59.0,GOTO,20.25,120.0,L,"D. O'Neill, K. Ackley, M. Dyer, J. Lyman, K. Ulaczyk, D. Steeghs, D. Galloway, V. Dhillon, P. O'Brien, G. Ramsay, K. Noysena, R. Kotak, R. Breton, J. Casares, L. Nuttall, B. Godson, T. Killestein, A. Kumar, M. Pursiainen, on behalf of GOTO collaboration",10/15/25 14:51,"GOTO25ipd, ATLAS25nac",2025TNSTR4132....1O,,10/15/25 14:51,10/20/25 23:16,
AT2025aary,field3839-2025-09-29,field3839,J,C2,/mnt/photometry/AT2025aary/field3839-2025-09-29/J/stack/coadd.Open-J.03028896-03028932.C2.fits,/mnt/photometry/AT2025aary/field3839-2025-09-29/J/stack/GRB_J_C2_Data_VHS_03028932.ecsv,2025-09-29,8.58,Circle,60.0,1,10,48.0,79.12693,-49.25741,0.0,0.0,0.0,1.16,19.71,1.25,0.32813,-1.0,,,17.796,17.839,0.067,0.122,99.0,,17.989,,,,99.0,,,99.0,,0.084,2025-09-29,0,sci,190756,AT,2025aary,79.12681793,-49.25746111,,,,135,GW-MMADS,135.0,GW-MMADS,21.3212,22.0,r,"Xander J. Hall (CMU), Tomás Cabrera (CMU), Lei Hu (CMU), Antonella Palmese (CMU), Igor Andreoni (UMD), Brendan O’Connor (CMU), Robert Stein (Caltech), Michael Coughlin (UMN), Theo Jegou Du Laz (Caltech), Keerthi Kunnumkai (CMU), on behalf of GW-MMADS",10/17/25 19:22,C202509290516304m491527,2025TNSTR4157....1H,,10/17/25 19:23,10/17/25 19:23,
AT2025aalw,field5797-2025-11-01,field5797,J,C1,/mnt/photometry/AT2025aalw/field5797-2025-11-01/J/stack/coadd.Open-J.03153727-03153763.C1.fits,/mnt/photometry/AT2025aalw/field5797-2025-11-01/J/stack/GRB_J_C1_Data_VHS_03153763.ecsv,2025-10-13,8.58,Circle,60.0,1,10,48.0,321.21766,-40.11568,0.0,0.0,0.0,1.61,13.53,1.478,0.64813,-1.0,,,19.439,18.455,0.125,0.103,99.0,,19.27,,,,99.0,,,99.0,,0.165,2025-11-01,19,sci,190543,AT,2025aalw,321.2174221,-40.11567737,,,,18,ATLAS,18.0,ATLAS,18.915,72.0,orange,"J. Tonry, L. Denneau, H. Weiland, R. Siverd (IfA, University of Hawaii), N. Erasmus, W. Koorts (South African Astronomical Observatory), A. Jordan, V. Suc (UAI, Obstech), M. R. Alarcón, J. Licandro, P. Nichita (IAC), S. J. Smartt, K. W. Smith (Oxford/QUB), D. R. Young, M. Nicholl, M. Fulton, M. McCollum, T. Moore, J. Weston, X. Sheng, C. R. Angus, A. Wilson, A. Aamer, D. Magill, P. J. Broda (QUB), P. Ramsden (Birmingham/QUB), L. Shingles (GSI/QUB), S. Srivastav, J. H. Gillanders, H. Stevance, A. J. Cooper, F. Stoppa, J. Tweddle (Oxford), L. Rhodes (TSI/McGill), A. Rest (STScI), T.-W. Chen (NCU), C. Stubbs (Harvard), J. S. Sommer (LMU), B. P. Schmidt (ANU)",10/14/25 23:30,ATLAS25moz,2025TNSTR4112....1T,,10/14/25 23:30,10/14/25 23:30,
AT2025aaik,field7597-2025-06-28,field7597,J,C1,/mnt/photometry/AT2025aaik/field7597-2025-06-28/J/stack/coadd.Open-J.02625542-02625578.C1.fits,/mnt/photometry/AT2025aaik/field7597-2025-06-28/J/stack/GRB_J_C1_Data_VHS_02625578.ecsv,2025-07-04,8.58,Circle,60.0,1,10,48.0,317.1127,-32.17074,1.0,2.0,2.0,1.8,12.73,1.662,1.90048,0.80128,,,19.223,18.132,0.116,0.14,1.528,,19.709,,,,-0.05,,,0.437,,0.114,2025-06-28,-6,sci,190453,AT,2025aaik,317.1132995,-32.17061318,,,,4,Pan-STARRS,4.0,Pan-STARRS,21.54,26.0,w,"K. C. Chambers, T. de Boer, J. Fairlamb, M. Huber, C.-C. Lin, T. Lowe, E. Magnier, P. Minguez, G. Paek, A. Schultz, I. A. Smith, R. J. Wainscoat (IfA, University of Hawaii), S. J. Smartt, K. W. Smith (University of Oxford / Queen's University Belfast), S. Srivastav (University of Oxford), D. R. Young, M. Fulton, M. Nicholl, T. Moore, J. Weston, C. R. Angus (Queen's University Belfast)",10/14/25 8:05,PS25idp,2025TNSTR4117....1C,,10/14/25 8:05,10/14/25 8:05,
AT2025aahv,field7071-2025-10-19,field7071,J,C1,/mnt/photometry/AT2025aahv/field7071-2025-10-19/J/stack/coadd.Open-J.03103836-03103872.C1.fits,/mnt/photometry/AT2025aahv/field7071-2025-10-19/J/stack/GRB_J_C1_Data_VHS_03103872.ecsv,2025-10-13,8.58,Circle,60.0,1,10,48.0,327.02507,-34.23682,1.0,2.0,2.0,2.68,30.4,1.787,1.04585,0.26261,,,18.466,16.879,0.051,0.078,1.793,,18.806,,,,-0.134,,,0.206,,0.048,2025-10-19,6,sci,190438,AT,2025aahv,327.025282,-34.236588,,,,18,ATLAS,18.0,ATLAS,19.083,71.0,cyan,"J. Tonry, L. Denneau, H. Weiland, R. Siverd (IfA, University of Hawaii), N. Erasmus, W. Koorts (South African Astronomical Observatory), A. Jordan, V. Suc (UAI, Obstech), M. R. Alarcón, J. Licandro, P. Nichita (IAC), S. J. Smartt, K. W. Smith (Oxford/QUB), D. R. Young, M. Nicholl, M. Fulton, M. McCollum, T. Moore, J. Weston, X. Sheng, C. R. Angus, A. Wilson, A. Aamer, D. Magill, P. J. Broda (QUB), P. Ramsden (Birmingham/QUB), L. Shingles (GSI/QUB), S. Srivastav, J. H. Gillanders, H. Stevance, A. J. Cooper, F. Stoppa, J. Tweddle (Oxford), L. Rhodes (TSI/McGill), A. Rest (STScI), T.-W. Chen (NCU), C. Stubbs (Harvard), J. S. Sommer (LMU), B. P. Schmidt (ANU)",10/14/25 0:50,"ATLAS25mol, GOTO25izs",2025TNSTR4112....1T,,10/14/25 0:50,10/14/25 0:50,
AT2025aafz,field5810-2025-10-07,field5810,J,C3,/mnt/photometry/AT2025aafz/field5810-2025-10-07/J/stack/coadd.Open-J.03061334-03061370.C3.fits,/mnt/photometry/AT2025aafz/field5810-2025-10-07/J/stack/GRB_J_C3_Data_VHS_03061370.ecsv,2025-10-13,8.58,Circle,60.0,1,10,48.0,340.87529,-40.5499,3.0,3.0,3.0,0.78,6.33,1.703,0.66669,-1.0,,,20.125,20.218,0.209,0.181,99.0,,20.094,,,,99.0,,,99.0,,0.3,2025-10-07,-6,sci,190390,AT,2025aafz,340.875348,-40.550084,,,,59,GOTO,59.0,GOTO,19.79,120.0,L,"G. Ramsay, D. O'Neill, K. Ackley, M. Dyer, J. Lyman, K. Ulaczyk, D. Steeghs, D. Galloway, V. Dhillon, P. O'Brien, K. Noysena, R. Kotak, R. Breton, J. Casares, L. Nuttall, B. Godson, T. Killestein, A. Kumar, M. Pursiainen, on behalf of GOTO collaboration",10/13/25 13:07,GOTO25ilu,2025TNSTR4099....1R,,10/13/25 13:07,10/13/25 13:07,
AT2025zwq,field10538-2025-09-29,field10538,J,C3,/mnt/photometry/AT2025zwq/field10538-2025-09-29/J/stack/coadd.Open-J.03028016-03028052.C3.fits,/mnt/photometry/AT2025zwq/field10538-2025-09-29/J/stack/GRB_J_C3_Data_VHS_03028052.ecsv,2025-09-25,8.58,Circle,60.0,1,10,48.0,73.69045,-20.23252,2.0,2.0,2.0,0.68,17.86,1.267,0.21604,0.20016,,,18.991,18.926,0.074,0.063,0.497,,18.94,,,,0.483,,,0.432,,0.126,2025-09-29,4,sci,190147,AT,2025zwq,73.69051,-20.2324962,,,,48,ZTF,48.0,ZTF,19.9651,110.0,g,"Jesper Sollerman (SU), Christoffer Fremling (Caltech), Daniel Perley (LJMU), Theophile du Laz (Caltech) on behalf of ZTF",10/11/25 18:29,"ZTF20acwlstz, GOTO25izi",2025TNSTR4073....1S,,10/11/25 18:30,10/11/25 18:30,
SN2025yrt,field10839-2025-09-27,field10839,J,C1,/mnt/photometry/SN2025yrt/field10839-2025-09-27/J/stack/coadd.Open-J.03021844-03021880.C1.fits,/mnt/photometry/SN2025yrt/field10839-2025-09-27/J/stack/GRB_J_C1_Data_VHS_03021880.ecsv,2025-09-26,8.58,Circle,60.0,1,10,48.0,76.97929,-18.18984,2.0,2.0,2.0,7.14,886.98,1.056,1.96723,0.05616,,,13.798,11.523,0.004,0.019,2.432,,13.592,,,,0.363,,,0.157,,0.002,2025-09-27,1,sci,189326,SN,2025yrt,76.97985,-18.18996,0.017,10.0,SN II,3,ASAS-SN,3.0,ASAS-SN,16.1,21.0,g,"K. Z. Stanek, for the ASAS-SN team",9/26/25 23:33,"ASASSN-25dw, GOTO24kgc",2025TNSTR3873....1S,2025TNSCR4076....1K,9/26/25 23:33,10/11/25 10:36,
AT2025zgx,field14469-2025-08-29,field14469,J,C3,/mnt/photometry/AT2025zgx/field14469-2025-08-29/J/stack/coadd.Open-J.02909420-02909456.C3.fits,/mnt/photometry/AT2025zgx/field14469-2025-08-29/J/stack/GRB_J_C3_Data_VHS_02909456.ecsv,2025-09-02,8.58,Circle,60.0,1,10,48.0,349.78525,-6.22517,0.0,0.0,0.0,0.71,55.14,1.238,0.32757,-1.0,,,17.363,17.366,0.022,0.02,99.0,,17.344,,,,99.0,,,99.0,,0.031,2025-08-29,-4,sci,189734,AT,2025zgx,349.7852649,-6.2252632,,,,48,ZTF,48.0,ZTF,17.4471,112.0,i,"Nabeel Rehemtulla (CIERA, NU), Wynn Jacobson-Galán (Caltech), Theophile du Laz (Caltech) on behalf of ZTF",10/1/25 9:27,ZTF25abuumbd,2025TNSTR3951....1R,,10/1/25 9:27,10/1/25 9:27,
AT2025zfn,field4050-2025-09-27,field4050,J,C4,/mnt/photometry/AT2025zfn/field4050-2025-09-27/J/stack/coadd.Open-J.03022284-03022320.C4.fits,/mnt/photometry/AT2025zfn/field4050-2025-09-27/J/stack/GRB_J_C4_Data_VHS_03022320.ecsv,2025-09-29,8.58,Circle,60.0,1,10,48.0,83.86488,-48.55062,1.0,1.0,2.0,0.8,22.54,1.286,1.04245,0.0796,,,18.642,18.495,0.056,0.058,0.233,,18.857,,,,-0.128,,,0.086,,0.064,2025-09-27,-2,sci,189698,AT,2025zfn,83.86531744,-48.55064843,,,,135,GW-MMADS,135.0,GW-MMADS,21.8922,22.0,r,"Xander J. Hall (CMU), Tomás Cabrera (CMU), Lei Hu (CMU), Antonella Palmese (CMU), Igor Andreoni (UMD), Brendan O’Connor (CMU), Robert Stein (Caltech), Michael Coughlin (UMN), Theo Jegou Du Laz (Caltech), Keerthi Kunnumkai (CMU), on behalf of GW-MMADS",9/30/25 21:01,T202509290535277m483302,2025TNSTR3927....1H,,9/30/25 21:03,9/30/25 21:03,
AT2025zdy,field3840-2025-09-29,field3840,J,C2,/mnt/photometry/AT2025zdy/field3840-2025-09-29/J/stack/coadd.Open-J.03028696-03028732.C2.fits,/mnt/photometry/AT2025zdy/field3840-2025-09-29/J/stack/GRB_J_C2_Data_VHS_03028732.ecsv,2025-09-29,8.58,Circle,60.0,1,10,48.0,80.56769,-48.8086,0.0,0.0,0.0,1.03,9.11,1.967,0.49128,-1.0,,,19.224,19.147,0.143,0.205,99.0,,19.223,,,,99.0,,,99.0,,0.211,2025-09-29,0,sci,189657,AT,2025zdy,80.56782514,-48.80869926,,,,135,GW-MMADS,135.0,GW-MMADS,21.874,22.0,r,"Xander J. Hall (CMU), Tomás Cabrera (CMU), Lei Hu (CMU), Antonella Palmese (CMU), Igor Andreoni (UMD), Brendan O’Connor (CMU), Robert Stein (Caltech), Michael Coughlin (UMN), Theo Jegou Du Laz (Caltech), Keerthi Kunnumkai (CMU), on behalf of GW-MMADS",9/30/25 21:01,A202509290522163m484831,2025TNSTR3927....1H,,9/30/25 21:03,9/30/25 21:03,
AT2025zbg,field3841-2025-09-27,field3841,J,C3,/mnt/photometry/AT2025zbg/field3841-2025-09-27/J/stack/coadd.Open-J.03022364-03022400.C3.fits,/mnt/photometry/AT2025zbg/field3841-2025-09-27/J/stack/GRB_J_C3_Data_VHS_03022400.ecsv,2025-09-29,8.58,Circle,60.0,1,10,48.0,81.71243,-49.68762,1.0,1.0,2.0,1.2,9.77,2.142,1.67388,0.14603,,,19.585,19.026,0.115,0.122,0.628,,19.874,,,,-0.221,,,0.068,,0.135,2025-09-27,-2,sci,189587,AT,2025zbg,81.71173369,-49.68773912,,,,135,GW-MMADS,135.0,GW-MMADS,22.6586,22.0,r,"Xander J. Hall (CMU), Tomás Cabrera (CMU), Lei Hu (CMU), Antonella Palmese (CMU), Igor Andreoni (UMD), Brendan O’Connor (CMU), Robert Stein (Caltech), Michael Coughlin (UMN), Theo Jegou Du Laz (Caltech), Keerthi Kunnumkai (CMU), on behalf of GW-MMADS",9/30/25 21:01,T202509290526508m494116,2025TNSTR3927....1H,,9/30/25 21:02,9/30/25 21:02,
AT2025zaq,field4050-2025-09-27,field4050,J,C1,/mnt/photometry/AT2025zaq/field4050-2025-09-27/J/stack/coadd.Open-J.03022284-03022320.C1.fits,/mnt/photometry/AT2025zaq/field4050-2025-09-27/J/stack/GRB_J_C1_Data_VHS_03022320.ecsv,2025-09-29,8.58,Circle,60.0,1,10,48.0,82.93026,-47.72994,2.0,1.0,2.0,2.09,20.33,1.674,1.65256,0.35148,,,18.899,17.821,0.083,0.075,1.261,,18.812,,,,0.27,,,0.182,,0.082,2025-09-27,-2,sci,189571,AT,2025zaq,82.92960856,-47.73008087,,,,135,GW-MMADS,135.0,GW-MMADS,22.3088,22.0,r,"Xander J. Hall (CMU), Tomás Cabrera (CMU), Lei Hu (CMU), Antonella Palmese (CMU), Igor Andreoni (UMD), Brendan O’Connor (CMU), Robert Stein (Caltech), Michael Coughlin (UMN), Theo Jegou Du Laz (Caltech), Keerthi Kunnumkai (CMU), on behalf of GW-MMADS",9/30/25 21:01,T202509290531431m474348,2025TNSTR3927....1H,,9/30/25 21:02,9/30/25 21:02,
AT2025yzr,field4048-2025-09-29,field4048,J,C4,/mnt/photometry/AT2025yzr/field4048-2025-09-29/J/stack/coadd.Open-J.03028776-03028812.C4.fits,/mnt/photometry/AT2025yzr/field4048-2025-09-29/J/stack/GRB_J_C4_Data_VHS_03028812.ecsv,2025-09-29,8.58,Circle,60.0,1,10,48.0,80.50078,-48.26087,2.0,1.0,2.0,2.06,32.69,1.312,1.82054,0.15872,,,17.579,16.873,0.045,0.035,0.822,,17.552,,,,0.143,,,0.116,,0.047,2025-09-29,0,sci,189546,AT,2025yzr,80.5000228,-48.26086465,,,,135,GW-MMADS,135.0,GW-MMADS,22.1331,22.0,r,"Xander J. Hall (CMU), Tomás Cabrera (CMU), Lei Hu (CMU), Antonella Palmese (CMU), Igor Andreoni (UMD), Brendan O’Connor (CMU), Robert Stein (Caltech), Michael Coughlin (UMN), Theo Jegou Du Laz (Caltech), Keerthi Kunnumkai (CMU), on behalf of GW-MMADS",9/30/25 21:01,T202509290522000m481539,2025TNSTR3927....1H,,9/30/25 21:02,9/30/25 21:02,
AT2025yzj,field3244-2025-09-29,field3244,J,C4,/mnt/photometry/AT2025yzj/field3244-2025-09-29/J/stack/coadd.Open-J.03028656-03028692.C4.fits,/mnt/photometry/AT2025yzj/field3244-2025-09-29/J/stack/GRB_J_C4_Data_VHS_03028692.ecsv,2025-09-29,8.58,Circle,60.0,1,10,48.0,82.62486,-53.05421,2.0,2.0,2.0,1.13,39.46,1.197,1.52132,0.04159,,,17.415,17.252,0.032,0.03,0.309,,17.445,,,,0.115,,,0.146,,0.039,2025-09-29,0,sci,189538,AT,2025yzj,82.62540596,-53.05394163,,,,135,GW-MMADS,135.0,GW-MMADS,20.9734,22.0,r,"Xander J. Hall (CMU), Tomás Cabrera (CMU), Lei Hu (CMU), Antonella Palmese (CMU), Igor Andreoni (UMD), Brendan O’Connor (CMU), Robert Stein (Caltech), Michael Coughlin (UMN), Theo Jegou Du Laz (Caltech), Keerthi Kunnumkai (CMU), on behalf of GW-MMADS",9/30/25 21:01,T202509290530301m530314,2025TNSTR3927....1H,,9/30/25 21:01,9/30/25 21:01,
AT2025yfr,field6567-2025-10-03,field6567,J,C3,/mnt/photometry/AT2025yfr/field6567-2025-10-03/J/stack/coadd.Open-J.03043874-03043910.C3.fits,/mnt/photometry/AT2025yfr/field6567-2025-10-03/J/stack/GRB_J_C3_Data_VHS_03043910.ecsv,2025-09-15,8.58,Circle,60.0,1,10,48.0,348.56244,-37.24303,0.0,0.0,0.0,1.43,33.39,1.225,0.55605,-1.0,,,17.924,17.503,0.04,0.034,99.0,,17.789,,,,99.0,,,99.0,,0.049,2025-10-03,18,sci,189009,AT,2025yfr,348.562376,-37.243174,,,,59,GOTO,59.0,GOTO,19.47,120.0,L,"D. O'Neill, K. Ackley, M. Dyer, J. Lyman, K. Ulaczyk, D. Steeghs, D. Galloway, V. Dhillon, P. O'Brien, G. Ramsay, K. Noysena, R. Kotak, R. Breton, J. Casares, L. Nuttall, B. Godson, T. Killestein, A. Kumar, M. Pursiainen, on behalf of GOTO collaboration",9/21/25 22:14,GOTO25hli,2025TNSTR3791....1O,,9/21/25 22:14,9/21/25 22:14,
AT2025yds,field15759-2025-08-18,field15759,J,C3,/mnt/photometry/AT2025yds/field15759-2025-08-18/J/stack/coadd.Open-J.02865809-02865845.C3.fits,/mnt/photometry/AT2025yds/field15759-2025-08-18/J/stack/GRB_J_C3_Data_VHS_02865845.ecsv,2025-09-05,8.58,Circle,60.0,1,10,48.0,20.28572,-0.76657,3.0,3.0,3.0,0.87,9.53,1.3,0.65539,-1.0,,,19.686,19.64,0.125,0.121,99.0,,19.793,,,,99.0,,,99.0,,0.214,2025-08-18,-18,sci,188957,AT,2025yds,20.285542,-0.766572,,,,154,WFST,154.0,WFST,22.15,153.0,r,"Zelin Xu, Dezheng Meng, Ji-an Jiang, Weiyu Wu, Zhengyan Liu, Junhan Zhao, Ziqing Jia (USTC) on behalf of the WFST collaboration",9/21/25 8:29,WFST250905hljo,2025TNSTR3795....1X,,9/21/25 8:29,9/21/25 8:29,
AT2025xzm,field6574-2025-10-03,field6574,J,C2,/mnt/photometry/AT2025xzm/field6574-2025-10-03/J/stack/coadd.Open-J.03044154-03044190.C2.fits,/mnt/photometry/AT2025xzm/field6574-2025-10-03/J/stack/GRB_J_C2_Data_2MASS_03044190.ecsv,2025-09-19,8.58,Circle,60.0,1,10,48.0,359.62612,-36.55121,3.0,3.0,3.0,1.52,35.18,1.636,0.65718,-1.0,,,17.833,17.153,0.039,0.086,99.0,,18.335,,,,99.0,,,99.0,,0.051,2025-10-03,14,sci,188847,AT,2025xzm,359.6263443,-36.55118143,,,,18,ATLAS,18.0,ATLAS,19.309,71.0,cyan,"J. Tonry, L. Denneau, H. Weiland, R. Siverd (IfA, University of Hawaii), N. Erasmus, W. Koorts (South African Astronomical Observatory), A. Jordan, V. Suc (UAI, Obstech), M. R. Alarcón, J. Licandro, P. Nichita (IAC), S. J. Smartt, K. W. Smith (Oxford/QUB), D. R. Young, M. Nicholl, M. Fulton, M. McCollum, T. Moore, J. Weston, X. Sheng, C. R. Angus, A. Wilson, A. Aamer, D. Magill, P. J. Broda (QUB), P. Ramsden (Birmingham/QUB), L. Shingles (GSI/QUB), S. Srivastav, J. H. Gillanders, H. Stevance, A. J. Cooper, F. Stoppa, J. Tweddle (Oxford), L. Rhodes (TSI/McGill), A. Rest (STScI), T.-W. Chen (NCU), C. Stubbs (Harvard), J. S. Sommer (LMU), B. P. Schmidt (ANU)",9/19/25 17:38,ATLAS25lsg,2025TNSTR3766....1T,,9/19/25 17:39,9/19/25 17:39,
AT2025wiy,field9597-2025-09-10,field9597,J,C2,/mnt/photometry/AT2025wiy/field9597-2025-09-10/J/stack/coadd.Open-J.02970610-02970646.C2.fits,/mnt/photometry/AT2025wiy/field9597-2025-09-10/J/stack/GRB_J_C2_Data_2MASS_02970646.ecsv,2025-08-27,8.58,Circle,60.0,1,10,48.0,3.05238,-22.62476,2.0,1.0,2.0,1.76,53.98,1.962,0.66709,0.37464,,,17.234,16.445,0.027,0.078,0.628,,17.625,,,,-0.552,,,-0.161,,0.033,2025-09-10,14,sci,187680,AT,2025wiy,3.052544929,-22.62466074,,,,48,ZTF,48.0,ZTF,19.9776,111.0,r,"Jesper Sollerman (SU), Christoffer Fremling (Caltech), Daniel Perley (LJMU), Theophile du Laz (Caltech) on behalf of ZTF",8/30/25 10:19,"ZTF25abnganm, PS25hnr",2025TNSTR3460....1S,,8/30/25 10:19,9/17/25 21:55,
AT2025xph,field13836-2025-08-31,field13836,J,C2,/mnt/photometry/AT2025xph/field13836-2025-08-31/J/stack/coadd.Open-J.02924306-02924342.C2.fits,/mnt/photometry/AT2025xph/field13836-2025-08-31/J/stack/GRB_J_C2_Data_VHS_02924342.ecsv,2025-09-14,8.58,Circle,60.0,1,10,48.0,345.49263,-8.03754,1.0,1.0,2.0,1.19,30.65,1.172,0.10587,0.14238,,,18.088,17.747,0.041,0.036,0.372,,18.132,,,,-0.012,,,0.032,,0.054,2025-08-31,-14,sci,188580,AT,2025xph,345.4926053,-8.03754348,,,,83,YSE,4.0,Pan-STARRS,19.95,56.0,g,"D. O. Jones (UC Santa Cruz), K. D. French (Carnegie, Illinois), A. Agnello, Z. Ansari, N. Arendse, C. Gall, C. Grillo, S. H. Bruun, C. Hede, J. Hjorth, L. Izzo, H. Korhonen, S. Raimundo, D. Kodi Ramanah, A. Sarangi, R. Wojtak, H. Pfister (DARK, U Copenhagen), K. Auchettl (DARK, UC Santa Cruz, U Melbourne), K. C. Chambers, M. E. Huber, E. A. Magnier, T. J. L. de Boer, J. R. Fairlamb, C. C. Lin, R. J. Wainscoat, T. Lowe, G. Paek, A. S. B. Schultz, P. Minguez (IfA, Hawaii), A. Engel, A. Gagliano, G. Narayan, M. Soraisam (Illinois), Q. Wang (JHU), A. Rest (JHU, STScI), S. J. Smartt, K. W. Smith (Oxford / QUB), C. R. Angus (QUB), K. Alexander, P. Blanchard, L. DeMarchi, A. Hajela, W. Jacobson-Galan, R. Margutti, D. Matthews, C. Stauffer, M. Stroh (Northwestern), M. Drout (U Toronto), D. A. Coulter, G. Dimitriadis, R. J. Foley, T. Hung, C. D. Kilpatrick, C. Rojas-Bravo, M. R. Siebert (UC Santa Cruz), E. Ramirez-Ruiz (UC Santa Cruz, DARK)",9/15/25 9:16,PS25hnf,2025TNSTR3711....1J,,9/15/25 9:16,9/15/25 9:16,
AT2025xmk,field1703-2025-08-25,field1703,J,C3,/mnt/photometry/AT2025xmk/field1703-2025-08-25/J/stack/coadd.Open-J.02890337-02890373.C3.fits,/mnt/photometry/AT2025xmk/field1703-2025-08-25/J/stack/GRB_J_C3_Data_VHS_02890373.ecsv,2025-09-13,8.58,Circle,60.0,1,10,48.0,12.02402,-63.18071,2.0,2.0,2.0,2.07,95.86,1.031,0.52697,0.16433,,,16.314,15.75,0.018,0.015,0.749,,16.191,,,,0.309,,,0.185,,0.016,2025-08-25,-19,sci,188505,AT,2025xmk,12.02393333,-63.18057333,,,,18,ATLAS,18.0,ATLAS,18.367,72.0,orange,"J. Tonry, L. Denneau, H. Weiland, R. Siverd (IfA, University of Hawaii), N. Erasmus, W. Koorts (South African Astronomical Observatory), A. Jordan, V. Suc (UAI, Obstech), M. R. Alarcón, J. Licandro, P. Nichita (IAC), S. J. Smartt, K. W. Smith (Oxford/QUB), D. R. Young, M. Nicholl, M. Fulton, M. McCollum, T. Moore, J. Weston, X. Sheng, C. R. Angus, A. Wilson, A. Aamer, D. Magill (QUB), P. Ramsden (Birmingham/QUB), L. Shingles (GSI/QUB), S. Srivastav, J. H. Gillanders, H. Stevance, A. J. Cooper, F. Stoppa, J. Tweddle (Oxford), L. Rhodes (TSI/McGill), A. Rest (STScI), T.-W. Chen (NCU), C. Stubbs (Harvard), J. S. Sommer (LMU), B. P. Schmidt (ANU)",9/14/25 19:25,"ATLAS25liz, GOTO25hpg",2025TNSTR3686....1T,,9/14/25 19:25,9/14/25 19:25,
AT2025xhv,field15756-2025-08-18,field15756,J,C1,/mnt/photometry/AT2025xhv/field15756-2025-08-18/J/stack/coadd.Open-J.02865689-02865725.C1.fits,/mnt/photometry/AT2025xhv/field15756-2025-08-18/J/stack/GRB_J_C1_Data_VHS_02865725.ecsv,2025-08-31,8.58,Circle,60.0,1,10,48.0,17.13526,-0.16048,2.0,1.0,2.0,1.15,21.16,1.11,1.069,0.16151,,,18.883,18.32,0.061,0.067,0.617,,19.168,,,,-0.231,,,0.054,,0.084,2025-08-18,-13,sci,188376,AT,2025xhv,17.135,-0.160336,,,,154,WFST,154.0,WFST,22.14,152.0,g,"Zelin Xu, Dezheng Meng, Ji-an Jiang, Weiyu Wu, Zhengyan Liu, Junhan Zhao, Ziqing Jia (USTC) on behalf of the WFST collaboration",9/13/25 9:00,WFST250831alcv,2025TNSTR3679....1X,,9/13/25 9:00,9/13/25 9:00,
SN2025vzq,field13840-2025-08-31,field13840,J,C3,/mnt/photometry/SN2025vzq/field13840-2025-08-31/J/stack/coadd.Open-J.02924466-02924502.C3.fits,/mnt/photometry/SN2025vzq/field13840-2025-08-31/J/stack/GRB_J_C3_Data_VHS_02924502.ecsv,2025-08-28,8.58,Circle,60.0,1,10,48.0,349.76991,-8.4776,0.0,0.0,0.0,1.43,104.75,1.042,0.33032,-1.0,,,16.641,16.099,0.015,0.081,99.0,,16.622,,,,99.0,,,99.0,,0.011,2025-08-31,3,sci,187431,SN,2025vzq,349.7699989,-8.477634163,0.007452,5.0,SN Ic,59,GOTO,59.0,GOTO,19.22,120.0,L,"D. O'Neill, K. Ackley, M. Dyer, J. Lyman, K. Ulaczyk, D. Steeghs, D. Galloway, V. Dhillon, P. O'Brien, G. Ramsay, K. Noysena, R. Kotak, R. Breton, J. Casares, L. Nuttall, B. Godson, T. Killestein, A. Kumar, M. Pursiainen, on behalf of GOTO collaboration",8/28/25 13:31,"GOTO25glk, ATLAS25kqi, ZTF25abmsmeg, , PS25hld",2025TNSTR3412....1O,2025TNSCR3449....1W,8/28/25 13:31,9/11/25 20:42,
SN2025ukr,field13502-2025-09-02,field13502,J,C3,/mnt/photometry/SN2025ukr/field13502-2025-09-02/J/stack/coadd.Open-J.02936141-02936177.C3.fits,/mnt/photometry/SN2025ukr/field13502-2025-09-02/J/stack/GRB_J_C3_Data_VHS_02936177.ecsv,2025-08-16,8.58,Circle,60.0,1,10,48.0,320.73546,-10.01317,0.0,0.0,0.0,1.16,8.23,2.664,0.58016,-1.0,,,19.415,19.071,0.172,0.152,99.0,,19.414,,,,99.0,,,99.0,,0.206,2025-09-02,17,sci,186364,SN,2025ukr,320.7354535,-10.0133307,0.22,18.0,SLSN-I,48,ZTF,48.0,ZTF,19.7301,110.0,g,"Jesper Sollerman (SU), Christoffer Fremling (Caltech), Daniel Perley (LJMU), Theophile du Laz (Caltech) on behalf of ZTF",8/18/25 7:35,"ZTF25abixhdc, GOTO25gdo, ATLAS25kul, ",2025TNSTR3262....1S,2025TNSCR3512....1C,8/18/25 7:35,9/1/25 23:48,
AT2025woh,field16078-2025-08-17,field16078,J,C3,/mnt/photometry/AT2025woh/field16078-2025-08-17/J/stack/coadd.Open-J.02859206-02859242.C3.fits,/mnt/photometry/AT2025woh/field16078-2025-08-17/J/stack/GRB_J_C3_Data_VHS_02859242.ecsv,2025-09-01,8.58,Circle,60.0,1,10,48.0,23.82771,0.74035,1.0,2.0,2.0,2.79,65.61,1.344,0.92499,0.45249,,,17.479,16.026,0.025,0.04,1.554,,17.532,,,,0.048,,,0.101,,0.028,2025-08-17,-15,sci,187820,AT,2025woh,23.82753372,0.740157728,,,,139,LAST,139.0,LAST,19.62,1.0,Clear,"E. O. Ofek (WIS), R. Konno (WIS), E. A. Zimmerman (WIS), A. Horowicz (WIS), S. Garrappa (WIS), S. Ben-Ami (WIS), D. Polishook (WIS), O. Yaron (WIS), P. Chen (WIS), A. Krassilchtchikov (WIS), Y. M. Shani (WIS), E. Segre (WIS), A. Gal-Yam (WIS), S. Spitzer (WIS), and K. Rybicki (WIS) on behalf of the LAST Collaboration",9/1/25 10:17,,2025TNSTR3499....1O,,9/1/25 10:18,9/1/25 10:18,
AT2025wob,field16077-2025-08-17,field16077,J,C4,/mnt/photometry/AT2025wob/field16077-2025-08-17/J/stack/coadd.Open-J.02859166-02859202.C4.fits,/mnt/photometry/AT2025wob/field16077-2025-08-17/J/stack/GRB_J_C4_Data_VHS_02859202.ecsv,2025-09-01,8.58,Circle,60.0,1,10,48.0,23.61991,0.7816,1.0,2.0,2.0,0.95,86.85,1.116,0.62722,0.14373,,,16.603,16.298,0.014,0.031,0.375,,16.685,,,,-0.012,,,0.07,,0.018,2025-08-17,-15,sci,187814,AT,2025wob,23.62003194,0.781479776,,,,139,LAST,139.0,LAST,19.42,1.0,Clear,"E. O. Ofek (WIS), R. Konno (WIS), E. A. Zimmerman (WIS), A. Horowicz (WIS), S. Garrappa (WIS), S. Ben-Ami (WIS), D. Polishook (WIS), O. Yaron (WIS), P. Chen (WIS), A. Krassilchtchikov (WIS), Y. M. Shani (WIS), E. Segre (WIS), A. Gal-Yam (WIS), S. Spitzer (WIS), and K. Rybicki (WIS) on behalf of the LAST Collaboration",9/1/25 10:05,,2025TNSTR3499....1O,,9/1/25 10:05,9/1/25 10:05,
AT2025wke,field14180-2025-08-19,field14180,J,C4,/mnt/photometry/AT2025wke/field14180-2025-08-19/J/stack/coadd.Open-J.02872679-02872715.C4.fits,/mnt/photometry/AT2025wke/field14180-2025-08-19/J/stack/GRB_J_C4_Data_VHS_02872715.ecsv,2025-08-25,8.58,Circle,60.0,1,10,48.0,20.03778,-6.46639,1.0,1.0,2.0,1.15,13.28,1.244,0.45314,0.45038,,,18.898,18.576,0.091,0.08,0.417,,19.007,,,,-0.014,,,0.095,,0.13,2025-08-19,-6,sci,187712,AT,2025wke,20.03789983,-6.466358719,,,,74,ALeRCE,48.0,ZTF,20.5003,110.0,g,"F. Forster, F.E. Bauer, G. Pignata, A. Munoz-Arancibia, A. Mourao, L. Hernandez-Garcia, L. Galbany, J. Silva-Farfan, R. Dastidar, J.P. Brandt, A. Alvarez, G. Cabrera-Vives, R. Carrasco-Davis, P.A. Estevez, B. Gamboa, P. Huijse, H. Larranaga, C. Mansilla, K. Medina, D. Moreno, E. Munoz, E. Pizarro, I. Reyes, P. Sanchez-Saez, D. Rodriguez-Mancini, M. Catelan, S. Eyheramendy, M.J. Graham on behalf of the ALeRCE broker",8/31/25 2:08,ZTF25abmymru,2025TNSTR3470....1F,,8/31/25 2:08,8/31/25 2:08,
AT2025wbq,field12916-2025-07-27,field12916,J,C1,/mnt/photometry/AT2025wbq/field12916-2025-07-27/J/stack/coadd.Open-J.02762714-02762750.C1.fits,/mnt/photometry/AT2025wbq/field12916-2025-07-27/J/stack/GRB_J_C1_Data_2MASS_02762750.ecsv,2025-07-29,8.58,Circle,60.0,1,10,48.0,3.59141,-10.25609,3.0,3.0,3.0,1.1,11.17,1.442,1.42891,-1.0,,,18.463,18.144,0.118,0.103,99.0,,18.318,,,,99.0,,,99.0,,0.16,2025-07-27,-2,sci,187487,AT,2025wbq,3.591439464,-10.25569248,,,,4,Pan-STARRS,4.0,Pan-STARRS,22.35,26.0,w,"K. C. Chambers, T. de Boer, J. Fairlamb, M. Huber, C.-C. Lin, T. Lowe, E. Magnier, P. Minguez, G. Paek, A. Schultz, I. A. Smith, R. J. Wainscoat (IfA, University of Hawaii), S. J. Smartt, K. W. Smith (University of Oxford / Queen's University Belfast), S. Srivastav (University of Oxford), D. R. Young, M. Fulton, M. Nicholl, T. Moore, J. Weston, C. R. Angus (Queen's University Belfast)",8/28/25 23:52,PS25hds,2025TNSTR3420....1C,,8/28/25 23:52,8/28/25 23:52,
SN2025tgi,field12256-2025-07-23,field12256,J,C3,/mnt/photometry/SN2025tgi/field12256-2025-07-23/J/stack/coadd.Open-J.02737782-02737818.C3.fits,/mnt/photometry/SN2025tgi/field12256-2025-07-23/J/stack/GRB_J_C3_Data_VHS_02737818.ecsv,2025-08-02,8.58,Circle,60.0,1,10,48.0,315.35745,-14.33341,1.0,1.0,2.0,1.42,12.6,1.808,1.11914,0.70309,,,18.986,18.324,0.112,0.106,0.574,,19.044,,,,-0.146,,,-0.088,,0.135,2025-07-23,-10,sci,185571,SN,2025tgi,315.3572132,-14.3331999,0.07633,3.0,SN Ia,48,ZTF,48.0,ZTF,20.3354,111.0,r,"Jesper Sollerman (SU), Christoffer Fremling (Caltech), Daniel Perley (LJMU), Theophile du Laz (Caltech) on behalf of ZTF",8/5/25 11:18,"ZTF25abhilyd, GOTO25fvm, ATLAS25khj",2025TNSTR3086....1S,2025TNSCR3429....1G,8/5/25 11:18,8/28/25 17:02,
AT2025vxz,field15762-2025-08-18,field15762,J,C3,/mnt/photometry/AT2025vxz/field15762-2025-08-18/J/stack/coadd.Open-J.02865929-02865965.C3.fits,/mnt/photometry/AT2025vxz/field15762-2025-08-18/J/stack/GRB_J_C3_Data_VHS_02865965.ecsv,2025-08-23,8.58,Circle,60.0,1,10,48.0,23.75773,-0.64646,1.0,1.0,2.0,0.97,19.81,1.106,0.73073,0.14859,,,18.786,18.49,0.06,0.058,0.32,,18.658,,,,0.152,,,0.023,,0.086,2025-08-18,-5,sci,187388,AT,2025vxz,23.757542,-0.646369,,,,154,WFST,154.0,WFST,21.36,153.0,r,"Zelin Xu, Dezheng Meng, Ji-an Jiang, Weiyu Wu, Zhengyan Liu, Junhan Zhao, Ziqing Jia (USTC) on behalf of the WFST collaboration",8/28/25 9:04,WFST250823dkai,2025TNSTR3421....1X,,8/28/25 9:05,8/28/25 9:05,
AT2025vxw,field16077-2025-08-17,field16077,J,C1,/mnt/photometry/AT2025vxw/field16077-2025-08-17/J/stack/coadd.Open-J.02859166-02859202.C1.fits,/mnt/photometry/AT2025vxw/field16077-2025-08-17/J/stack/GRB_J_C1_Data_VHS_02859202.ecsv,2025-08-23,8.58,Circle,60.0,1,10,48.0,22.76089,1.27963,1.0,1.0,2.0,1.6,18.92,1.524,1.14317,0.42201,,,18.805,18.002,0.069,0.063,0.872,,18.844,,,,0.03,,,0.068,,0.08,2025-08-17,-6,sci,187385,AT,2025vxw,22.760708,1.279369,,,,154,WFST,154.0,WFST,21.64,153.0,r,"Zelin Xu, Dezheng Meng, Ji-an Jiang, Weiyu Wu, Zhengyan Liu, Junhan Zhao, Ziqing Jia (USTC) on behalf of the WFST collaboration",8/28/25 9:04,WFST250823cxwy,2025TNSTR3421....1X,,8/28/25 9:05,8/28/25 9:05,
AT2025vvs,field15774-2025-08-18,field15774,J,C3,/mnt/photometry/AT2025vvs/field15774-2025-08-18/J/stack/coadd.Open-J.02866409-02866445.C3.fits,/mnt/photometry/AT2025vvs/field15774-2025-08-18/J/stack/GRB_J_C3_Data_VHS_02866445.ecsv,2025-08-20,8.58,Circle,60.0,1,10,48.0,37.62561,-0.68772,2.0,1.0,2.0,1.36,30.93,1.096,1.61326,0.03592,,,18.405,17.641,0.045,0.059,0.811,,18.714,,,,-0.262,,,0.048,,0.06,2025-08-18,-2,sci,187329,AT,2025vvs,37.626,-0.687939,,,,154,WFST,154.0,WFST,22.15,152.0,g,"Zelin Xu, Dezheng Meng, Ji-an Jiang, Weiyu Wu, Zhengyan Liu, Junhan Zhao, Ziqing Jia (USTC) on behalf of the WFST collaboration",8/28/25 9:04,WFST250820nbba,2025TNSTR3421....1X,,8/28/25 9:04,8/28/25 9:04,
AT2025vtg,field15774-2025-08-18,field15774,J,C1,/mnt/photometry/AT2025vtg/field15774-2025-08-18/J/stack/coadd.Open-J.02866409-02866445.C1.fits,/mnt/photometry/AT2025vtg/field15774-2025-08-18/J/stack/GRB_J_C1_Data_VHS_02866445.ecsv,2025-08-20,8.58,Circle,60.0,1,10,48.0,37.82674,-0.17965,1.0,1.0,2.0,1.09,23.03,1.323,0.5783,0.14525,,,18.744,18.261,0.053,0.063,0.619,,19.078,,,,-0.198,,,0.135,,0.064,2025-08-18,-2,sci,187265,AT,2025vtg,37.826583,-0.179675,,,,154,WFST,154.0,WFST,22.63,152.0,g,"Zelin Xu, Dezheng Meng, Ji-an Jiang, Weiyu Wu, Zhengyan Liu, Junhan Zhao, Ziqing Jia (USTC) on behalf of the WFST collaboration",8/28/25 9:03,WFST250820nbvi,2025TNSTR3421....1X,,8/28/25 9:03,8/28/25 9:03,
AT2025vtc,field15766-2025-08-18,field15766,J,C2,/mnt/photometry/AT2025vtc/field15766-2025-08-18/J/stack/coadd.Open-J.02866089-02866125.C2.fits,/mnt/photometry/AT2025vtc/field15766-2025-08-18/J/stack/GRB_J_C2_Data_VHS_02866125.ecsv,2025-08-20,8.58,Circle,60.0,1,10,48.0,29.31356,0.25532,1.0,1.0,2.0,1.53,33.68,1.851,0.79964,0.22607,,,18.178,17.167,0.047,0.086,1.074,,18.413,,,,-0.171,,,0.063,,0.089,2025-08-18,-2,sci,187261,AT,2025vtc,29.31375,0.255203,,,,154,WFST,154.0,WFST,21.84,152.0,g,"Zelin Xu, Dezheng Meng, Ji-an Jiang, Weiyu Wu, Zhengyan Liu, Junhan Zhao, Ziqing Jia (USTC) on behalf of the WFST collaboration",8/28/25 9:03,WFST250820lgdx,2025TNSTR3421....1X,,8/28/25 9:03,8/28/25 9:03,
SN2025tsw,field11102-2025-08-06,field11102,J,C4,/mnt/photometry/SN2025tsw/field11102-2025-08-06/J/stack/coadd.Open-J.02805634-02805670.C4.fits,/mnt/photometry/SN2025tsw/field11102-2025-08-06/J/stack/GRB_J_C4_Data_VHS_02805670.ecsv,2025-08-13,8.58,Circle,60.0,1,10,48.0,32.85756,-17.76309,1.0,2.0,2.0,1.41,60.61,1.241,0.97681,0.02664,,,17.387,16.601,0.024,0.045,0.866,,17.485,,,,-0.018,,,0.079,,0.028,2025-08-06,-7,sci,185899,SN,2025tsw,32.8577104,-17.7633238,0.065,3.0,SN Ia,48,ZTF,48.0,ZTF,18.2292,111.0,r,"Nabeel Rehemtulla (CIERA, NU), Wynn Jacobson-Galán (Caltech), Theophile du Laz (Caltech) on behalf of ZTF",8/13/25 11:37,ZTF25abikgia,2025TNSTR3187....1R,2025TNSCR3382....1G,8/13/25 11:37,8/26/25 19:17,
AT2025vma,field1702-2025-08-25,field1702,J,C2,/mnt/photometry/AT2025vma/field1702-2025-08-25/J/stack/coadd.Open-J.02890297-02890333.C2.fits,/mnt/photometry/AT2025vma/field1702-2025-08-25/J/stack/GRB_J_C2_Data_VHS_02890333.ecsv,2025-08-23,8.58,Circle,60.0,1,10,48.0,11.37942,-62.74425,1.0,2.0,2.0,2.0,79.73,1.398,0.41064,0.09407,,,16.6,15.83,0.021,0.077,0.992,,16.724,,,,0.099,,,0.223,,0.022,2025-08-25,2,sci,187075,AT,2025vma,11.37961786,-62.74417714,,,,18,ATLAS,18.0,ATLAS,18.966,72.0,orange,"J. Tonry, L. Denneau, H. Weiland, R. Siverd (IfA, University of Hawaii), N. Erasmus, W. Koorts (South African Astronomical Observatory), A. Jordan, V. Suc (UAI, Obstech), M. R. Alarcón, J. Licandro, P. Nichita (IAC), S. J. Smartt, K. W. Smith (Oxford/QUB), D. R. Young, M. Nicholl, M. Fulton, M. McCollum, T. Moore, J. Weston, X. Sheng, C. R. Angus, A. Wilson, A. Aamer, D. Magill (QUB), P. Ramsden (Birmingham/QUB), L. Shingles (GSI/QUB), S. Srivastav, J. H. Gillanders, H. Stevance, A. J. Cooper, F. Stoppa, J. Tweddle (Oxford), L. Rhodes (TSI/McGill), A. Rest (STScI), T.-W. Chen (NCU), C. Stubbs (Harvard), J. S. Sommer (LMU), B. P. Schmidt (ANU)",8/26/25 10:08,"ATLAS25kkp, GOTO25gsv",2025TNSTR3375....1T,,8/26/25 10:08,8/26/25 10:08,
AT2025vhi,field15121-2025-08-30,field15121,J,C3,/mnt/photometry/AT2025vhi/field15121-2025-08-30/J/stack/coadd.Open-J.02917066-02917102.C3.fits,/mnt/photometry/AT2025vhi/field15121-2025-08-30/J/stack/GRB_J_C3_Data_VHS_02917102.ecsv,2025-08-24,8.58,Circle,60.0,1,10,48.0,13.94377,-2.89561,0.0,0.0,0.0,1.9,21.66,1.754,0.39306,-1.0,,,18.532,17.529,0.066,0.069,99.0,,18.722,,,,99.0,,,99.0,,0.067,2025-08-30,6,sci,186953,AT,2025vhi,13.94379333,-2.8955,,,,18,ATLAS,18.0,ATLAS,20.008,72.0,orange,"J. Tonry, L. Denneau, H. Weiland, R. Siverd (IfA, University of Hawaii), N. Erasmus, W. Koorts (South African Astronomical Observatory), A. Jordan, V. Suc (UAI, Obstech), M. R. Alarcón, J. Licandro, P. Nichita (IAC), S. J. Smartt, K. W. Smith (Oxford/QUB), D. R. Young, M. Nicholl, M. Fulton, M. McCollum, T. Moore, J. Weston, X. Sheng, C. R. Angus, A. Wilson, A. Aamer, D. Magill (QUB), P. Ramsden (Birmingham/QUB), L. Shingles (GSI/QUB), S. Srivastav, J. H. Gillanders, H. Stevance, A. J. Cooper, F. Stoppa, J. Tweddle (Oxford), L. Rhodes (TSI/McGill), A. Rest (STScI), T.-W. Chen (NCU), C. Stubbs (Harvard), J. S. Sommer (LMU), B. P. Schmidt (ANU)",8/24/25 13:49,ATLAS25khz,2025TNSTR3350....1T,,8/24/25 13:49,8/24/25 13:49,
AT2025vdr,field1842-2025-08-26,field1842,J,C1,/mnt/photometry/AT2025vdr/field1842-2025-08-26/J/stack/coadd.Open-J.02896558-02896594.C1.fits,/mnt/photometry/AT2025vdr/field1842-2025-08-26/J/stack/GRB_J_C1_Data_VHS_02896594.ecsv,2025-08-23,8.58,Circle,60.0,1,10,48.0,356.77002,-62.5642,0.0,0.0,0.0,1.62,19.39,1.074,0.24577,-1.0,,,18.786,17.835,0.077,0.073,99.0,,18.796,,,,99.0,,,99.0,,0.093,2025-08-26,3,sci,186858,AT,2025vdr,356.7701388,-62.5642425,,,,18,ATLAS,18.0,ATLAS,18.487,72.0,orange,"J. Tonry, L. Denneau, H. Weiland, R. Siverd (IfA, University of Hawaii), N. Erasmus, W. Koorts (South African Astronomical Observatory), A. Jordan, V. Suc (UAI, Obstech), M. R. Alarcón, J. Licandro, P. Nichita (IAC), S. J. Smartt, K. W. Smith (Oxford/QUB), D. R. Young, M. Nicholl, M. Fulton, M. McCollum, T. Moore, J. Weston, X. Sheng, C. R. Angus, A. Wilson, A. Aamer, D. Magill (QUB), P. Ramsden (Birmingham/QUB), L. Shingles (GSI/QUB), S. Srivastav, J. H. Gillanders, H. Stevance, A. J. Cooper, F. Stoppa, J. Tweddle (Oxford), L. Rhodes (TSI/McGill), A. Rest (STScI), T.-W. Chen (NCU), C. Stubbs (Harvard), J. S. Sommer (LMU), B. P. Schmidt (ANU)",8/23/25 15:01,"ATLAS25kft, GOTO25goa",2025TNSTR3331....1T,,8/23/25 15:01,8/23/25 15:01,
AT2025uwp,field8434-2025-06-29,field8434,J,C1,/mnt/photometry/AT2025uwp/field8434-2025-06-29/J/stack/coadd.Open-J.02633750-02633786.C1.fits,/mnt/photometry/AT2025uwp/field8434-2025-06-29/J/stack/GRB_J_C1_Data_VIKING_02633786.ecsv,2025-06-24,8.58,Circle,60.0,1,10,48.0,333.87835,-28.5342,2.0,2.0,2.0,0.93,39.89,1.089,0.31317,0.13219,,,17.699,17.606,0.031,0.025,0.393,,17.695,,,,0.304,,,0.3,,0.036,2025-06-29,5,sci,186674,AT,2025uwp,333.8783022,-28.5341229,,,,48,ZTF,48.0,ZTF,20.1998,111.0,r,"Jesper Sollerman (SU), Christoffer Fremling (Caltech), Daniel Perley (LJMU), Theophile du Laz (Caltech) on behalf of ZTF",8/22/25 10:26,ZTF25aaxfirq,2025TNSTR3324....1S,,8/22/25 10:26,8/22/25 10:26,
AT2025ukj,field10633-2025-04-27,field10633,J,C1,/mnt/photometry/AT2025ukj/field10633-2025-04-27/J/stack/coadd.Open-J.02358122-02358158.C1.fits,/mnt/photometry/AT2025ukj/field10633-2025-04-27/J/stack/GRB_J_C1_Data_VHS_02358158.ecsv,2025-05-03,8.58,Circle,60.0,1,10,48.0,188.32483,-19.61416,1.0,1.0,2.0,1.56,11.93,1.155,0.83385,0.4251,,,19.301,18.438,0.119,0.108,1.252,,19.463,,,,0.227,,,0.389,,0.122,2025-04-27,-6,sci,186355,AT,2025ukj,188.3245866,-19.61420799,,,,4,Pan-STARRS,4.0,Pan-STARRS,20.38,26.0,w,"K. C. Chambers, T. de Boer, J. Fairlamb, M. Huber, C.-C. Lin, T. Lowe, E. Magnier, P. Minguez, G. Paek, A. Schultz, I. A. Smith, R. J. Wainscoat (IfA, University of Hawaii), S. J. Smartt, K. W. Smith (University of Oxford / Queen's University Belfast), S. Srivastav (University of Oxford), D. R. Young, M. Fulton, M. Nicholl, T. Moore, J. Weston, C. R. Angus (Queen's University Belfast)",8/17/25 23:09,PS25gph,2025TNSTR3244....1C,,8/17/25 23:09,8/17/25 23:09,
AT2025uap,field9007-2025-07-07,field9007,J,C1,/mnt/photometry/AT2025uap/field9007-2025-07-07/J/stack/coadd.Open-J.02655454-02655490.C1.fits,/mnt/photometry/AT2025uap/field9007-2025-07-07/J/stack/GRB_J_C1_Data_VHS_02655490.ecsv,2025-07-20,8.58,Circle,60.0,1,10,48.0,344.68901,-26.15386,0.0,0.0,0.0,1.09,174.2,1.269,0.21929,-1.0,,,15.514,15.096,0.007,0.016,99.0,,15.456,,,,99.0,,,99.0,,0.007,2025-07-07,-13,sci,186100,AT,2025uap,344.6889474,-26.1538417,,,,48,ZTF,48.0,ZTF,19.0463,111.0,r,"Jesper Sollerman (SU), Christoffer Fremling (Caltech), Daniel Perley (LJMU), Theophile du Laz (Caltech) on behalf of ZTF",8/16/25 14:22,ZTF25abijxet,2025TNSTR3231....1S,,8/16/25 14:22,8/16/25 14:22,
AT2025tpw,field10058-2025-06-11,field10058,J,C4,/mnt/photometry/AT2025tpw/field10058-2025-06-11/J/stack/coadd.Open-J.02558350-02558386.C4.fits,/mnt/photometry/AT2025tpw/field10058-2025-06-11/J/stack/GRB_J_C4_Data_VHS_02558386.ecsv,2025-05-29,8.58,Circle,60.0,1,10,48.0,210.28672,-22.09045,3.0,0.0,0.0,1.55,11.23,1.422,1.06196,-1.0,,,19.431,18.564,0.13,0.123,99.0,,19.53,,,,99.0,,,99.0,,0.123,2025-06-11,13,sci,185820,AT,2025tpw,210.2870336,-22.09040079,,,,4,Pan-STARRS,4.0,Pan-STARRS,20.95,26.0,w,"K. C. Chambers, T. de Boer, J. Fairlamb, M. Huber, C.-C. Lin, T. Lowe, E. Magnier, P. Minguez, G. Paek, A. Schultz, I. A. Smith, R. J. Wainscoat (IfA, University of Hawaii), S. J. Smartt, K. W. Smith (University of Oxford / Queen's University Belfast), S. Srivastav (University of Oxford), D. R. Young, M. Fulton, M. Nicholl, T. Moore, J. Weston, C. R. Angus (Queen's University Belfast)",8/12/25 8:49,PS25gha,2025TNSTR3162....1C,,8/12/25 8:49,8/12/25 8:49,
AT2025hsw,field12444-2025-04-14,field12444,J,C2,/mnt/photometry/AT2025hsw/field12444-2025-04-14/J/stack/coadd.Open-J.02302923-02302959.C2.fits,/mnt/photometry/AT2025hsw/field12444-2025-04-14/J/stack/GRB_J_C2_Data_VHS_02302959.ecsv,2025-04-15,8.58,Circle,60.0,1,10,48.0,175.35179,-12.73171,2.0,2.0,2.0,1.03,14.55,1.264,0.59669,0.16419,,,18.537,18.62,0.085,0.067,0.365,,18.607,,,,0.378,,,0.448,,0.094,2025-04-14,-1,sci,177496,AT,2025hsw,175.3516825,-12.73183843,,,,48,ZTF,48.0,ZTF,19.1491,110.0,g,"Jesper Sollerman (SU), Christoffer Fremling (Caltech), Daniel Perley (LJMU), Theophile du Laz (Caltech) on behalf of ZTF",4/20/25 5:57,"ZTF25aanblkq, ATLAS25dzq, GOTO25ccj, PS25ggp",2025TNSTR1454....1S,,4/20/25 5:57,8/11/25 22:45,
AT2025roz,field11385-2025-07-16,field11385,J,C1,/mnt/photometry/AT2025roz/field11385-2025-07-16/J/stack/coadd.Open-J.02706418-02706454.C1.fits,/mnt/photometry/AT2025roz/field11385-2025-07-16/J/stack/GRB_J_C1_Data_2MASS_02706454.ecsv,2025-07-13,8.58,Circle,60.0,1,10,48.0,9.23619,-16.20278,3.0,3.0,3.0,0.98,8.76,1.792,0.15568,-1.0,,,19.903,19.613,0.15,0.127,99.0,,19.916,,,,99.0,,,99.0,,0.19,2025-07-16,3,sci,184384,AT,2025roz,9.236149556,-16.20277141,,,,48,ZTF,48.0,ZTF,19.5187,111.0,r,"Jesper Sollerman (SU), Christoffer Fremling (Caltech), Daniel Perley (LJMU), Theophile du Laz (Caltech) on behalf of ZTF",7/20/25 18:43,"ZTF25abcgvjy, ATLAS25ibn, GOTO25fnq, PS25fsx, ",2025TNSTR2791....1S,,7/20/25 18:43,8/2/25 18:15,
AT2025szq,field12316-2025-07-25,field12316,J,C1,/mnt/photometry/AT2025szq/field12316-2025-07-25/J/stack/coadd.Open-J.02747862-02747898.C1.fits,/mnt/photometry/AT2025szq/field12316-2025-07-25/J/stack/GRB_J_C1_Data_VHS_02747898.ecsv,2025-07-29,8.58,Circle,60.0,1,10,48.0,25.85452,-12.68112,3.0,3.0,3.0,0.71,8.34,1.228,0.57509,-1.0,,,19.77,19.879,0.153,0.129,99.0,,19.932,,,,99.0,,,99.0,,0.212,2025-07-25,-4,sci,185382,AT,2025szq,25.854676,-12.6811731,,,,48,ZTF,48.0,ZTF,19.293,111.0,r,"Daniel Perley (LJMU), Christoffer Fremling (Caltech), Theophile du Laz (Caltech) on behalf of ZTF",8/2/25 17:27,ZTF25abcblkk,2025TNSTR3043....1P,,8/2/25 17:27,8/2/25 17:27,
AT2025swv,field11084-2025-08-06,field11084,J,C1,/mnt/photometry/AT2025swv/field11084-2025-08-06/J/stack/coadd.Open-J.02806074-02806110.C1.fits,/mnt/photometry/AT2025swv/field11084-2025-08-06/J/stack/GRB_J_C1_Data_2MASS_02806110.ecsv,2025-07-31,8.58,Circle,60.0,1,10,48.0,10.82637,-17.21629,3.0,3.0,3.0,1.76,52.69,1.631,1.53138,-1.0,,,18.076,17.009,0.031,0.056,99.0,,18.268,,,,99.0,,,99.0,,0.031,2025-08-06,6,sci,185309,AT,2025swv,10.8267834,-17.216132,,,,74,ALeRCE,48.0,ZTF,19.8998,111.0,r,"A. Munoz-Arancibia, F.E. Bauer, G. Pignata, F. Forster, A. Mourao, S. Jurado, L. Hernandez-Garcia, L. Galbany, J. Silva-Farfan, R. Dastidar, J.P. Brandt, A. Alvarez, F. Andrades, G. Cabrera-Vives, R. Carrasco-Davis, P.A. Estevez, P. Huijse, H. Larranaga, C. Mansilla, K. Medina, D. Moreno, E. Munoz, I. Reyes, P. Sanchez-Saez, D. Rodriguez-Mancini, M. Catelan, S. Eyheramendy, M.J. Graham on behalf of the ALeRCE broker",8/1/25 17:10,ZTF25abfmeee,2025TNSTR3021....1M,,8/1/25 17:10,8/1/25 17:10,
AT2025rkt,field11974-2025-07-22,field11974,J,C3,/mnt/photometry/AT2025rkt/field11974-2025-07-22/J/stack/coadd.Open-J.02731890-02731926.C3.fits,/mnt/photometry/AT2025rkt/field11974-2025-07-22/J/stack/GRB_J_C3_Data_VHS_02731926.ecsv,2025-07-18,8.58,Circle,60.0,1,10,48.0,344.59798,-15.24678,1.0,1.0,2.0,1.39,15.18,1.48,0.49316,0.32596,,,19.131,18.507,0.087,0.082,0.698,,19.305,,,,-0.1,,,0.073,,0.117,2025-07-22,4,sci,184271,AT,2025rkt,344.597849,-15.24684715,,,,59,GOTO,59.0,GOTO,19.66,120.0,L,"A. Kumar, D. O'Neill, K. Ackley, M. Dyer, J. Lyman, K. Ulaczyk, D. Steeghs, D. Galloway, V. Dhillon, P. O'Brien, G. Ramsay, K. Noysena, R. Kotak, R. Breton, J. Casares, L. Nuttall, B. Godson, T. Killestein, M. Pursiainen, on behalf of GOTO collaboration",7/18/25 17:53,"GOTO25fax, ATLAS25ijz, PS25foe",2025TNSTR2750....1K,,7/18/25 17:53,7/31/25 14:45,
AT2025smc,field12924-2025-07-27,field12924,J,C1,/mnt/photometry/AT2025smc/field12924-2025-07-27/J/stack/coadd.Open-J.02763034-02763070.C1.fits,/mnt/photometry/AT2025smc/field12924-2025-07-27/J/stack/GRB_J_C1_Data_2MASS_02763070.ecsv,2025-07-28,8.58,Circle,60.0,1,10,48.0,12.53593,-10.10437,2.0,1.0,2.0,2.9,178.65,1.092,0.85915,0.15587,,,16.399,14.64,0.014,0.041,1.36,,16.43,,,,-0.43,,,-0.399,,0.01,2025-07-27,-1,sci,185018,AT,2025smc,12.53612161,-10.104224,,,,139,LAST,139.0,LAST,18.68,1.0,Clear,"E. O. Ofek (WIS), R. Konno (WIS), E. A. Zimmerman (WIS), A. Horowicz (WIS), S. Garrappa (WIS), S. Ben-Ami (WIS), D. Polishook (WIS), O. Yaron (WIS), P. Chen (WIS), A. Krassilchtchikov (WIS), Y. M. Shani (WIS), E. Segre (WIS), A. Gal-Yam (WIS), S. Spitzer (WIS), and K. Rybicki (WIS) on behalf of the LAST Collaboration",7/28/25 5:01,,2025TNSTR2950....1O,,7/28/25 5:01,7/28/25 5:01,
AT2025rxk,field12267-2025-07-23,field12267,J,C1,/mnt/photometry/AT2025rxk/field12267-2025-07-23/J/stack/coadd.Open-J.02738222-02738258.C1.fits,/mnt/photometry/AT2025rxk/field12267-2025-07-23/J/stack/GRB_J_C1_Data_VHS_02738258.ecsv,2025-07-19,8.58,Circle,60.0,1,10,48.0,328.21233,-13.7654,2.0,2.0,2.0,1.3,124.13,1.089,0.14402,0.04006,,,16.31,15.853,0.012,0.018,0.75,,16.262,,,,0.341,,,0.293,,0.011,2025-07-23,4,sci,184633,AT,2025rxk,328.2123656,-13.7653846,,,,48,ZTF,48.0,ZTF,19.5606,110.0,g,"Jesper Sollerman (SU), Christoffer Fremling (Caltech), Daniel Perley (LJMU), Theophile du Laz (Caltech) on behalf of ZTF",7/23/25 8:12,ZTF25abcavau,2025TNSTR2856....1S,,7/23/25 8:12,7/23/25 8:12,
AT2025rrj,field11950-2025-07-20,field11950,J,C2,/mnt/photometry/AT2025rrj/field11950-2025-07-20/J/stack/coadd.Open-J.02726138-02726174.C2.fits,/mnt/photometry/AT2025rrj/field11950-2025-07-20/J/stack/GRB_J_C2_Data_VHS_02726174.ecsv,2025-07-07,8.58,Circle,60.0,1,10,48.0,316.97419,-14.76262,2.0,2.0,2.0,2.87,83.58,1.437,0.94178,0.0559,,,16.61,15.227,0.018,0.029,1.488,,16.606,,,,0.109,,,0.104,,0.022,2025-07-20,13,sci,184447,AT,2025rrj,316.9740791,-14.76285633,,,,114,DESIRT,114.0,DESIRT,21.0462,22.0,r,"Xander J. Hall (Carnegie Mellon U.), Lei Hu (Carnegie Mellon U.), Antonella Palmese (Carnegie Mellon U.), Brendan O'Connor (Carnegie Mellon U.), Yuhan Chen (UC Berkeley), Aidan Catalano (Carnegie Mellon U.), Xingzhuo Chen (Texas A&M U.), Lifan Wang (Texas A&M U.), Tomás Cabrera (Carnegie Mellon U.), Keerthi Kunnumkai (Carnegie Mellon U.) on behalf of the DECam DESI Transients Survey team",7/21/25 0:25,C202506092107538m144546,2025TNSTR2800....1H,,7/21/25 0:26,7/21/25 0:26,
AT2025rnf,field10444-2025-07-13,field10444,J,C3,/mnt/photometry/AT2025rnf/field10444-2025-07-13/J/stack/coadd.Open-J.02684334-02684370.C3.fits,/mnt/photometry/AT2025rnf/field10444-2025-07-13/J/stack/GRB_J_C3_Data_VHS_02684370.ecsv,2025-07-19,8.58,Circle,60.0,1,10,48.0,320.05988,-21.26543,2.0,2.0,2.0,2.68,83.86,1.27,1.81694,0.10949,,,17.085,15.752,0.025,0.028,1.711,,16.875,,,,0.587,,,0.378,,0.02,2025-07-13,-6,sci,184336,AT,2025rnf,320.0593386,-21.2654737,,,,74,ALeRCE,48.0,ZTF,19.3822,111.0,r,"F. Forster, F.E. Bauer, G. Pignata, A. Munoz-Arancibia, A. Mourao, L. Hernandez-Garcia, L. Galbany, J. Silva-Farfan, R. Dastidar, J.P. Brandt, A. Alvarez, G. Cabrera-Vives, R. Carrasco-Davis, P.A. Estevez, B. Gamboa, P. Huijse, H. Larranaga, C. Mansilla, K. Medina, D. Moreno, E. Munoz, E. Pizarro, I. Reyes, P. Sanchez-Saez, D. Rodriguez-Mancini, M. Catelan, S. Eyheramendy, M.J. Graham on behalf of the ALeRCE broker",7/19/25 19:27,"ZTF25abbokdy, ATLAS25icj",2025TNSTR2767....1F,,7/19/25 19:27,7/19/25 19:27,
SN2025qaz,field9848-2025-06-12,field9848,J,C4,/mnt/photometry/SN2025qaz/field9848-2025-06-12/J/stack/coadd.Open-J.02572114-02572150.C4.fits,/mnt/photometry/SN2025qaz/field9848-2025-06-12/J/stack/GRB_J_C4_Data_VHS_02572150.ecsv,2025-06-28,8.58,Circle,60.0,1,10,48.0,312.61359,-23.3471,1.0,1.0,2.0,1.6,34.14,1.387,1.47749,0.26385,,,17.844,16.696,0.056,0.078,1.274,,17.958,,,,0.012,,,0.127,,0.107,2025-06-12,-16,sci,183282,SN,2025qaz,312.6136216,-23.34668593,0.1,3.0,SN Ia,48,ZTF,48.0,ZTF,20.1585,111.0,r,"Jesper Sollerman (SU), Christoffer Fremling (Caltech), Daniel Perley (LJMU), Theophile du Laz (Caltech) on behalf of ZTF",7/2/25 10:08,"ZTF25aayxhar, ATLAS25gwp, PS25esr",2025TNSTR2526....1S,2025TNSCR2747....1Q,7/2/25 10:08,7/17/25 7:33,
AT2025qzd,field11543-2025-04-02,field11543,J,C3,/mnt/photometry/AT2025qzd/field11543-2025-04-02/J/stack/coadd.Open-J.02269969-02270005.C3.fits,/mnt/photometry/AT2025qzd/field11543-2025-04-02/J/stack/GRB_J_C3_Data_VHS_02270005.ecsv,2025-04-02,8.58,Circle,60.0,1,10,48.0,196.39313,-16.44325,0.0,0.0,0.0,1.05,8.51,1.647,1.47365,-1.0,,,19.267,19.417,0.163,0.329,99.0,,18.63,,,,99.0,,,99.0,,0.161,2025-04-02,0,sci,183919,AT,2025qzd,196.3927406,-16.44309268,,,,4,Pan-STARRS,4.0,Pan-STARRS,20.46,26.0,w,"K. C. Chambers, T. de Boer, J. Fairlamb, M. Huber, C.-C. Lin, T. Lowe, E. Magnier, P. Minguez, G. Paek, A. Schultz, I. A. Smith, R. J. Wainscoat (IfA, University of Hawaii), S. J. Smartt, K. W. Smith (University of Oxford / Queen's University Belfast), S. Srivastav (University of Oxford), D. R. Young, M. Fulton, M. Nicholl, T. Moore, J. Weston, C. R. Angus (Queen's University Belfast)",7/12/25 20:27,PS25fau,2025TNSTR2663....1C,,7/12/25 20:27,7/12/25 20:27,
AT2025qun,field9848-2025-06-12,field9848,J,C2,/mnt/photometry/AT2025qun/field9848-2025-06-12/J/stack/coadd.Open-J.02572114-02572150.C2.fits,/mnt/photometry/AT2025qun/field9848-2025-06-12/J/stack/GRB_J_C2_Data_VHS_02572150.ecsv,2025-05-25,8.58,Circle,60.0,1,10,48.0,312.30516,-22.9363,1.0,2.0,2.0,2.12,22.29,2.226,0.99404,0.55184,,,17.893,16.709,0.062,0.136,1.44,,18.534,,,,-0.385,,,0.256,,0.048,2025-06-12,18,sci,183799,AT,2025qun,312.3048948,-22.93643353,,,,4,Pan-STARRS,4.0,Pan-STARRS,20.96,26.0,w,"K. C. Chambers, T. de Boer, J. Fairlamb, M. Huber, C.-C. Lin, T. Lowe, E. Magnier, P. Minguez, G. Paek, A. Schultz, I. A. Smith, R. J. Wainscoat (IfA, University of Hawaii), S. J. Smartt, K. W. Smith (University of Oxford / Queen's University Belfast), S. Srivastav (University of Oxford), D. R. Young, M. Fulton, M. Nicholl, T. Moore, J. Weston, C. R. Angus (Queen's University Belfast)",7/11/25 12:38,PS25euy,2025TNSTR2650....1C,,7/11/25 12:38,7/11/25 12:38,
AT2025qsr,field8428-2025-06-29,field8428,J,C3,/mnt/photometry/AT2025qsr/field8428-2025-06-29/J/stack/coadd.Open-J.02633510-02633546.C3.fits,/mnt/photometry/AT2025qsr/field8428-2025-06-29/J/stack/GRB_J_C3_Data_VHS_02633546.ecsv,2025-07-01,8.58,Circle,60.0,1,10,48.0,326.41202,-29.33992,1.0,1.0,2.0,1.4,35.84,1.309,0.1299,0.10444,,,17.974,17.387,0.038,0.036,0.664,,17.939,,,,0.112,,,0.077,,0.046,2025-06-29,-2,sci,183751,AT,2025qsr,326.4119897,-29.33989978,,,,4,Pan-STARRS,4.0,Pan-STARRS,20.35,26.0,w,"K. C. Chambers, T. de Boer, J. Fairlamb, M. Huber, C.-C. Lin, T. Lowe, E. Magnier, P. Minguez, G. Paek, A. Schultz, I. A. Smith, R. J. Wainscoat (IfA, University of Hawaii), S. J. Smartt, K. W. Smith (University of Oxford / Queen's University Belfast), S. Srivastav (University of Oxford), D. R. Young, M. Fulton, M. Nicholl, T. Moore, J. Weston, C. R. Angus (Queen's University Belfast)",7/10/25 8:58,PS25etu,2025TNSTR2642....1C,,7/10/25 8:58,7/10/25 8:58,
AT2025lmk,field10952-2025-05-03,field10952,J,C2,/mnt/photometry/AT2025lmk/field10952-2025-05-03/J/stack/coadd.Open-J.02376133-02376169.C2.fits,/mnt/photometry/AT2025lmk/field10952-2025-05-03/J/stack/GRB_J_C2_Data_VHS_02376169.ecsv,2025-05-20,8.58,Circle,60.0,1,10,48.0,213.0149,-18.1125,1.0,2.0,2.0,1.27,77.84,1.639,1.87415,0.56967,,,16.759,16.094,0.017,0.029,0.781,,16.914,,,,-0.038,,,0.116,,0.02,2025-05-03,-17,sci,180145,AT,2025lmk,213.0151977,-18.11206705,,,,114,DESIRT,114.0,DESIRT,20.3014,22.0,r,"Xander J. Hall (Carnegie Mellon U.), Tomás Ahumada (Caltech), Lei Hu (Carnegie Mellon U.), Antonella Palmese (Carnegie Mellon U.), Brendan O'Connor (Carnegie Mellon U.), Tomás Cabrera (Carnegie Mellon U.), Keerthi Kunnumkai (Carnegie Mellon U.) on behalf of 2DTS/ZTF",5/23/25 21:13,"T202505201412037m180644, PS25erl",2025TNSTR1913....1H,,5/23/25 21:13,7/8/25 20:33,
AT2025qmj,field13806-2025-06-11,field13806,J,C2,/mnt/photometry/AT2025qmj/field13806-2025-06-11/J/stack/coadd.Open-J.02564578-02564614.C2.fits,/mnt/photometry/AT2025qmj/field13806-2025-06-11/J/stack/GRB_J_C2_Data_VHS_02564614.ecsv,2025-06-30,8.58,Circle,60.0,1,10,48.0,311.27094,-8.12969,1.0,2.0,2.0,1.28,88.97,2.262,0.64113,0.07179,,,16.598,15.936,0.015,0.035,0.834,,16.815,,,,-0.045,,,0.172,,0.016,2025-06-11,-19,sci,183584,AT,2025qmj,311.2711175,-8.1296756,,,,48,ZTF,48.0,ZTF,20.8956,111.0,r,"Jesper Sollerman (SU), Christoffer Fremling (Caltech), Daniel Perley (LJMU), Theophile du Laz (Caltech) on behalf of ZTF",7/6/25 14:26,"ZTF25aazofjn, ATLAS25hzj",2025TNSTR2585....1S,,7/6/25 14:26,7/6/25 14:26,
AT2025qfa,field11944-2025-07-20,field11944,J,C1,/mnt/photometry/AT2025qfa/field11944-2025-07-20/J/stack/coadd.Open-J.02725898-02725934.C1.fits,/mnt/photometry/AT2025qfa/field11944-2025-07-20/J/stack/GRB_J_C1_Data_VHS_.C1.alig.ecsv,2025-07-03,8.58,Circle,60.0,1,10,48.0,309.12096,-14.81369,2.0,2.0,2.0,2.91,77.36,1.868,1.82881,0.34414,,,16.847,15.364,0.022,0.031,1.713,,16.749,,,,0.327,,,0.23,,0.027,2025-07-20,17,sci,183389,AT,2025qfa,309.1214383,-14.8134678,,,,74,ALeRCE,48.0,ZTF,19.941,110.0,g,"A. Munoz-Arancibia, F.E. Bauer, G. Pignata, F. Forster, A. Mourao, S. Jurado, L. Hernandez-Garcia, L. Galbany, J. Silva-Farfan, R. Dastidar, J.P. Brandt, A. Alvarez, F. Andrades, G. Cabrera-Vives, R. Carrasco-Davis, P.A. Estevez, P. Huijse, H. Larranaga, C. Mansilla, K. Medina, D. Moreno, E. Munoz, I. Reyes, P. Sanchez-Saez, D. Rodriguez-Mancini, M. Catelan, S. Eyheramendy, M.J. Graham on behalf of the ALeRCE broker",7/3/25 18:36,ZTF25aayyjui,2025TNSTR2531....1M,,7/3/25 18:36,7/3/25 18:36,
AT2025puo,field8891-2025-04-11,field8891,J,C4,/mnt/photometry/AT2025puo/field8891-2025-04-11/J/stack/coadd.Open-J.02289523-02289559.C4.fits,/mnt/photometry/AT2025puo/field8891-2025-04-11/J/stack/GRB_J_C4_Data_VHS_02289559.ecsv,2025-04-25,8.58,Circle,60.0,1,10,48.0,198.51039,-27.0947,1.0,1.0,2.0,2.06,30.94,1.291,0.65373,1.88949,,,18.231,16.896,0.058,0.07,1.426,,18.342,,,,-0.02,,,0.092,,0.072,2025-04-11,-14,sci,183114,AT,2025puo,198.5102551,-27.09456979,,,,4,Pan-STARRS,4.0,Pan-STARRS,20.23,26.0,w,"K. C. Chambers, T. de Boer, J. Fairlamb, M. Huber, C.-C. Lin, T. Lowe, E. Magnier, P. Minguez, G. Paek, A. Schultz, I. A. Smith, R. J. Wainscoat (IfA, University of Hawaii), S. J. Smartt, K. W. Smith (University of Oxford / Queen's University Belfast), S. Srivastav (University of Oxford), D. R. Young, M. Fulton, M. Nicholl, T. Moore, J. Weston, C. R. Angus (Queen's University Belfast)",7/1/25 9:48,PS25ecl,2025TNSTR2511....1C,,7/1/25 9:48,7/1/25 9:48,
AT2025ptz,field11832-2025-04-04,field11832,J,C2,/mnt/photometry/AT2025ptz/field11832-2025-04-04/J/stack/coadd.Open-J.02276509-02276545.C2.fits,/mnt/photometry/AT2025ptz/field11832-2025-04-04/J/stack/GRB_J_C2_Data_VHS_02276545.ecsv,2025-03-28,8.58,Circle,60.0,1,10,48.0,178.30267,-14.88361,1.0,1.0,2.0,1.25,9.96,1.758,2.94625,0.43637,,,19.242,18.746,0.123,0.114,0.439,,19.485,,,,-0.301,,,-0.058,,0.126,2025-04-04,7,sci,183099,AT,2025ptz,178.3021986,-14.88429145,,,,4,Pan-STARRS,4.0,Pan-STARRS,21.6,26.0,w,"K. C. Chambers, T. de Boer, J. Fairlamb, M. Huber, C.-C. Lin, T. Lowe, E. Magnier, P. Minguez, G. Paek, A. Schultz, I. A. Smith, R. J. Wainscoat (IfA, University of Hawaii), S. J. Smartt, K. W. Smith (University of Oxford / Queen's University Belfast), S. Srivastav (University of Oxford), D. R. Young, M. Fulton, M. Nicholl, T. Moore, J. Weston, C. R. Angus (Queen's University Belfast)",7/1/25 9:43,PS25ebu,2025TNSTR2511....1C,,7/1/25 9:43,7/1/25 9:43,
AT2025irw,field11868-2025-04-04,field11868,J,C2,/mnt/photometry/AT2025irw/field11868-2025-04-04/J/stack/coadd.Open-J.02277949-02277985.C2.fits,/mnt/photometry/AT2025irw/field11868-2025-04-04/J/stack/GRB_J_C2_Data_VHS_02277985.ecsv,2025-04-21,8.58,Circle,60.0,1,10,48.0,220.58472,-14.73399,1.0,2.0,2.0,2.06,60.92,1.774,0.67908,0.29097,,,17.6,16.314,0.027,0.043,1.515,,17.716,,,,0.113,,,0.229,,0.026,2025-04-04,-17,sci,178156,AT,2025irw,220.5845672,-14.73387388,,,,48,ZTF,48.0,ZTF,19.9903,110.0,g,"Jesper Sollerman (SU), Christoffer Fremling (Caltech), Daniel Perley (LJMU), Theophile du Laz (Caltech) on behalf of ZTF",4/30/25 1:49,"ZTF25aaoqgar, ATLAS25eqr, PS25dwz",2025TNSTR1604....1S,,4/30/25 1:49,7/1/25 7:47,
AT2025pdc,field8995-2025-07-07,field8995,J,C3,/mnt/photometry/AT2025pdc/field8995-2025-07-07/J/stack/coadd.Open-J.02654974-02655010.C3.fits,/mnt/photometry/AT2025pdc/field8995-2025-07-07/J/stack/GRB_J_C3_Data_VHS_02655010.ecsv,2025-06-24,8.58,Circle,60.0,1,10,48.0,329.69902,-26.91336,0.0,0.0,0.0,3.3,23.23,1.756,0.84446,-1.0,,,19.031,17.176,0.084,0.093,99.0,,19.185,,,,99.0,,,99.0,,0.069,2025-07-07,13,sci,182642,AT,2025pdc,329.6990316,-26.91359094,,,,4,Pan-STARRS,4.0,Pan-STARRS,19.82,26.0,w,"K. C. Chambers, T. de Boer, J. Fairlamb, M. Huber, C.-C. Lin, T. Lowe, E. Magnier, P. Minguez, G. Paek, A. Schultz, I. A. Smith, R. J. Wainscoat (IfA, University of Hawaii), S. J. Smartt, K. W. Smith (University of Oxford / Queen's University Belfast), S. Srivastav (University of Oxford), D. R. Young, M. Fulton, M. Nicholl, T. Moore, J. Weston, C. R. Angus (Queen's University Belfast)",6/27/25 18:48,PS25dqh,2025TNSTR2433....1C,,6/27/25 18:48,6/27/25 18:48,
SN2025kuy,field10961-2025-05-03,field10961,J,C4,/mnt/photometry/SN2025kuy/field10961-2025-05-03/J/stack/coadd.Open-J.02376493-02376529.C4.fits,/mnt/photometry/SN2025kuy/field10961-2025-05-03/J/stack/GRB_J_C4_Data_VHS_02376529.ecsv,2025-05-20,8.58,Circle,60.0,1,10,48.0,223.5803,-18.68517,0.0,0.0,0.0,1.06,80.55,1.163,1.78877,-1.0,,,16.572,16.243,0.017,0.048,99.0,,16.537,,,,99.0,,,99.0,,0.027,2025-05-03,-17,sci,179686,SN,2025kuy,223.580354,-18.6846735,0.0655,3.0,SN Ia,48,ZTF,48.0,ZTF,19.2547,111.0,r,"Jesper Sollerman (SU), Christoffer Fremling (Caltech), Daniel Perley (LJMU), Theophile du Laz (Caltech) on behalf of ZTF",5/20/25 10:42,"ZTF25aaqsnsq, GOTO25cxd, T202505201454193m184105",2025TNSTR1853....1S,2025TNSCR2425....1H,5/20/25 10:42,6/26/25 18:33,
AT2025ozx,field8148-2025-06-11,field8148,J,C1,/mnt/photometry/AT2025ozx/field8148-2025-06-11/J/stack/coadd.Open-J.02562690-02562726.C1.fits,/mnt/photometry/AT2025ozx/field8148-2025-06-11/J/stack/GRB_J_C1_Data_VHS_02562726.ecsv,2025-06-25,8.58,Circle,60.0,1,10,48.0,323.14773,-29.53544,1.0,1.0,2.0,1.24,19.89,1.004,1.07419,0.39854,,,19.146,18.578,0.066,0.071,0.654,,19.327,,,,-0.095,,,0.086,,0.08,2025-06-11,-14,sci,182557,AT,2025ozx,323.1477679,-29.5357403,,,,48,ZTF,48.0,ZTF,20.1045,111.0,r,"Daniel Perley (LJMU), Christoffer Fremling (Caltech), Theophile du Laz (Caltech) on behalf of ZTF",6/26/25 11:38,"ZTF25aaxshpj, GOTO25ekg, ATLAS25gtf",2025TNSTR2419....1P,,6/26/25 11:38,6/26/25 11:38,
AT2025nzk,field10138-2025-06-23,field10138,J,C3,/mnt/photometry/AT2025nzk/field10138-2025-06-23/J/stack/coadd.Open-J.02614258-02614294.C3.fits,/mnt/photometry/AT2025nzk/field10138-2025-06-23/J/stack/GRB_J_C3_Data_VHS_02614294.ecsv,2025-06-18,8.58,Circle,60.0,1,10,48.0,307.30873,-22.39709,3.0,0.0,0.0,0.8,10.31,1.237,0.17225,-1.0,,,19.483,19.406,0.121,0.106,99.0,,19.671,,,,99.0,,,99.0,,0.177,2025-06-23,5,sci,181864,AT,2025nzk,307.308779,-22.397083,,,,59,GOTO,59.0,GOTO,19.51,120.0,L,"A. Kumar, D. O'Neill, K. Ackley, M. Dyer, J. Lyman, K. Ulaczyk, D. Steeghs, D. Galloway, V. Dhillon, P. O'Brien, G. Ramsay, K. Noysena, R. Kotak, R. Breton, J. Casares, L. Nuttall, B. Godson, T. Killestein, M. Pursiainen, on behalf of GOTO collaboration",6/18/25 14:15,GOTO25dri,2025TNSTR2270....1K,,6/18/25 14:15,6/18/25 14:15,
AT2025nxi,field9555-2025-06-21,field9555,J,C3,/mnt/photometry/AT2025nxi/field9555-2025-06-21/J/stack/coadd.Open-J.02607470-02607506.C3.fits,/mnt/photometry/AT2025nxi/field9555-2025-06-21/J/stack/GRB_J_C3_Data_2MASS_02607506.ecsv,2025-06-17,8.58,Circle,60.0,1,10,48.0,310.23068,-24.63304,2.0,2.0,2.0,2.57,68.08,1.517,0.99539,0.57758,,,17.346,15.906,0.026,0.037,0.912,,17.339,,,,-0.521,,,-0.528,,0.022,2025-06-21,4,sci,181810,AT,2025nxi,310.2306623,-24.63331671,,,,74,ALeRCE,48.0,ZTF,19.0254,111.0,r,"A. Munoz-Arancibia, F.E. Bauer, G. Pignata, F. Forster, A. Mourao, S. Jurado, L. Hernandez-Garcia, L. Galbany, J. Silva-Farfan, R. Dastidar, J.P. Brandt, A. Alvarez, F. Andrades, G. Cabrera-Vives, R. Carrasco-Davis, P.A. Estevez, P. Huijse, H. Larranaga, C. Mansilla, K. Medina, D. Moreno, E. Munoz, I. Reyes, P. Sanchez-Saez, D. Rodriguez-Mancini, M. Catelan, S. Eyheramendy, M.J. Graham on behalf of the ALeRCE broker",6/17/25 16:09,"ZTF25aavmknw, GOTO25drh",2025TNSTR2250....1M,,6/17/25 16:09,6/17/25 16:09,
AT2025nqj,field11934-2025-06-06,field11934,J,C2,/mnt/photometry/AT2025nqj/field11934-2025-06-06/J/stack/coadd.Open-J.02551038-02551074.C2.fits,/mnt/photometry/AT2025nqj/field11934-2025-06-06/J/stack/GRB_J_C2_Data_2MASS_02551074.ecsv,2025-06-08,8.58,Circle,60.0,1,10,48.0,298.05601,-14.6533,1.0,1.0,2.0,2.03,74.78,1.628,1.47392,0.27006,,,17.049,15.976,0.022,0.033,0.911,,17.011,,,,-0.124,,,-0.162,,0.024,2025-06-06,-2,sci,181624,AT,2025nqj,298.0557175,-14.6530037,,,,48,ZTF,48.0,ZTF,19.6014,111.0,r,"Jesper Sollerman (SU), Christoffer Fremling (Caltech), Daniel Perley (LJMU), Theophile du Laz (Caltech) on behalf of ZTF",6/16/25 9:19,"ZTF25aaudfkr, GOTO25dvl",2025TNSTR2241....1S,,6/16/25 9:19,6/16/25 9:19,
SN2025hnz,field13694-2025-04-15,field13694,J,C1,/mnt/photometry/SN2025hnz/field13694-2025-04-15/J/stack/coadd.Open-J.02306263-02306299.C1.fits,/mnt/photometry/SN2025hnz/field13694-2025-04-15/J/stack/GRB_J_C1_Data_VHS_02306299.ecsv,2025-04-18,8.58,Circle,60.0,1,10,48.0,181.57219,-7.78654,2.0,2.0,2.0,2.68,46.81,1.215,0.91099,0.47549,,,17.746,16.302,0.038,0.043,1.716,,17.645,,,,0.372,,,0.271,,0.032,2025-04-15,-3,sci,177366,SN,2025hnz,181.5721341,-7.786782888,0.0677,3.0,SN Ia,18,ATLAS,18.0,ATLAS,18.41,72.0,orange,"J. Tonry, L. Denneau, H. Weiland, R. Siverd (IfA, University of Hawaii), N. Erasmus, W. Koorts (South African Astronomical Observatory), A. Jordan, V. Suc (UAI, Obstech), S. J. Smartt, K. W. Smith (Oxford/QUB), D. R. Young, M. Nicholl, M. Fulton, M. McCollum, T. Moore, J. Weston, X. Sheng, C. R. Angus, A. Wilson, A. Aamer, D. Magill (QUB), P. Ramsden (Birmingham/QUB), L. Shingles (GSI/QUB), S. Srivastav, J. H. Gillanders, H. Stevance, A. J. Cooper, F. Stoppa, J. Tweddle (Oxford), L. Rhodes (TSI/McGill), A. Rest (STScI), T.-W. Chen (NCU), C. Stubbs (Harvard), J. S. Sommer (LMU), B. P. Schmidt (ANU)",4/18/25 9:47,"ATLAS25dxk, GOTO25byi, ZTF25aanbnfj, PS25dks",2025TNSTR1423....1T,2025TNSCR1620....1F,4/18/25 9:47,6/15/25 13:23,
SN2025nox,field15062-2025-06-11,field15062,J,C3,/mnt/photometry/SN2025nox/field15062-2025-06-11/J/stack/coadd.Open-J.02564178-02564214.C3.fits,/mnt/photometry/SN2025nox/field15062-2025-06-11/J/stack/GRB_J_C3_Data_2MASS_02564214.ecsv,2025-06-09,8.58,Circle,60.0,1,10,48.0,306.64411,-4.11628,3.0,3.0,3.0,0.65,6.79,1.58,0.06046,-1.0,,,20.047,20.117,0.196,0.147,99.0,,20.05,,,,99.0,,,99.0,,0.208,2025-06-11,2,sci,181586,SN,2025nox,306.6440925,-4.1162857,0.085,3.0,SN Ia,48,ZTF,48.0,ZTF,19.3618,111.0,r,"Jesper Sollerman (SU), Christoffer Fremling (Caltech), Daniel Perley (LJMU), Theophile du Laz (Caltech) on behalf of ZTF",6/15/25 10:47,"ZTF25aauhcoe, ATLAS25gfq",2025TNSTR2224....1S,2025TNSCR2232....1C,6/15/25 10:47,6/15/25 10:48,
AT2025hko,field11543-2025-04-02,field11543,J,C2,/mnt/photometry/AT2025hko/field11543-2025-04-02/J/stack/coadd.Open-J.02269969-02270005.C2.fits,/mnt/photometry/AT2025hko/field11543-2025-04-02/J/stack/GRB_J_C2_Data_2MASS_02270005.ecsv,2025-04-08,8.58,Circle,60.0,1,10,48.0,197.15572,-15.67451,3.0,3.0,3.0,2.14,17.57,1.705,1.48695,-1.0,,,18.509,17.411,0.135,0.111,99.0,,17.908,,,,99.0,,,99.0,,0.118,2025-04-02,-6,sci,177276,AT,2025hko,197.156108,-15.67469335,,,,48,ZTF,48.0,ZTF,19.6543,110.0,g,"Jesper Sollerman (SU), Christoffer Fremling (Caltech), Daniel Perley (LJMU), Theophile du Laz (Caltech) on behalf of ZTF",4/15/25 8:17,"ZTF25aancbod, GOTO25bxg, ATLAS25ehl, PS25del",2025TNSTR1392....1S,,4/15/25 8:17,6/6/25 10:30,
AT2025hko,field11848-2025-04-04,field11848,J,C4,/mnt/photometry/AT2025hko/field11848-2025-04-04/J/stack/coadd.Open-J.02277149-02277185.C4.fits,/mnt/photometry/AT2025hko/field11848-2025-04-04/J/stack/GRB_J_C4_Data_VHS_02277185.ecsv,2025-04-08,8.58,Circle,60.0,1,10,48.0,197.15604,-15.67467,2.0,1.0,2.0,1.51,27.19,1.532,0.25169,0.6682,,,18.228,17.492,0.051,0.162,0.849,,18.907,,,,-0.566,,,0.113,,0.069,2025-04-04,-4,sci,177276,AT,2025hko,197.156108,-15.67469335,,,,48,ZTF,48.0,ZTF,19.6543,110.0,g,"Jesper Sollerman (SU), Christoffer Fremling (Caltech), Daniel Perley (LJMU), Theophile du Laz (Caltech) on behalf of ZTF",4/15/25 8:17,"ZTF25aancbod, GOTO25bxg, ATLAS25ehl, PS25del",2025TNSTR1392....1S,,4/15/25 8:17,6/6/25 10:30,
AT2025mwu,field13821-2025-06-13,field13821,J,C1,/mnt/photometry/AT2025mwu/field13821-2025-06-13/J/stack/coadd.Open-J.02579110-02579146.C1.fits,/mnt/photometry/AT2025mwu/field13821-2025-06-13/J/stack/GRB_J_C1_Data_VHS_02579146.ecsv,2025-05-31,8.58,Circle,60.0,1,10,48.0,327.82827,-7.82111,3.0,3.0,3.0,0.8,6.71,1.593,0.49452,-1.0,,,20.124,20.037,0.212,0.162,99.0,,20.055,,,,99.0,,,99.0,,0.28,2025-06-13,13,sci,181096,AT,2025mwu,327.8282519,-7.820977643,,,,4,Pan-STARRS,4.0,Pan-STARRS,19.31,26.0,w,"K. C. Chambers, T. de Boer, J. Fairlamb, M. Huber, C.-C. Lin, T. Lowe, E. Magnier, P. Minguez, G. Paek, A. Schultz, I. A. Smith, R. J. Wainscoat (IfA, University of Hawaii), S. J. Smartt, K. W. Smith (University of Oxford / Queen's University Belfast), S. Srivastav (University of Oxford), D. R. Young, M. Fulton, M. Nicholl, T. Moore, J. Weston, C. R. Angus (Queen's University Belfast)",6/4/25 14:06,PS25ddm,2025TNSTR2098....1C,,6/4/25 14:06,6/4/25 14:06,
AT2025mdl,field15561-2025-05-25,field15561,J,C2,/mnt/photometry/AT2025mdl/field15561-2025-05-25/J/stack/coadd.Open-J.02481871-02481907.C2.fits,/mnt/photometry/AT2025mdl/field15561-2025-05-25/J/stack/GRB_J_C2_Data_VHS_02481907.ecsv,2025-05-22,8.58,Circle,60.0,1,10,48.0,155.31355,-1.07116,3.0,0.0,3.0,0.68,5.38,1.67,0.6367,-1.0,,,19.468,19.652,0.256,0.357,99.0,,19.707,,,,99.0,,,99.0,,0.271,2025-05-25,3,sci,180590,AT,2025mdl,155.313708,-1.071236,,,,154,WFST,154.0,WFST,21.67,152.0,g,"Zelin Xu, Dezheng Meng, Ji-an Jiang, Weiyu Wu, Zhengyan Liu, Junhan Zhao, Ziqing Jia (USTC) on behalf of the WFST collaboration",5/27/25 13:14,WFST0609afvm,2025TNSTR1985....1X,,5/27/25 13:15,5/27/25 13:15,
AT2025lpx,field10939-2025-05-03,field10939,J,C2,/mnt/photometry/AT2025lpx/field10939-2025-05-03/J/stack/coadd.Open-J.02375613-02375649.C2.fits,/mnt/photometry/AT2025lpx/field10939-2025-05-03/J/stack/GRB_J_C2_Data_VHS_02375649.ecsv,2025-05-17,8.58,Circle,60.0,1,10,48.0,197.25182,-18.08007,2.0,1.0,2.0,1.71,12.05,1.122,0.69018,0.49011,,,18.687,17.779,0.107,0.115,0.658,,19.024,,,,-0.587,,,-0.25,,0.119,2025-05-03,-14,sci,180236,AT,2025lpx,197.2519279,-18.07991119,,,,114,DESIRT,114.0,DESIRT,20.8739,22.0,r,"Xander J. Hall (Carnegie Mellon U.), Tomás Ahumada (Caltech), Lei Hu (Carnegie Mellon U.), Antonella Palmese (Carnegie Mellon U.), Brendan O'Connor (Carnegie Mellon U.), Tomás Cabrera (Carnegie Mellon U.), Keerthi Kunnumkai (Carnegie Mellon U.) on behalf of 2DTS/ZTF",5/23/25 21:13,C202505171309005m180448,2025TNSTR1913....1H,,5/23/25 21:15,5/23/25 21:15,
AT2025kwr,field13404-2025-05-04,field13404,J,C3,/mnt/photometry/AT2025kwr/field13404-2025-05-04/J/stack/coadd.Open-J.02384021-02384057.C3.fits,/mnt/photometry/AT2025kwr/field13404-2025-05-04/J/stack/GRB_J_C3_Data_VHS_02384057.ecsv,2025-05-17,8.58,Circle,60.0,1,10,48.0,207.61498,-9.96485,1.0,2.0,2.0,1.46,195.01,1.496,1.81969,0.27335,,,15.631,14.817,0.008,0.033,0.894,,15.642,,,,0.069,,,0.08,,0.007,2025-05-04,-13,sci,179735,AT,2025kwr,207.6154955,-9.964819816,,,,114,DESIRT,114.0,DESIRT,19.0535,22.0,r,"Xander J. Hall (Carnegie Mellon U.), Tomás Ahumada (Caltech), Lei Hu (Carnegie Mellon U.), Antonella Palmese (Carnegie Mellon U.), Brendan O'Connor (Carnegie Mellon U.), Tomás Cabrera (Carnegie Mellon U.), Keerthi Kunnumkai (Carnegie Mellon U.) on behalf of 2DTS/ZTF",5/20/25 19:22,T202505171350277m095753,2025TNSTR1847....1H,,5/20/25 19:23,5/20/25 19:23,
AT2025kwo,field13990-2025-05-16,field13990,J,C3,/mnt/photometry/AT2025kwo/field13990-2025-05-16/J/stack/coadd.Open-J.02447788-02447824.C3.fits,/mnt/photometry/AT2025kwo/field13990-2025-05-16/J/stack/GRB_J_C3_Data_VHS_02447824.ecsv,2025-05-16,8.58,Circle,60.0,1,10,48.0,161.67418,-7.61953,0.0,0.0,0.0,0.7,212.0,1.163,0.73088,-1.0,,,14.763,14.769,0.005,0.006,99.0,,14.769,,,,99.0,,,99.0,,0.006,2025-05-16,0,sci,179732,AT,2025kwo,161.6742625,-7.619722274,,,,114,DESIRT,114.0,DESIRT,16.9217,24.0,z,"Xander J. Hall (Carnegie Mellon U.), Tomás Ahumada (Caltech), Lei Hu (Carnegie Mellon U.), Antonella Palmese (Carnegie Mellon U.), Brendan O'Connor (Carnegie Mellon U.), Tomás Cabrera (Carnegie Mellon U.), Keerthi Kunnumkai (Carnegie Mellon U.) on behalf of 2DTS/ZTF",5/20/25 19:22,T202505161046418m073711,2025TNSTR1847....1H,,5/20/25 19:23,5/20/25 19:23,
AT2025kss,field10965-2025-05-03,field10965,J,C2,/mnt/photometry/AT2025kss/field10965-2025-05-03/J/stack/coadd.Open-J.02376653-02376689.C2.fits,/mnt/photometry/AT2025kss/field10965-2025-05-03/J/stack/GRB_J_C2_Data_VHS_02376689.ecsv,2025-05-19,8.58,Circle,60.0,1,10,48.0,228.51452,-18.21164,1.0,2.0,2.0,1.47,54.96,1.324,0.66163,1.04509,,,17.374,16.536,0.027,0.045,1.157,,17.576,,,,0.117,,,0.319,,0.03,2025-05-03,-16,sci,179626,AT,2025kss,228.5146915,-18.211566,,,,48,ZTF,48.0,ZTF,19.858,110.0,g,"Jesper Sollerman (SU), Christoffer Fremling (Caltech), Daniel Perley (LJMU), Theophile du Laz (Caltech) on behalf of ZTF",5/19/25 8:42,ZTF25aaqphyj,2025TNSTR1840....1S,,5/19/25 9:13,5/19/25 9:13,
AT2025ksc,field14618-2025-05-15,field14618,J,C2,/mnt/photometry/AT2025ksc/field14618-2025-05-15/J/stack/coadd.Open-J.02442239-02442275.C2.fits,/mnt/photometry/AT2025ksc/field14618-2025-05-15/J/stack/GRB_J_C2_Data_VHS_02442275.ecsv,2025-05-16,8.58,Circle,60.0,1,10,48.0,160.65013,-4.61786,2.0,2.0,2.0,1.19,17.98,1.592,0.18276,0.32027,,,18.672,18.101,0.074,0.064,0.957,,18.811,,,,0.248,,,0.386,,0.095,2025-05-15,-1,sci,179610,AT,2025ksc,160.6500801,-4.617883094,,,,114,DESIRT,114.0,DESIRT,22.383,23.0,i,"Xander J. Hall (Carnegie Mellon U.), Lei Hu (Carnegie Mellon U.), Antonella Palmese (Carnegie Mellon U.), Brendan O'Connor (Carnegie Mellon U.), Yuhan Chen (UC Berkeley), Aidan Catalano (Carnegie Mellon U.), Xingzhuo Chen (Texas A&M U.), Lifan Wang (Texas A&M U.), Tomás Cabrera (Carnegie Mellon U.), Keerthi Kunnumkai (Carnegie Mellon U.) on behalf of the DECam DESI Transients Survey team",5/19/25 5:39,C202505161042360m043704,2025TNSTR1834....1H,,5/19/25 5:39,5/19/25 5:39,
AT2025gee,field6733-2025-03-18,field6733,J,C3,/mnt/photometry/AT2025gee/field6733-2025-03-18/J/stack/coadd.Open-J.02210567-02210603.C3.fits,/mnt/photometry/AT2025gee/field6733-2025-03-18/J/stack/GRB_J_C3_Data_VHS_02210603.ecsv,2025-03-20,8.58,Circle,60.0,1,10,48.0,220.6458,-36.02918,0.0,0.0,0.0,0.88,13.37,1.064,0.46457,-1.0,,,19.266,18.947,0.099,0.074,99.0,,19.273,,,,99.0,,,99.0,,0.137,2025-03-18,-2,sci,176382,AT,2025gee,220.6457352,-36.0290628,,,,18,ATLAS,18.0,ATLAS,18.041,72.0,orange,"J. Tonry, L. Denneau, H. Weiland, R. Siverd (IfA, University of Hawaii), N. Erasmus, W. Koorts (South African Astronomical Observatory), A. Jordan, V. Suc (UAI, Obstech), S. J. Smartt, K. W. Smith (Oxford/QUB), D. R. Young, M. Nicholl, M. Fulton, M. McCollum, T. Moore, J. Weston, X. Sheng, C. R. Angus, A. Wilson, A. Aamer, D. Magill (QUB), P. Ramsden (Birmingham/QUB), L. Shingles (GSI/QUB), S. Srivastav, J. H. Gillanders, H. Stevance, A. J. Cooper, F. Stoppa, J. Tweddle (Oxford), L. Rhodes (TSI/McGill), A. Rest (STScI), T.-W. Chen (NCU), C. Stubbs (Harvard), J. S. Sommer (LMU), B. P. Schmidt (ANU)",3/29/25 9:23,"ATLAS25dhj, GOTO25bjr, PS25csf",2025TNSTR1198....1T,,3/29/25 9:23,5/12/25 17:33,
AT2025ghp,field10019-2025-04-06,field10019,J,C4,/mnt/photometry/AT2025ghp/field10019-2025-04-06/J/stack/coadd.Open-J.02283106-02283142.C4.fits,/mnt/photometry/AT2025ghp/field10019-2025-04-06/J/stack/GRB_J_C4_Data_VHS_02283142.ecsv,2025-03-31,8.58,Circle,60.0,1,10,48.0,162.36034,-22.19024,0.0,0.0,0.0,1.26,7.41,1.446,0.21392,-1.0,,,18.887,18.817,0.171,0.235,99.0,,18.369,,,,99.0,,,99.0,,0.183,2025-04-06,6,sci,176472,AT,2025ghp,162.3602869,-22.19028119,,,,18,ATLAS,18.0,ATLAS,18.977,71.0,cyan,"J. Tonry, L. Denneau, H. Weiland, R. Siverd (IfA, University of Hawaii), N. Erasmus, W. Koorts (South African Astronomical Observatory), A. Jordan, V. Suc (UAI, Obstech), S. J. Smartt, K. W. Smith (Oxford/QUB), D. R. Young, M. Nicholl, M. Fulton, M. McCollum, T. Moore, J. Weston, X. Sheng, C. R. Angus, A. Wilson, A. Aamer, D. Magill (QUB), P. Ramsden (Birmingham/QUB), L. Shingles (GSI/QUB), S. Srivastav, J. H. Gillanders, H. Stevance, A. J. Cooper, F. Stoppa, J. Tweddle (Oxford), L. Rhodes (TSI/McGill), A. Rest (STScI), T.-W. Chen (NCU), C. Stubbs (Harvard), J. S. Sommer (LMU), B. P. Schmidt (ANU)",3/31/25 14:51,"ATLAS25dkg, GOTO25bmi, ZTF25aalpjqs, PS25crt",2025TNSTR1210....1T,,3/31/25 14:51,5/12/25 17:25,
AT2025iws,field13046-2025-04-17,field13046,J,C2,/mnt/photometry/AT2025iws/field13046-2025-04-17/J/stack/coadd.Open-J.02314463-02314499.C2.fits,/mnt/photometry/AT2025iws/field13046-2025-04-17/J/stack/GRB_J_C2_Data_VHS_02314499.ecsv,2025-04-16,8.58,Circle,60.0,1,10,48.0,154.52318,-10.49071,1.0,2.0,2.0,2.1,51.9,3.243,0.71047,0.29644,,,17.227,16.118,0.028,0.037,1.282,,17.324,,,,0.076,,,0.174,,0.031,2025-04-17,1,sci,178310,AT,2025iws,154.5229979,-10.490633,,,,48,ZTF,48.0,ZTF,20.5992,110.0,g,"Jesper Sollerman (SU), Christoffer Fremling (Caltech), Daniel Perley (LJMU), Theophile du Laz (Caltech) on behalf of ZTF",5/1/25 7:54,ZTF25aanaijj,2025TNSTR1616....1S,,5/1/25 7:54,5/1/25 7:54,
AT2024aify,field5534-2024-09-11,field5534,J,C3,/mnt/photometry/AT2024aify/field5534-2024-09-11/J/stack/coadd.Open-J.01667463-01667499.C3.fits,/mnt/photometry/AT2024aify/field5534-2024-09-11/J/stack/GRB_J_C3_Data_VHS_01667499.ecsv,2024-09-30,8.58,Circle,60.0,1,10,9223372036854775807:9223372036854775807:000NaN,290.5006,-41.57063,2.0,2.0,2.0,1.34,27.06,1.3,1.32673,0.20485,,,18.194,17.756,0.05,0.045,0.736,,18.166,,,,0.326,,,0.298,,0.061,2024-09-11,-19,sci,178225,AT,2024aify,290.500176,-41.57082,,,,59,GOTO,59.0,GOTO,19.96,120.0,L,"D. O'Neill, K. Ackley, M. Dyer, J. Lyman, K. Ulaczyk, D. Steeghs, D. Galloway, V. Dhillon, P. O'Brien, G. Ramsay, K. Noysena, R. Kotak, R. Breton, J. Casares, L. Nuttall, B. Godson, T. Killestein, A. Kumar, M. Pursiainen, on behalf of GOTO collaboration",4/30/25 9:56,GOTO25cep,2025TNSTR1594....1O,,4/30/25 9:56,4/30/25 9:56,
AT2025irj,field7795-2025-03-18,field7795,J,C2,/mnt/photometry/AT2025irj/field7795-2025-03-18/J/stack/coadd.Open-J.02211287-02211323.C2.fits,/mnt/photometry/AT2025irj/field7795-2025-03-18/J/stack/GRB_J_C2_Data_VHS_02211323.ecsv,2025-02-27,8.58,Circle,60.0,1,10,48.0,220.65314,-30.98374,3.0,3.0,0.0,1.21,6.95,1.606,0.49642,-1.0,,,19.835,19.267,0.177,0.177,99.0,,19.992,,,,99.0,,,99.0,,0.19,2025-03-18,19,sci,178143,AT,2025irj,220.6531412,-30.98388156,,,,4,Pan-STARRS,4.0,Pan-STARRS,20.93,26.0,w,"K. C. Chambers, T. de Boer, J. Fairlamb, M. Huber, C.-C. Lin, T. Lowe, E. Magnier, A. Schultz, R. J. Wainscoat, G. Paek, P. Minguez (IfA, University of Hawaii), S. J. Smartt, K. W. Smith (University of Oxford / Queen's University Belfast), S. Srivastav (University of Oxford), D. R. Young, M. Fulton, M. Nicholl, T. Moore, J. Weston, C. R. Angus, S. Sim (Queen's University Belfast)",4/29/25 23:27,PS25bwc,2025TNSTR1583....1C,,4/29/25 23:27,4/29/25 23:27,
SN2025hkm,field13081-2025-04-17,field13081,J,C1,/mnt/photometry/SN2025hkm/field13081-2025-04-17/J/stack/coadd.Open-J.02315863-02315899.C1.fits,/mnt/photometry/SN2025hkm/field13081-2025-04-17/J/stack/GRB_J_C1_Data_VHS_02315899.ecsv,2025-04-15,8.58,Circle,60.0,1,10,48.0,194.54359,-10.15786,2.0,2.0,2.0,2.31,347.89,1.411,0.26216,0.15249,,,14.665,13.642,0.005,0.017,1.256,,14.478,,,,0.42,,,0.232,,0.004,2025-04-17,2,sci,177274,SN,2025hkm,194.5436565,-10.1578339,0.021161,3.0,SN Ia,48,ZTF,48.0,ZTF,18.0081,110.0,g,"Nabeel Rehemtulla (CIERA, NU), Christoffer Fremling (Caltech), Daniel Perley (LJMU), Theophile du Laz (Caltech) on behalf of ZTF",4/15/25 7:52,"ZTF19aalpoff, ATLAS25dvm, GOTO25bvl",2025TNSTR1393....1R,2025TNSCR1589....1W,4/15/25 7:52,4/29/25 22:24,
AT2025ilv,field13673-2025-04-15,field13673,J,C4,/mnt/photometry/AT2025ilv/field13673-2025-04-15/J/stack/coadd.Open-J.02305423-02305459.C4.fits,/mnt/photometry/AT2025ilv/field13673-2025-04-15/J/stack/GRB_J_C4_Data_VHS_02305459.ecsv,2025-04-18,8.58,Circle,60.0,1,10,48.0,158.35596,-8.33523,1.0,1.0,2.0,1.37,20.96,1.117,0.72413,0.17956,,,18.007,17.417,0.063,0.062,0.65,,18.063,,,,0.004,,,0.061,,0.066,2025-04-15,-3,sci,177999,AT,2025ilv,158.3561269,-8.335347735,,,,114,DESIRT,114.0,DESIRT,21.8126,21.0,g,"Xander J. Hall (Carnegie Mellon U.), Lei Hu (Carnegie Mellon U.), Antonella Palmese (Carnegie Mellon U.), Brendan O'Connor (Carnegie Mellon U.), Yuhan Chen (UC Berkeley), Aidan Catalano (Carnegie Mellon U.), Xingzhuo Chen (Texas A&M U.), Lifan Wang (Texas A&M U.), Tomás Cabrera (Carnegie Mellon U.), Keerthi Kunnumkai (Carnegie Mellon U.) on behalf of the DECam DESI Transients Survey team",4/27/25 3:41,C202504181033255m082007,2025TNSTR1549....1H,,4/27/25 3:41,4/27/25 3:41,
AT2025ika,field9185-2025-04-25,field9185,J,C2,/mnt/photometry/AT2025ika/field9185-2025-04-25/J/stack/coadd.Open-J.02343742-02343778.C2.fits,/mnt/photometry/AT2025ika/field9185-2025-04-25/J/stack/GRB_J_C2_Data_VHS_.C2.alig.ecsv,2025-04-25,8.58,Circle,60.0,1,10,48.0,209.20535,-25.02739,2.0,1.0,2.0,1.16,41.05,2.009,0.91095,0.14113,,,17.556,17.102,0.03,0.046,0.46,,17.821,,,,-0.259,,,0.006,,0.048,2025-04-25,0,sci,177951,AT,2025ika,209.2056189,-25.0273136,,,,74,ALeRCE,48.0,ZTF,19.6834,110.0,g,"A. Munoz-Arancibia, F.E. Bauer, G. Pignata, F. Forster, A. Mourao, S. Jurado, L. Hernandez-Garcia, L. Galbany, J. Silva-Farfan, R. Dastidar, J.P. Brandt, A. Alvarez, G. Cabrera-Vives, R. Carrasco-Davis, P.A. Estevez, B. Gamboa, P. Huijse, H. Larranaga, C. Mansilla, K. Medina, D. Moreno, E. Munoz, I. Reyes, P. Sanchez-Saez, D. Rodriguez-Mancini, M. Catelan, S. Eyheramendy, M.J. Graham on behalf of the ALeRCE broker",4/25/25 19:03,ZTF25aaofrfh,2025TNSTR1532....1M,,4/25/25 19:03,4/25/25 19:03,
AT2025ika,field9186-2025-04-25,field9186,J,C1,/mnt/photometry/AT2025ika/field9186-2025-04-25/J/stack/coadd.Open-J.02343782-02343818.C1.fits,/mnt/photometry/AT2025ika/field9186-2025-04-25/J/stack/GRB_J_C1_Data_VHS_02343818.ecsv,2025-04-25,8.58,Circle,60.0,1,10,48.0,209.20541,-25.02736,2.0,2.0,2.0,1.21,52.15,1.518,0.69727,0.08409,,,17.458,16.962,0.024,0.027,0.6,,17.473,,,,0.089,,,0.104,,0.037,2025-04-25,0,sci,177951,AT,2025ika,209.2056189,-25.0273136,,,,74,ALeRCE,48.0,ZTF,19.6834,110.0,g,"A. Munoz-Arancibia, F.E. Bauer, G. Pignata, F. Forster, A. Mourao, S. Jurado, L. Hernandez-Garcia, L. Galbany, J. Silva-Farfan, R. Dastidar, J.P. Brandt, A. Alvarez, G. Cabrera-Vives, R. Carrasco-Davis, P.A. Estevez, B. Gamboa, P. Huijse, H. Larranaga, C. Mansilla, K. Medina, D. Moreno, E. Munoz, I. Reyes, P. Sanchez-Saez, D. Rodriguez-Mancini, M. Catelan, S. Eyheramendy, M.J. Graham on behalf of the ALeRCE broker",4/25/25 19:03,ZTF25aaofrfh,2025TNSTR1532....1M,,4/25/25 19:03,4/25/25 19:03,
AT2025ihi,field9184-2025-04-25,field9184,J,C1,/mnt/photometry/AT2025ihi/field9184-2025-04-25/J/stack/coadd.Open-J.02343702-02343738.C1.fits,/mnt/photometry/AT2025ihi/field9184-2025-04-25/J/stack/GRB_J_C1_Data_VHS_02343738.ecsv,2025-04-23,8.58,Circle,60.0,1,10,48.0,206.93035,-24.81371,1.0,2.0,2.0,1.22,33.22,1.648,1.35036,0.16859,,,18.126,17.555,0.039,0.052,0.776,,18.301,,,,0.03,,,0.205,,0.05,2025-04-25,2,sci,177881,AT,2025ihi,206.9305341,-24.8133739,,,,74,ALeRCE,48.0,ZTF,19.9947,111.0,r,"A. Munoz-Arancibia, F.E. Bauer, G. Pignata, F. Forster, A. Mourao, S. Jurado, L. Hernandez-Garcia, L. Galbany, J. Silva-Farfan, R. Dastidar, J.P. Brandt, A. Alvarez, G. Cabrera-Vives, R. Carrasco-Davis, P.A. Estevez, B. Gamboa, P. Huijse, H. Larranaga, C. Mansilla, K. Medina, D. Moreno, E. Munoz, I. Reyes, P. Sanchez-Saez, D. Rodriguez-Mancini, M. Catelan, S. Eyheramendy, M.J. Graham on behalf of the ALeRCE broker",4/24/25 14:03,ZTF25aanxjbn,2025TNSTR1515....1M,,4/24/25 14:03,4/24/25 14:03,
AT2025hqa,field7254-2025-03-05,field7254,J,C1,/mnt/photometry/AT2025hqa/field7254-2025-03-05/J/stack/coadd.Open-J.02163854-02163890.C1.fits,/mnt/photometry/AT2025hqa/field7254-2025-03-05/J/stack/GRB_J_C1_Data_VHS_02163890.ecsv,2025-03-03,8.58,Circle,60.0,1,10,48.0,216.21679,-32.8255,3.0,3.0,0.0,1.43,11.44,1.407,0.05947,-1.0,,,19.6,18.776,0.127,0.125,99.0,,19.775,,,,99.0,,,99.0,,0.192,2025-03-05,2,sci,177419,AT,2025hqa,216.2168127,-32.82549244,,,,4,Pan-STARRS,4.0,Pan-STARRS,20.69,26.0,w,"K. C. Chambers, T. de Boer, J. Fairlamb, M. Huber, C.-C. Lin, T. Lowe, E. Magnier, A. Schultz, R. J. Wainscoat, G. Paek, P. Minguez (IfA, University of Hawaii), S. J. Smartt, K. W. Smith (University of Oxford / Queen's University Belfast), S. Srivastav (University of Oxford), D. R. Young, M. Fulton, M. Nicholl, T. Moore, J. Weston, C. R. Angus, S. Sim (Queen's University Belfast)",4/19/25 11:34,PS25blv,2025TNSTR1441....1C,,4/19/25 11:34,4/19/25 11:34,
AT2025guq,field9468-2025-03-29,field9468,J,C1,/mnt/photometry/AT2025guq/field9468-2025-03-29/J/stack/coadd.Open-J.02248184-02248220.C1.fits,/mnt/photometry/AT2025guq/field9468-2025-03-29/J/stack/GRB_J_C1_Data_VHS_02248220.ecsv,2025-03-31,8.58,Circle,60.0,1,10,48.0,202.04408,-24.09419,1.0,2.0,2.0,2.92,19.35,1.813,0.24714,1.27542,,,20.001,17.986,0.172,0.17,2.805,,20.08,,,,0.71,,,0.789,,0.111,2025-03-29,-2,sci,176832,AT,2025guq,202.0440248,-24.09414234,,,,4,Pan-STARRS,4.0,Pan-STARRS,20.94,26.0,w,"K. C. Chambers, T. de Boer, J. Fairlamb, M. Huber, C.-C. Lin, T. Lowe, E. Magnier, A. Schultz, R. J. Wainscoat, G. Paek, P. Minguez (IfA, University of Hawaii), S. J. Smartt, K. W. Smith (University of Oxford / Queen's University Belfast), S. Srivastav (University of Oxford), D. R. Young, M. Fulton, M. Nicholl, T. Moore, J. Weston, C. R. Angus, S. Sim (Queen's University Belfast)",4/5/25 12:11,PS25bdv,2025TNSTR1288....1C,,4/5/25 12:11,4/5/25 12:11,
AT2025gsr,field3920-2025-03-09,field3920,J,C1,/mnt/photometry/AT2025gsr/field3920-2025-03-09/J/stack/coadd.Open-J.02176698-02176734.C1.fits,/mnt/photometry/AT2025gsr/field3920-2025-03-09/J/stack/GRB_J_C1_Data_VHS_02176734.ecsv,2025-03-13,8.58,Circle,60.0,1,10,48.0,218.87025,-48.76675,0.0,0.0,0.0,1.99,18.06,1.441,0.59928,-1.0,,,18.772,17.873,0.084,0.074,99.0,,18.706,,,,99.0,,,99.0,,0.082,2025-03-09,-4,sci,176777,AT,2025gsr,218.870125,-48.766603,,,,59,GOTO,59.0,GOTO,19.04,120.0,L,"D. O'Neill, K. Ackley, M. Dyer, J. Lyman, K. Ulaczyk, D. Steeghs, D. Galloway, V. Dhillon, P. O'Brien, G. Ramsay, K. Noysena, R. Kotak, R. Breton, J. Casares, L. Nuttall, B. Godson, T. Killestein, A. Kumar, M. Pursiainen, on behalf of GOTO collaboration",4/4/25 8:14,GOTO25bka,2025TNSTR1268....1O,,4/4/25 8:14,4/4/25 8:14,
AT2025ges,field18698-2025-03-30,field18698,H,C4,/mnt/photometry/AT2025ges/field18698-2025-03-30/H/stack/coadd.Open-H.02254075-02254470.C4.fits,/mnt/photometry/AT2025ges/field18698-2025-03-30/H/stack/GRB_H_C4_Data_LAS_02254470.ecsv,2025-03-29,11.44,Circle,240.0,8,80,48.0,144.43813,9.88557,1.0,1.0,2.0,1.31,7.51,1.689,0.34347,0.33644,,,19.209,18.87,0.173,0.278,0.645,,19.265,,,,0.25,,,0.306,,0.194,2025-03-30,1,sci,176396,AT,2025ges,144.438216,9.885617,,,,71,DESGW,71.0,DESGW,21.716,22.0,r,Isaac McMahon,3/29/25 22:00,,2025TNSTR1199....1M,,3/29/25 22:00,3/29/25 22:00,
SN2025err,field21719-2025-03-17,field21719,J,C3,/mnt/photometry/SN2025err/field21719-2025-03-17/J/stack/coadd.Open-J.02205119-02205155.C3.fits,/mnt/photometry/SN2025err/field21719-2025-03-17/J/stack/GRB_J_C3_Data_LAS_02205155.ecsv,2025-03-17,8.58,Circle,60.0,1,10,48.0,124.89716,21.04568,2.0,2.0,2.0,1.26,9.95,1.476,0.38618,0.17444,,,19.074,18.812,0.126,0.177,0.673,,18.1,,,,1.385,,,0.411,,0.182,2025-03-17,0,sci,175369,SN,2025err,124.897046,21.045675,0.1,3.0,SN Ia,18,ATLAS,18.0,ATLAS,19.088,72.0,orange,"J. Tonry, L. Denneau, H. Weiland, R. Siverd (IfA, University of Hawaii), N. Erasmus, W. Koorts (South African Astronomical Observatory), A. Jordan, V. Suc (UAI, Obstech), S. J. Smartt, K. W. Smith (Oxford/QUB), D. R. Young, M. Nicholl, M. Fulton, M. McCollum, T. Moore, J. Weston, X. Sheng, C. R. Angus, A. Wilson, A. Aamer, D. Magill (QUB), P. Ramsden (Birmingham/QUB), L. Shingles (GSI/QUB), S. Srivastav, J. H. Gillanders, H. Stevance, A. J. Cooper, F. Stoppa, J. Tweddle (Oxford), L. Rhodes (TSI/McGill), A. Rest (STScI), T.-W. Chen (NCU), C. Stubbs (Harvard), J. S. Sommer (LMU), B. P. Schmidt (ANU)",3/17/25 11:45,"ATLAS25csk, BGEM J081935.29+210244.4",2025TNSTR1006....1T,2025TNSCR1185....1B,3/17/25 11:45,3/28/25 8:38,
AT2025fkw,field7787-2025-03-05,field7787,J,C3,/mnt/photometry/AT2025fkw/field7787-2025-03-05/J/stack/coadd.Open-J.02163894-02163930.C3.fits,/mnt/photometry/AT2025fkw/field7787-2025-03-05/J/stack/GRB_J_C3_Data_VHS_02163930.ecsv,2025-03-23,8.58,Circle,60.0,1,10,48.0,208.89782,-31.28849,1.0,2.0,2.0,1.14,118.57,1.231,1.77358,0.13876,,,16.235,15.757,0.011,0.02,0.544,,16.244,,,,0.057,,,0.066,,0.012,2025-03-05,-18,sci,175877,AT,2025fkw,208.8983033,-31.28876,,,,18,ATLAS,18.0,ATLAS,18.401,72.0,orange,"J. Tonry, L. Denneau, H. Weiland, R. Siverd (IfA, University of Hawaii), N. Erasmus, W. Koorts (South African Astronomical Observatory), A. Jordan, V. Suc (UAI, Obstech), S. J. Smartt, K. W. Smith (Oxford/QUB), D. R. Young, M. Nicholl, M. Fulton, M. McCollum, T. Moore, J. Weston, X. Sheng, C. R. Angus, A. Wilson, A. Aamer, D. Magill (QUB), P. Ramsden (Birmingham/QUB), L. Shingles (GSI/QUB), S. Srivastav, J. H. Gillanders, H. Stevance, A. J. Cooper, F. Stoppa, J. Tweddle (Oxford), L. Rhodes (TSI/McGill), A. Rest (STScI), T.-W. Chen (NCU), C. Stubbs (Harvard), J. S. Sommer (LMU), B. P. Schmidt (ANU)",3/23/25 11:42,ATLAS25cye,2025TNSTR1094....1T,,3/23/25 11:42,3/23/25 11:42,
SN2025aar,field8325-2025-01-19,field8325,J,C4,/mnt/photometry/SN2025aar/field8325-2025-01-19/J/stack/coadd.Open-J.02090555-02090591.C4.fits,/mnt/photometry/SN2025aar/field8325-2025-01-19/J/stack/GRB_J_C4_Data_VHS_02090591.ecsv,2025-01-23,8.58,Circle,60.0,1,10,9223372036854775807:9223372036854775807:000NaN,193.33032,-29.06376,2.0,1.0,2.0,1.71,21.91,1.479,3.2873,0.52779,,,16.759,15.78,0.074,0.095,0.825,,17.217,,,,-0.612,,,-0.154,,0.063,2025-01-19,-4,sci,171189,SN,2025aar,193.3306436,-29.06462546,0.055,3.0,SN Ia,18,ATLAS,18.0,ATLAS,18.595,72.0,orange,"J. Tonry, L. Denneau, H. Weiland, R. Siverd (IfA, University of Hawaii), N. Erasmus, W. Koorts (South African Astronomical Observatory), A. Jordan, V. Suc (UAI, Obstech), S. J. Smartt, K. W. Smith (Oxford/QUB), D. R. Young, M. Nicholl, M. Fulton, M. McCollum, T. Moore, J. Weston, X. Sheng, C. R. Angus, A. Wilson, A. Aamer, D. Magill (QUB), P. Ramsden (Birmingham/QUB), L. Shingles (GSI/QUB), S. Srivastav, J. H. Gillanders, H. Stevance, A. J. Cooper, F. Stoppa (Oxford), L. Rhodes (TSI/McGill), A. Rest (STScI), T.-W. Chen (NCU), C. Stubbs (Harvard), J. S. Sommer (LMU), B. P. Schmidt (ANU)",1/23/25 16:28,"ATLAS25avb, GOTO25uu, PS25aou",2025TNSTR.305....1T,2025TNSCR.482....1R,1/23/25 16:28,3/23/25 1:10,
AT2024ahzn,field4036-2024-12-25,field4036,J,C4,/mnt/photometry/AT2024ahzn/field4036-2024-12-25/J/stack/coadd.Open-J.02023193-02023209.C4.fits,/mnt/photometry/AT2024ahzn/field4036-2024-12-25/J/stack/GRB_J_C4_Data_VHS_02023209.ecsv,2024-12-27,20.02,Random,90.0,1,3,9223372036854775807:9223372036854775807:000NaN,60.3658,-48.51642,0.0,0.0,0.0,0.21,14.41,1.152,3.23587,-1.0,,,18.477,18.997,0.155,0.152,99.0,,16.786,,,,99.0,,,99.0,,0.15,2024-12-25,-2,sci,174942,AT,2024ahzn,60.366896,-48.515897,,,,83,YSE,83.0,YSE,22.901,21.0,g,"C. T. Murphey, G. Nair, G. Narayan (UIUC), R. J. Foley (UCSC), A. Rest (JHU, STScI), D. O. Jones (UH, IfA), K. de Soto (Harvard, CfA), C. Ni (KITP), H. Perkins (UIUC), K. Patra (UCSC), C. Ransome, Y. Dong (Harvard, CfA), Y. Chen (U Toronto), K. Auchettl (U. Melbourne, UCSC), K. Taggert (UCSC), C. Kilpatrick (Northwestern), A. Zenteno, W. Liu, K. Vivas (NOIRLab), S. Sharief (U. Montreal), A. Wasserman, M. Verrico, A. Agarwal (UIUC), Q. Wang (STScI, MIT), R. Angulo (JHU, STScI), H. Abunemeh, N. Earl, K. D. French, A. Mitra, J. O'Brien, M. Shepherd (UIUC), M. Grayling, E. Hayes, K. S. Mandel (Cambridge), D. Farías, C. Gall, A. Hajela, J. Hjorth, L. Izzo, D. Langeroodi, A. Sedgewick, R. Wojtak (DARK, NBI), S. Raimunda (DARK, NBI, U. Southampton), A. Gagliano, S. Gomez, S. Rankin, V. A. Villar, A. Tartaglia, A. Nugent, S. K. Yadavalli (Harvard, CfA), S. Smartt, K. Smith (QUB, Oxford), D. Coulter, J. Pierel, M. Seibert (STScI), P. Arunachalam, K. W. Davis, R. Kaur, P. Macias, C. Rojas-Bravo, E. Ramirez-Ruiz (UCSC), K. C. Chambers, M. E. Huber, E. G. Magnier, R. J. Wainscoat (UH, IfA), M. Drout (U. Toronto), V. Baldasarre, A. Messick (WSU), C. Angus (QUB), S. Thorpe (Stockholm U.), Y.-C. Pan (NCU)",3/13/25 20:26,,2025TNSTR.975....1M,,3/13/25 20:27,3/13/25 20:27,
AT2025dyw,field19905-2025-03-09,field19905,J,C2,/mnt/photometry/AT2025dyw/field19905-2025-03-09/J/stack/coadd.Open-J.02174254-02174290.C2.fits,/mnt/photometry/AT2025dyw/field19905-2025-03-09/J/stack/GRB_J_C2_Data_UHS_02174290.ecsv,2025-03-05,8.58,Circle,60.0,1,10,48.0,111.22774,14.90545,2.0,2.0,2.0,2.14,45.47,1.785,0.60331,0.17962,,,17.304,16.374,0.038,0.03,1.264,,17.217,,,,0.421,,,0.334,,0.038,2025-03-09,4,sci,174514,AT,2025dyw,111.2278827,14.9053633,,,,48,ZTF,48.0,ZTF,20.359,110.0,g,"Jesper Sollerman (SU), Christoffer Fremling (Caltech), Daniel Perley (LJMU), Theophile du Laz (Caltech) on behalf of ZTF",3/10/25 5:36,ZTF25aainqmw,2025TNSTR.944....1S,,3/10/25 5:37,3/10/25 5:37,
AT2025dil,field21118-2025-03-11,field21118,J,C2,/mnt/photometry/AT2025dil/field21118-2025-03-11/J/stack/coadd.Open-J.02187406-02187442.C2.fits,/mnt/photometry/AT2025dil/field21118-2025-03-11/J/stack/GRB_J_C2_Data_UHS_02187442.ecsv,2025-03-05,8.58,Circle,60.0,1,10,48.0,115.14561,19.23999,1.0,2.0,2.0,1.13,57.38,1.09,0.43764,0.33572,,,16.983,16.584,0.023,0.027,0.557,,17.071,,,,0.069,,,0.158,,0.032,2025-03-11,6,sci,173881,AT,2025dil,115.1455649,19.2400992,,,,48,ZTF,48.0,ZTF,19.6234,110.0,g,"Jesper Sollerman (SU), Christoffer Fremling (Caltech), Daniel Perley (LJMU), Theophile du Laz (Caltech) on behalf of ZTF",3/5/25 9:13,ZTF25aaiqdrq,2025TNSTR.894....1S,,3/5/25 9:13,3/5/25 9:13,
AT2025btq,field1255-2025-02-17,field1255,J,C2,/mnt/photometry/AT2025btq/field1255-2025-02-17/J/stack/coadd.Open-J.02139537-02139845.C2.fits,/mnt/photometry/AT2025btq/field1255-2025-02-17/J/stack/GRB_J_C2_Data_VHS_02139845.ecsv,2025-02-13,60.06,Circle,120.0,1,15,48.0,237.20273,-67.31277,2.0,1.0,2.0,2.13,71.53,1.6,2.18798,0.17865,,,17.227,16.349,0.019,0.026,0.92,,17.115,,,,0.155,,,0.042,,0.04,2025-02-17,4,sci,172630,AT,2025btq,237.2041468,-67.31304243,,,,135,GW-MMADS,135.0,GW-MMADS,21.9566,23.0,i,"Xander J. Hall (CMU), Tomás Cabrera (CMU), Lei Hu (CMU), Antonella Palmese (CMU), Igor Andreoni (UMD), Brendan O’Connor (CMU), Robert Stein (Caltech), Michael Coughlin (UMN), Theo Jegou Du Laz (Caltech), Keerthi Kunnumkai (CMU), on behalf of GW-MMADS",2/16/25 18:24,T202502131548490m671847,2025TNSTR.628....1H,,2/16/25 18:24,2/16/25 18:24,
AT2025bnj,field1256-2025-02-17,field1256,J,C2,/mnt/photometry/AT2025bnj/field1256-2025-02-17/J/stack/coadd.Open-J.02139207-02139515.C2.fits,/mnt/photometry/AT2025bnj/field1256-2025-02-17/J/stack/GRB_J_C2_Data_2MASS_02139515.ecsv,2025-02-13,60.06,Circle,120.0,1,15,48.0,239.96257,-66.92967,1.0,1.0,2.0,2.27,37.21,1.408,0.18366,0.30056,,,17.644,16.608,0.048,0.042,0.984,,17.711,,,,-0.119,,,-0.052,,0.046,2025-02-17,4,sci,172427,AT,2025bnj,239.9626464,-66.92971535,,,,135,GW-MMADS,135.0,GW-MMADS,20.8686,23.0,i,"Xander Hall (CMU), Tomás Cabrera (CMU), Lei Hu (CMU), Antonella Palmese (CMU), Igor Andreoni (UMD), Brendan O’Connor (CMU), Robert Stein (Caltech), Michael Coughlin (UMN), Theo Jegou Du Laz (Caltech), Keerthi Kunnumkai (CMU), on behalf of GW-MMADS",2/13/25 20:04,T202502131559510m665547,2025TNSTR.594....1H,,2/13/25 20:05,2/13/25 20:05,
AT2025aqc,field17125-2025-02-16,field17125,J,C4,/mnt/photometry/AT2025aqc/field17125-2025-02-16/J/stack/coadd.Open-J.02133351-02133387.C4.fits,/mnt/photometry/AT2025aqc/field17125-2025-02-16/J/stack/GRB_J_C4_Data_2MASS_02133387.ecsv,2025-02-01,8.58,Circle,60.0,1,10,48.0,138.07511,4.18688,1.0,2.0,2.0,2.49,1e+30,1.174,1.41218,2.41982,,,20.181,20.335,0.003,99.0,-2.229,,121.573,,,,-103.467,,,-2.075,,0.004,2025-02-16,15,sci,171645,AT,2025aqc,138.0747219,4.186829234,,,,74,ALeRCE,48.0,ZTF,20.3381,110.0,g,"F. Forster, F.E. Bauer, G. Pignata, A. Munoz-Arancibia, A. Mourao, L. Hernandez-Garcia, L. Galbany, J. Silva-Farfan, R. Dastidar, J.P. Brandt, A. Alvarez, G. Cabrera-Vives, R. Carrasco-Davis, P.A. Estevez, B. Gamboa, P. Huijse, H. Larranaga, C. Mansilla, K. Medina, D. Moreno, E. Munoz, E. Pizarro, I. Reyes, P. Sanchez-Saez, D. Rodriguez-Mancini, M. Catelan, S. Eyheramendy, M.J. Graham on behalf of the ALeRCE broker",2/1/25 23:55,ZTF25aadrkik,2025TNSTR.436....1F,,2/1/25 23:55,2/1/25 23:55,
SN2024aauh,field14895-2024-10-24,field14895,J,C4,/mnt/photometry/SN2024aauh/field14895-2024-10-24/J/stack/coadd.Open-J.01870425-01870461.C4.fits,/mnt/photometry/SN2024aauh/field14895-2024-10-24/J/stack/GRB_J_C4_Data_VHS_01870461.ecsv,2024-10-10,8.58,Circle,60.0,1,10,9223372036854775807:9223372036854775807:000NaN,116.81994,-3.99331,0.0,0.0,0.0,0.78,6.63,1.595,0.22883,-1.0,,,19.326,19.377,0.181,0.156,99.0,,19.323,,,,99.0,,,99.0,,0.239,2024-10-24,14,sci,166127,SN,2024aauh,116.8199987,-3.9933319,0.058,10.0,SN II,48,ZTF,48.0,ZTF,19.993,111.0,r,"Ann Victor Adly Mina (UC Berkeley), Daniel Perley (LJMU), Christoffer Fremling (Caltech), Theophile du Laz (Caltech) on behalf of ZTF",11/9/24 13:28,"ZTF24abmtnee, ATLAS24qqc, GOTO24ikx, BGEM J074716.77-035936.1",2024TNSTR4401....1M,2024TNSCR5005....1V,11/9/24 13:28,12/21/24 17:47,
AT2024adjz,field1593-2024-11-08,field1593,J,C1,/mnt/photometry/AT2024adjz/field1593-2024-11-08/J/stack/coadd.Open-J.01920573-01920609.C1.fits,/mnt/photometry/AT2024adjz/field1593-2024-11-08/J/stack/GRB_Multisource_J_C1_Data_VHS_01920609.ecsv,2024-11-26,8.58,Circle,60.0,1,10,9223372036854775807:9223372036854775807:000NaN,86.99386,-63.90857,0.0,0.0,0.0,0.64,18.6,1.359,2.45579,-1.0,,,17.22,17.35,0.071,0.112,99.0,,17.115,,,,99.0,,,99.0,,0.075,2024-11-08,-18,sci,167930,AT,2024adjz,86.993879,-63.909256,,,,59,GOTO,59.0,GOTO,19.82,120.0,L,"G. Ramsay, D. O'Neill, K. Ackley, M. Dyer, F. Jiménez-Ibarra, J. Lyman, K. Ulaczyk, D. Steeghs, D. Galloway, V. Dhillon, P. O'Brien, K. Noysena, R. Kotak, R. Breton, L. Nuttall, E. Pallé, D. Pollacco, T. Killestein, A. Kumar, on behalf of GOTO collaboration",12/5/24 8:26,GOTO24isq,2024TNSTR4769....1R,,12/5/24 8:26,12/5/24 8:26,
AT2024acrg,field15541-2024-12-03,field15541,J,C4,/mnt/photometry/AT2024acrg/field15541-2024-12-03/J/stack/coadd.Open-J.02017046-02017082.C4.fits,/mnt/photometry/AT2024acrg/field15541-2024-12-03/J/stack/GRB_J_C4_Data_VIKING_02017082.ecsv,2024-11-26,8.58,Circle,60.0,1,10,9223372036854775807:9223372036854775807:000NaN,132.52698,-1.78521,0.0,0.0,0.0,0.62,7.16,1.558,0.80252,-1.0,,,19.056,19.46,0.142,1949.526,99.0,,18.022,,,,99.0,,,99.0,,0.139,2024-12-03,7,sci,167433,AT,2024acrg,132.5267597,-1.78518,,,,48,ZTF,48.0,ZTF,19.9201,110.0,g,"Eli Gendreau-Distler (UC Berkeley), Jesper Sollerman (SU), Christoffer Fremling (Caltech), Daniel Perley (LJMU), Theophile du Laz (Caltech) on behalf of ZTF",11/30/24 12:06,ZTF24abugwuk,2024TNSTR4699....1G,,11/30/24 12:06,11/30/24 12:06,
AT2024abyh,field7936-2024-09-12,field7936,J,C1,/mnt/photometry/AT2024abyh/field7936-2024-09-12/J/stack/coadd.Open-J.01676174-01676210.C1.fits,/mnt/photometry/AT2024abyh/field7936-2024-09-12/J/stack/GRB_J_C1_Data_VIKING_01676210.ecsv,2024-09-11,8.58,Circle,60.0,1,10,9223372036854775807:9223372036854775807:000NaN,45.47926,-29.80909,0.0,0.0,0.0,1.36,15.51,1.682,0.34177,-1.0,,,18.924,18.432,0.088,0.079,99.0,,18.745,,,,99.0,,,99.0,,0.104,2024-09-12,1,sci,166915,AT,2024abyh,45.47915348,-29.80908991,,,,4,Pan-STARRS,4.0,Pan-STARRS,20.14,26.0,w,"K. C. Chambers, T. de Boer, J. Herman, J. Fairlamb, M. Huber, C.-C. Lin, T. Lowe, E. Magnier, A. Schultz, R. J. Wainscoat, H. Gao, P. Minguez (IfA, University of Hawaii), K. W. Smith, D. R. Young, S. Srivastav, M. Fulton, S. J. Smartt, M. Nicholl, T. Moore, J. Weston, C. R. Angus, S. Sim (Queen's University Belfast), D. E. Wright (University of Minnesota)",11/23/24 20:05,PS24lin,2024TNSTR4605....1C,,11/23/24 20:05,11/23/24 20:05,
AT2024abxc,field18660-2024-11-17,field18660,J,C4,/mnt/photometry/AT2024abxc/field18660-2024-11-17/J/stack/coadd.Open-J.01957926-01957962.C4.fits,/mnt/photometry/AT2024abxc/field18660-2024-11-17/J/stack/GRB_J_C4_Data_2MASS_01957962.ecsv,2024-11-17,8.58,Circle,60.0,1,10,9223372036854775807:9223372036854775807:000NaN,100.37971,9.44948,0.0,0.0,0.0,1.05,558.55,1.177,0.28739,-1.0,,,13.145,12.874,0.003,0.01,99.0,,13.0,,,,99.0,,,99.0,,0.002,2024-11-17,0,sci,166884,AT,2024abxc,100.379625,9.449489,,,,24,GaiaAlerts,24.0,GaiaAlerts,14.62,75.0,G,"S.T. Hodgkin, E. Breedt, A. Delgado, D.L. Harrison, M. van Leeuwen, G. Rixon, T. Wevers, A. Yoldas (IoA Cambridge), N. Ihanec, K. Kruszyńska, K.A. Rybicki, Ł. Wyrzykowski (Warsaw University Astronomical Observatory), Z. Kostrzewa-Rutkowska (Leiden Observatory), D. Eappachen (SRON/RU), G. Marton (Konkoly Observatory), on behalf of the Gaia Alerts team",11/23/24 10:56,Gaia24djm,2024TNSTR4600....1H,,11/23/24 10:57,11/23/24 10:57,
AT2024zyf,field18343-2024-10-30,field18343,J,C2,/mnt/photometry/AT2024zyf/field18343-2024-10-30/J/stack/coadd.Open-J.01889909-01889945.C2.fits,/mnt/photometry/AT2024zyf/field18343-2024-10-30/J/stack/GRB_J_C2_Data_2MASS_01889945.ecsv,2024-10-31,8.58,Circle,60.0,1,10,9223372036854775807:9223372036854775807:000NaN,94.18151,9.06838,3.0,3.0,3.0,0.85,23.31,1.106,0.31557,-1.0,,,17.923,17.992,0.052,0.036,99.0,,17.945,,,,99.0,,,99.0,,0.064,2024-10-30,-1,sci,165546,AT,2024zyf,94.181458,9.068311,,,,10,XOSS,10.0,XOSS,17.63,1.0,Clear,"Jianlin Xu,  Mi Zhang, Guoyou Sun, Jiangao Ruan, Jingyuan Zhao, Wenjie Zhou, Yong Ma, Quanzhi Ye, Zhuoyang Chen (Xingming Obs.), Hanjie Tan (AUUK), Guangwei Wu (NAAA), Xing Gao, Ali Esamdin, Chunhai Bai, Yong Wang (XAO), on behalf of the KATS team",11/1/24 11:16,"KATS24U012, Gaia24dhr",2024TNSTR4261....1X,,11/1/24 11:16,11/21/24 9:02,
AT2024abka,field19275-2024-11-11,field19275,J,C4,/mnt/photometry/AT2024abka/field19275-2024-11-11/J/stack/coadd.Open-J.01933826-01933862.C4.fits,/mnt/photometry/AT2024abka/field19275-2024-11-11/J/stack/GRB_J_C4_Data_2MASS_01933862.ecsv,2024-11-08,8.58,Circle,60.0,1,10,9223372036854775807:9223372036854775807:000NaN,94.03481,11.74944,0.0,0.0,0.0,0.93,1338.25,1.015,0.08406,-1.0,,,10.896,10.939,0.001,0.003,99.0,,10.952,,,,99.0,,,99.0,,0.002,2024-11-11,3,sci,166538,AT,2024abka,94.034833,11.749431,,,,24,GaiaAlerts,24.0,GaiaAlerts,11.05,75.0,G,"S.T. Hodgkin, E. Breedt, A. Delgado, D.L. Harrison, M. van Leeuwen, G. Rixon, T. Wevers, A. Yoldas (IoA Cambridge), N. Ihanec, K. Kruszyńska, K.A. Rybicki, Ł. Wyrzykowski (Warsaw University Astronomical Observatory), Z. Kostrzewa-Rutkowska (Leiden Observatory), D. Eappachen (SRON/RU), G. Marton (Konkoly Observatory), on behalf of the Gaia Alerts team",11/17/24 19:13,Gaia24dgo,2024TNSTR4519....1H,,11/17/24 19:13,11/17/24 19:13,
AT2024abjc,field5117-2024-09-12,field5117,J,C3,/mnt/photometry/AT2024abjc/field5117-2024-09-12/J/stack/coadd.Open-J.01675254-01675290.C3.fits,/mnt/photometry/AT2024abjc/field5117-2024-09-12/J/stack/GRB_J_C3_Data_VHS_01675290.ecsv,2024-10-01,8.58,Circle,60.0,1,10,9223372036854775807:9223372036854775807:000NaN,15.0727,-42.96318,1.0,2.0,2.0,1.93,41.72,1.251,0.54637,0.57865,,,17.803,16.906,0.052,0.031,0.471,,17.375,,,,0.002,,,-0.426,,0.039,2024-09-12,-19,sci,166514,AT,2024abjc,15.0727875,-42.96304009,,,,4,Pan-STARRS,4.0,Pan-STARRS,20.12,26.0,w,"K. C. Chambers, T. de Boer, J. Herman, J. Fairlamb, M. Huber, C.-C. Lin, T. Lowe, E. Magnier, A. Schultz, R. J. Wainscoat, H. Gao, P. Minguez (IfA, University of Hawaii), K. W. Smith, D. R. Young, S. Srivastav, M. Fulton, S. J. Smartt, M. Nicholl, T. Moore, J. Weston, C. R. Angus, S. Sim (Queen's University Belfast), D. E. Wright (University of Minnesota)",11/17/24 13:56,PS24lfd,2024TNSTR4520....1C,,11/17/24 13:56,11/17/24 13:56,
SN2024yrs,field13958-2024-10-24,field13958,J,C1,/mnt/photometry/SN2024yrs/field13958-2024-10-24/J/stack/coadd.Open-J.01869345-01869381.C1.fits,/mnt/photometry/SN2024yrs/field13958-2024-10-24/J/stack/GRB_J_C1_Data_VHS_01869381.ecsv,2024-10-22,8.58,Circle,60.0,1,10,9223372036854775807:9223372036854775807:000NaN,124.8857,-7.03985,0.0,0.0,0.0,1.0,17.24,1.526,0.48858,-1.0,,,18.447,18.215,0.08,0.07,99.0,,18.295,,,,99.0,,,99.0,,0.177,2024-10-24,2,sci,164689,SN,2024yrs,124.885583,-7.039911,0.016,10.0,SN II,59,GOTO,59.0,GOTO,18.57,120.0,L,"T. Killestein, D. O'Neill, K. Ackley, M. Dyer, F. Jiménez-Ibarra, J. Lyman, K. Ulaczyk, D. Steeghs, D. Galloway, V. Dhillon, P. O'Brien, G. Ramsay, K. Noysena, R. Kotak, R. Breton, L. Nuttall, E. Pallé, D. Pollacco, A. Kumar, on behalf of GOTO collaboration",10/22/24 9:19,"GOTO24hhc, ATLAS24pmw, ZTF24abnxfrq, Gaia24dej, PS24lss",2024TNSTR4106....1K,2024TNSCR4245....1G,10/22/24 9:19,11/6/24 11:12,
AT2024aacb,field5596-2024-09-17,field5596,J,C4,/mnt/photometry/AT2024aacb/field5596-2024-09-17/J/stack/coadd.Open-J.01705958-01705994.C4.fits,/mnt/photometry/AT2024aacb/field5596-2024-09-17/J/stack/GRB_J_C4_Data_VHS_01705994.ecsv,2024-10-01,8.58,Circle,60.0,1,10,9223372036854775807:9223372036854775807:000NaN,24.56846,-40.7309,2.0,2.0,2.0,0.93,12.75,1.81,0.53018,0.27732,,,18.976,19.041,0.098,0.073,-0.432,,18.904,,,,-0.295,,,-0.367,,0.135,2024-09-17,-14,sci,165646,AT,2024aacb,24.56841841,-40.73075228,,,,4,Pan-STARRS,4.0,Pan-STARRS,20.55,26.0,w,"K. C. Chambers, T. de Boer, J. Herman, J. Fairlamb, M. Huber, C.-C. Lin, T. Lowe, E. Magnier, A. Schultz, R. J. Wainscoat, H. Gao, P. Minguez (IfA, University of Hawaii), K. W. Smith, D. R. Young, S. Srivastav, M. Fulton, S. J. Smartt, M. Nicholl, T. Moore, J. Weston, C. R. Angus, S. Sim (Queen's University Belfast), D. E. Wright (University of Minnesota)",11/2/24 16:22,"PS24klj, GOTO25edw",2024TNSTR4279....1C,,11/2/24 16:22,11/2/24 16:22,
SN2024qje,field13913-2024-08-01,field13913,J,C4,/mnt/photometry/SN2024qje/field13913-2024-08-01/J/stack/coadd.Open-J.01491056-01491092.C4.fits,/mnt/photometry/SN2024qje/field13913-2024-08-01/J/stack/GRB_J_C4_Data_VHS_01491092.ecsv,2024-07-28,8.58,Circle,60.0,1,10,9223372036854775807:9223372036854775807:000NaN,74.02942,-7.51299,0.0,0.0,0.0,1.91,36.01,1.518,0.23238,-1.0,,,17.83,16.818,0.044,0.057,99.0,,17.832,,,,99.0,,,99.0,,0.045,2024-08-01,4,sci,158286,SN,2024qje,74.02939764,-7.512927197,0.025,10.0,SN II,18,ATLAS,18.0,ATLAS,17.774,72.0,orange,"J. Tonry, L. Denneau, H. Weiland, A. Lawrence, R. Siverd (IfA, University of Hawaii), N. Erasmus, W. Koorts (South African Astronomical Observatory), A. Jordan, V. Suc (UAI, Obstech), S. J. Smartt (Oxford/QUB), K. W. Smith, D. R. Young, M. Nicholl, M. Fulton, M. McCollum, T. Moore, J. Weston, X. Sheng, P. Ramsden, C. R. Angus, A. Wilson (Queen's University Belfast), A. Aamer (QUB/Birmingham), L. Shingles (GSI/QUB), S. Srivastav, J. Gillanders, L. Rhodes, H. Stevance (Oxford), A. Rest (STScI), T.-W. Chen (NCU), C. Stubbs (Harvard), J. Sommer (LMU/QUB), B. Schmidt (ANU)",7/28/24 21:24,"ATLAS24luh, GOTO24dyp, ZTF24abbtmqs, PS24kdo",2024TNSTR2625....1T,2024TNSCR3309....1S,7/28/24 21:24,10/22/24 22:24,
AT2024yow,field6317-2024-09-12,field6317,J,C3,/mnt/photometry/AT2024yow/field6317-2024-09-12/J/stack/coadd.Open-J.01676774-01676810.C3.fits,/mnt/photometry/AT2024yow/field6317-2024-09-12/J/stack/GRB_J_C3_Data_VHS_01676810.ecsv,2024-09-08,8.58,Circle,60.0,1,10,9223372036854775807:9223372036854775807:000NaN,354.32707,-38.04563,2.0,2.0,2.0,1.41,23.32,1.19,0.40283,0.27241,,,17.9,17.631,0.055,0.046,0.501,,17.952,,,,0.18,,,0.232,,0.074,2024-09-12,4,sci,164614,AT,2024yow,354.327121,-38.04552417,,,,4,Pan-STARRS,4.0,Pan-STARRS,20.03,26.0,w,"K. C. Chambers, T. de Boer, J. Herman, J. Fairlamb, M. Huber, C.-C. Lin, T. Lowe, E. Magnier, A. Schultz, R. J. Wainscoat, H. Gao, P. Minguez (IfA, University of Hawaii), K. W. Smith, D. R. Young, S. Srivastav, M. Fulton, S. J. Smartt, M. Nicholl, T. Moore, J. Weston, C. R. Angus, S. Sim (Queen's University Belfast), D. E. Wright (University of Minnesota)",10/20/24 22:08,PS24jzb,2024TNSTR4073....1C,,10/20/24 22:08,10/20/24 22:08,
AT2024xwo,field13647-2024-10-16,field13647,J,C4,/mnt/photometry/AT2024xwo/field13647-2024-10-16/J/stack/coadd.Open-J.01835717-01835753.C4.fits,/mnt/photometry/AT2024xwo/field13647-2024-10-16/J/stack/GRB_J_C4_Data_VHS_01835753.ecsv,2024-10-12,8.58,Circle,60.0,1,10,9223372036854775807:9223372036854775807:000NaN,128.38231,-8.63061,0.0,0.0,0.0,2.09,112.22,1.206,1.28989,-1.0,,,16.042,14.944,0.016,0.041,99.0,,15.99,,,,99.0,,,99.0,,0.014,2024-10-16,4,sci,164061,AT,2024xwo,128.3821073,-8.63090453,,,,74,ALeRCE,48.0,ZTF,19.8476,110.0,g,"F. Forster, F.E. Bauer, G. Pignata, A. Munoz-Arancibia, A. Mourao, L. Hernandez-Garcia, L. Galbany, J. Silva-Farfan, R. Dastidar, J.P. Brandt, A. Alvarez, G. Cabrera-Vives, R. Carrasco-Davis, P.A. Estevez, B. Gamboa, P. Huijse, H. Larranaga, C. Mansilla, K. Medina, D. Moreno, E. Munoz, E. Pizarro, I. Reyes, P. Sanchez-Saez, D. Rodriguez-Mancini, M. Catelan, S. Eyheramendy, M.J. Graham on behalf of the ALeRCE broker",10/13/24 2:16,ZTF24abmmjry,2024TNSTR3975....1F,,10/13/24 2:16,10/13/24 2:16,
AT2024vfy,field5123-2024-09-12,field5123,J,C2,/mnt/photometry/AT2024vfy/field5123-2024-09-12/J/stack/coadd.Open-J.01675454-01675490.C2.fits,/mnt/photometry/AT2024vfy/field5123-2024-09-12/J/stack/GRB_J_C2_Data_2MASS_01675490.ecsv,2024-09-11,8.58,Circle,60.0,1,10,9223372036854775807:9223372036854775807:000NaN,25.53012,-42.10047,3.0,3.0,3.0,0.92,16.03,1.447,0.26604,-1.0,,,18.512,18.241,0.081,0.064,99.0,,18.442,,,,99.0,,,99.0,,0.115,2024-09-12,1,sci,161748,AT,2024vfy,25.53019842,-42.10050801,,,,18,ATLAS,18.0,ATLAS,18.081,72.0,orange,"J. Tonry, L. Denneau, H. Weiland, A. Lawrence, R. Siverd (IfA, University of Hawaii), N. Erasmus, W. Koorts (South African Astronomical Observatory), A. Jordan, V. Suc (UAI, Obstech), S. J. Smartt (Oxford/QUB), K. W. Smith, D. R. Young, M. Nicholl, M. Fulton, M. McCollum, T. Moore, J. Weston, X. Sheng, P. Ramsden, C. R. Angus, A. Wilson (Queen's University Belfast), A. Aamer (QUB/Birmingham), L. Shingles (GSI/QUB), S. Srivastav, J. Gillanders, L. Rhodes, H. Stevance (Oxford), A. Rest (STScI), T.-W. Chen (NCU), C. Stubbs (Harvard), J. Sommer (LMU/QUB), B. P. Schmidt (ANU)",9/12/24 0:11,"ATLAS24oda, PS24jjw",2024TNSTR3458....1T,,9/12/24 0:11,10/6/24 10:20,
AT2024xhz,field5598-2024-09-17,field5598,J,C3,/mnt/photometry/AT2024xhz/field5598-2024-09-17/J/stack/coadd.Open-J.01706038-01706074.C3.fits,/mnt/photometry/AT2024xhz/field5598-2024-09-17/J/stack/GRB_J_C3_Data_VHS_01706074.ecsv,2024-10-01,8.58,Circle,60.0,1,10,9223372036854775807:9223372036854775807:000NaN,26.80683,-40.65946,0.0,0.0,0.0,0.78,23.57,1.178,0.33668,-1.0,,,18.826,18.76,0.06,0.073,99.0,,18.878,,,,99.0,,,99.0,,0.114,2024-09-17,-14,sci,163218,AT,2024xhz,26.80694015,-40.65950317,,,,4,Pan-STARRS,4.0,Pan-STARRS,19.96,26.0,w,"K. C. Chambers, T. de Boer, J. Herman, J. Fairlamb, M. Huber, C.-C. Lin, T. Lowe, E. Magnier, A. Schultz, R. J. Wainscoat, H. Gao, P. Minguez (IfA, University of Hawaii), K. W. Smith, D. R. Young, S. Srivastav, M. Fulton, S. J. Smartt, M. Nicholl, T. Moore, J. Weston, C. R. Angus, S. Sim (Queen's University Belfast), D. E. Wright (University of Minnesota)",10/4/24 23:22,PS24jjn,2024TNSTR3859....1C,,10/4/24 23:22,10/4/24 23:22,
AT2024xdo,field16454-2024-09-24,field16454,J,C1,/mnt/photometry/AT2024xdo/field16454-2024-09-24/J/stack/coadd.Open-J.01733612-01733648.C1.fits,/mnt/photometry/AT2024xdo/field16454-2024-09-24/J/stack/GRB_J_C1_Data_UHS_01733648.ecsv,2024-09-30,8.58,Circle,60.0,1,10,9223372036854775807:9223372036854775807:000NaN,92.08277,2.23832,2.0,2.0,2.0,0.78,243.1,1.355,0.18649,0.13643,,,13.738,13.7,0.005,0.005,0.087,,13.699,,,,0.088,,,0.049,,0.005,2024-09-24,-6,sci,163103,AT,2024xdo,92.08275,2.238269,,,,24,GaiaAlerts,24.0,GaiaAlerts,16.38,75.0,G,"S.T. Hodgkin, E. Breedt, A. Delgado, D.L. Harrison, M. van Leeuwen, G. Rixon, T. Wevers, A. Yoldas (IoA Cambridge), N. Ihanec, K. Kruszyńska, K.A. Rybicki, Ł. Wyrzykowski (Warsaw University Astronomical Observatory), Z. Kostrzewa-Rutkowska (Leiden Observatory), D. Eappachen (SRON/RU), G. Marton (Konkoly Observatory), on behalf of the Gaia Alerts team",10/3/24 7:09,Gaia24cts,2024TNSTR3840....1H,,10/3/24 7:09,10/3/24 7:09,
AT2024wxc,field7931-2024-09-12,field7931,J,C1,/mnt/photometry/AT2024wxc/field7931-2024-09-12/J/stack/coadd.Open-J.01675974-01676010.C1.fits,/mnt/photometry/AT2024wxc/field7931-2024-09-12/J/stack/GRB_J_C1_Data_VIKING_01676010.ecsv,2024-09-25,8.58,Circle,60.0,1,10,9223372036854775807:9223372036854775807:000NaN,39.10018,-29.60545,2.0,2.0,1.0,0.94,17.59,1.629,0.2343,0.2868,,,18.615,18.644,0.071,0.06,0.228,,18.647,,,,0.225,,,0.257,,0.11,2024-09-12,-13,sci,162935,AT,2024wxc,39.10025,-29.605439,,,,24,GaiaAlerts,24.0,GaiaAlerts,18.96,75.0,G,"S.T. Hodgkin, E. Breedt, A. Delgado, D.L. Harrison, M. van Leeuwen, G. Rixon, T. Wevers, A. Yoldas (IoA Cambridge), N. Ihanec, K. Kruszyńska, K.A. Rybicki, Ł. Wyrzykowski (Warsaw University Astronomical Observatory), Z. Kostrzewa-Rutkowska (Leiden Observatory), D. Eappachen (SRON/RU), G. Marton (Konkoly Observatory), on behalf of the Gaia Alerts team",9/30/24 4:48,Gaia24cra,2024TNSTR3782....1H,,9/30/24 4:48,9/30/24 4:48,
SN2024vwl,field11722-2024-09-03,field11722,J,C4,/mnt/photometry/SN2024vwl/field11722-2024-09-03/J/stack/coadd.Open-J.01637810-01637846.C4.fits,/mnt/photometry/SN2024vwl/field11722-2024-09-03/J/stack/GRB_J_C4_Data_VHS_01637846.ecsv,2024-09-22,8.58,Circle,60.0,1,10,9223372036854775807:9223372036854775807:000NaN,49.18079,-15.4861,1.0,2.0,2.0,2.44,1e+30,1.031,0.82764,1.69334,,,21.939,22.041,0.001,99.0,-2.117,,123.685,,,,-103.761,,,-2.015,,0.001,2024-09-03,-19,sci,162220,SN,2024vwl,49.181,-15.486211,0.0674,3.0,SN Ia,74,ALeRCE,48.0,ZTF,19.2014,110.0,g,"F. Forster, F.E. Bauer, G. Pignata, A. Munoz-Arancibia, A. Mourao, L. Hernandez-Garcia, L. Galbany, J. Silva-Farfan, R. Dastidar, J.P. Brandt, A. Alvarez, G. Cabrera-Vives, R. Carrasco-Davis, P.A. Estevez, B. Gamboa, P. Huijse, H. Larranaga, C. Mansilla, K. Medina, D. Moreno, E. Munoz, E. Pizarro, I. Reyes, P. Sanchez-Saez, D. Rodriguez-Mancini, M. Catelan, S. Eyheramendy, M.J. Graham on behalf of the ALeRCE broker",9/22/24 16:07,"ZTF24abimnpm, PS24jfi, Gaia24cqq, ATLAS24opg, GOTO24gny",2024TNSTR3642....1F,2024TNSCR3758....1W,9/22/24 16:07,9/28/24 15:13,
AT2024vuk,field5636-2024-09-17,field5636,J,C2,/mnt/photometry/AT2024vuk/field5636-2024-09-17/J/stack/coadd.Open-J.01706318-01706354.C2.fits,/mnt/photometry/AT2024vuk/field5636-2024-09-17/J/stack/GRB_J_C2_Data_VHS_01706354.ecsv,2024-09-21,8.58,Circle,60.0,1,10,9223372036854775807:9223372036854775807:000NaN,83.47183,-39.66641,1.0,2.0,2.0,1.89,18.68,1.289,0.59141,0.3129,,,19.048,17.884,0.093,0.21,2.051,,19.519,,,,0.416,,,0.887,,0.109,2024-09-17,-4,sci,162166,AT,2024vuk,83.471689,-39.666291,,,,59,GOTO,59.0,GOTO,19.12,120.0,L,"D. O'Neill, K. Ackley, M. Dyer, F. Jiménez-Ibarra, J. Lyman, K. Ulaczyk, D. Steeghs, D. Galloway, V. Dhillon, P. O'Brien, G. Ramsay, K. Noysena, R. Kotak, R. Breton, L. Nuttall, E. Pallé, D. Pollacco, T. Killestein, A. Kumar, on behalf of GOTO collaboration",9/21/24 16:11,"GOTO24gce, ATLAS24oly",2024TNSTR3630....1O,,9/21/24 16:12,9/26/24 8:04,
AT2024vpy,field971-2024-09-15,field971,J,C2,/mnt/photometry/AT2024vpy/field971-2024-09-15/J/stack/coadd.Open-J.01694115-01694151.C2.fits,/mnt/photometry/AT2024vpy/field971-2024-09-15/J/stack/GRB_J_C2_Data_2MASS_01694151.ecsv,2024-09-18,8.58,Circle,60.0,1,10,9223372036854775807:9223372036854775807:000NaN,75.54259,-69.53993,2.0,2.0,2.0,1.21,306.72,1.175,0.97413,0.10905,,,13.709,13.573,0.005,0.005,-0.162,,13.637,,,,-0.226,,,-0.298,,0.005,2024-09-15,-3,sci,162016,AT,2024vpy,75.542375,-69.540194,,,,36,MASTER,36.0,MASTER,14.9,1.0,Clear,"V.Shumkov, V. Lipunov, V.Kornilov, E. Gorbovskoy, K. Zhirkov, N.Tyurina, P.Balanutsa, A.Kuznetsov, V.Senik, D. Vlasenko, G.Antipov, D.Zimnukhov, E.Minkina, A.Chasovnikov, V.Topolev, D.Kuvshinov, D. Cheryasov, Ya.Kechin, Yu.Tselik, A. Sosnovskij (Lomonosov Moscow State University, SAI, Physics Department), R. Podesta, C.Lopez, F. Podesta, C.Francile (Observatorio Astronomico Felix Aguilar OAFA), R. Rebolo, M. Serra (The Instituto de Astrofisica de Canarias), D. Buckley (South African Astronomical Observatory), O.A. Gress, N.M. Budnev, O.Ershova (Irkutsk State University, API), L.Carrasco, J.R.Valdes, V.Chavushyan, V.M.Patino Alvarez, J.Martinez, A.R.Corella, L.H.Rodriguez (INAOE, Guillermo Haro Astrophysics Observatory), A. Tlatov, D. Dormidontov (Kislovodsk Solar Station of the Pulkovo Observatory), V. Yurkov, A. Gabovich (Blagoveschensk Educational State University)",9/18/24 20:44,MASTER OT J050210.17-693224.7,2024TNSTR3570....1S,,9/18/24 20:44,9/18/24 20:44,
AT2024vlx,field576-2024-09-12,field576,J,C3,/mnt/photometry/AT2024vlx/field576-2024-09-12/J/stack/coadd.Open-J.01674814-01674850.C3.fits,/mnt/photometry/AT2024vlx/field576-2024-09-12/J/stack/GRB_J_C3_Data_VHS_01674850.ecsv,2024-09-15,8.58,Circle,60.0,1,10,9223372036854775807:9223372036854775807:000NaN,49.16486,-74.43015,2.0,2.0,2.0,2.58,61.39,1.483,1.83549,0.47857,,,17.32,15.953,0.033,0.038,1.776,,17.237,,,,0.493,,,0.41,,0.028,2024-09-12,-3,sci,161907,AT,2024vlx,49.16302333,-74.43001333,,,,18,ATLAS,18.0,ATLAS,18.616,72.0,orange,"J. Tonry, L. Denneau, H. Weiland, A. Lawrence, R. Siverd (IfA, University of Hawaii), N. Erasmus, W. Koorts (South African Astronomical Observatory), A. Jordan, V. Suc (UAI, Obstech), S. J. Smartt (Oxford/QUB), K. W. Smith, D. R. Young, M. Nicholl, M. Fulton, M. McCollum, T. Moore, J. Weston, X. Sheng, P. Ramsden, C. R. Angus, A. Wilson (Queen's University Belfast), A. Aamer (QUB/Birmingham), L. Shingles (GSI/QUB), S. Srivastav, J. Gillanders, L. Rhodes, H. Stevance (Oxford), A. Rest (STScI), T.-W. Chen (NCU), C. Stubbs (Harvard), J. Sommer (LMU/QUB), B. P. Schmidt (ANU)",9/16/24 14:21,"ATLAS24ohb, GOTO24hes",2024TNSTR3523....1T,,9/16/24 14:21,9/16/24 14:21,
AT2024viy,field5116-2024-09-12,field5116,J,C1,/mnt/photometry/AT2024viy/field5116-2024-09-12/J/stack/coadd.Open-J.01675214-01675250.C1.fits,/mnt/photometry/AT2024viy/field5116-2024-09-12/J/stack/GRB_J_C1_Data_VHS_01675250.ecsv,2024-09-07,8.58,Circle,60.0,1,10,9223372036854775807:9223372036854775807:000NaN,13.52865,-42.08888,0.0,0.0,0.0,1.3,12.35,1.787,0.30536,-1.0,,,19.174,18.752,0.109,0.089,99.0,,19.02,,,,99.0,,,99.0,,0.154,2024-09-12,5,sci,161827,AT,2024viy,13.52868,-42.0889625,,,,18,ATLAS,18.0,ATLAS,19.287,72.0,orange,"J. Tonry, L. Denneau, H. Weiland, A. Lawrence, R. Siverd (IfA, University of Hawaii), N. Erasmus, W. Koorts (South African Astronomical Observatory), A. Jordan, V. Suc (UAI, Obstech), S. J. Smartt (Oxford/QUB), K. W. Smith, D. R. Young, M. Nicholl, M. Fulton, M. McCollum, T. Moore, J. Weston, X. Sheng, P. Ramsden, C. R. Angus, A. Wilson (Queen's University Belfast), A. Aamer (QUB/Birmingham), L. Shingles (GSI/QUB), S. Srivastav, J. Gillanders, L. Rhodes, H. Stevance (Oxford), A. Rest (STScI), T.-W. Chen (NCU), C. Stubbs (Harvard), J. Sommer (LMU/QUB), B. P. Schmidt (ANU)",9/13/24 17:27,ATLAS24ofd,2024TNSTR3476....1T,,9/13/24 17:27,9/13/24 17:27,
AT2024vdq,field10180-2024-09-03,field10180,J,C3,/mnt/photometry/AT2024vdq/field10180-2024-09-03/J/stack/coadd.Open-J.01637210-01637246.C3.fits,/mnt/photometry/AT2024vdq/field10180-2024-09-03/J/stack/GRB_J_C3_Data_VHS_01637246.ecsv,2024-09-08,8.58,Circle,60.0,1,10,9223372036854775807:9223372036854775807:000NaN,358.58725,-22.55268,2.0,1.0,2.0,2.34,24.84,1.263,2.6007,0.71954,,,17.688,16.349,0.082,0.074,1.287,,17.292,,,,0.344,,,-0.053,,0.071,2024-09-03,-5,sci,161680,AT,2024vdq,358.5877655,-22.55322602,,,,83,YSE,4.0,Pan-STARRS,20.57,56.0,g,"D. O. Jones (UC Santa Cruz), K. D. French (Carnegie, Illinois), A. Agnello, C. R. Angus, Z. Ansari, N. Arendse, C. Gall, C. Grillo, S. H. Bruun, C. Hede, J. Hjorth, L. Izzo, H. Korhonen, S. Raimundo, D. Kodi Ramanah, A. Sarangi, R. Wojtak, H. Pfister (DARK, U Copenhagen), K. Auchettl (DARK, UC Santa Cruz, U Melbourne), K. C. Chambers, M. E. Huber, E. A. Magnier, T. J. L. de Boer, J. R. Fairlamb, C. C. Lin, R. J. Wainscoat, T. Lowe, H. Gao, J. Herman, A. S. B. Schultz, P. Minguez (IfA, Hawaii), A. Engel, A. Gagliano, G. Narayan, M. Soraisam (Illinois), Q. Wang (JHU), A. Rest (JHU, STScI), S. J. Smartt, K. W. Smith (Queen's University Belfast), K. Alexander, P. Blanchard, L. DeMarchi, A. Hajela, W. Jacobson-Galan, R. Margutti, D. Matthews, C. Stauffer, M. Stroh, G. Terreran (Northwestern), M. Drout (U Toronto), D. A. Coulter, G. Dimitriadis, R. J. Foley, T. Hung, C. D. Kilpatrick, C. Rojas-Bravo, M. R. Siebert (UC Santa Cruz), E. Ramirez-Ruiz (UC Santa Cruz, DARK)",9/10/24 3:24,PS24iyd,2024TNSTR3425....1J,,9/10/24 3:24,9/10/24 3:24,
AT2024vci,field10171-2024-09-03,field10171,J,C4,/mnt/photometry/AT2024vci/field10171-2024-09-03/J/stack/coadd.Open-J.01636850-01636886.C4.fits,/mnt/photometry/AT2024vci/field10171-2024-09-03/J/stack/GRB_J_C4_Data_2MASS_01636886.ecsv,2024-09-01,8.58,Circle,60.0,1,10,9223372036854775807:9223372036854775807:000NaN,348.40911,-22.17576,3.0,3.0,3.0,1.59,14.81,1.846,0.03813,-1.0,,,18.258,17.854,0.097,0.077,99.0,,18.2,,,,99.0,,,99.0,,0.114,2024-09-03,2,sci,161636,AT,2024vci,348.4091042,-22.1757522,,,,48,ZTF,48.0,ZTF,19.5612,110.0,g,"Daniel Perley (LJMU), Christoffer Fremling (Caltech), Theophile du Laz (Caltech) on behalf of ZTF",9/9/24 10:52,ZTF24abempli,2024TNSTR3401....1P,,9/9/24 10:53,9/9/24 10:53,
AT2024uwv,field351-2024-09-10,field351,J,C3,/mnt/photometry/AT2024uwv/field351-2024-09-10/J/stack/coadd.Open-J.01663939-01663975.C3.fits,/mnt/photometry/AT2024uwv/field351-2024-09-10/J/stack/GRB_J_C3_Data_VHS_01663975.ecsv,2024-09-07,8.58,Circle,60.0,1,10,9223372036854775807:9223372036854775807:000NaN,52.38031,-78.23743,0.0,0.0,0.0,0.71,35.96,1.208,0.27019,-1.0,,,17.836,17.991,0.033,0.029,99.0,,17.827,,,,99.0,,,99.0,,0.043,2024-09-10,3,sci,161489,AT,2024uwv,52.380627,-78.237396,,,,59,GOTO,59.0,GOTO,17.99,120.0,L,"A. Kumar, D. O'Neill, K. Ackley, M. Dyer, F. Jiménez-Ibarra, J. Lyman, K. Ulaczyk, D. Steeghs, D. Galloway, V. Dhillon, P. O'Brien, G. Ramsay, K. Noysena, R. Kotak, R. Breton, L. Nuttall, E. Pallé, D. Pollacco, T. Killestein, on behalf of GOTO collaboration",9/7/24 17:13,"GOTO24fsi, ATLAS24nzv",2024TNSTR3354....1K,,9/7/24 17:13,9/8/24 13:01,
AT2024ugl,field4836-2024-08-14,field4836,J,C2,/mnt/photometry/AT2024ugl/field4836-2024-08-14/J/stack/coadd.Open-J.01544118-01544154.C2.fits,/mnt/photometry/AT2024ugl/field4836-2024-08-14/J/stack/GRB_J_C2_Data_VHS_01544154.ecsv,2024-08-28,8.58,Circle,60.0,1,10,9223372036854775807:9223372036854775807:000NaN,295.71865,-44.60893,1.0,1.0,2.0,2.3,33.34,2.339,1.97439,0.33739,,,18.162,16.702,0.054,0.066,1.518,,18.319,,,,-0.099,,,0.058,,0.04,2024-08-14,-14,sci,161063,AT,2024ugl,295.719164,-44.60934,,,,59,GOTO,59.0,GOTO,19.44,120.0,L,"A. Kumar, K. Ackley, M. Dyer, F. Jiménez-Ibarra, J. Lyman, K. Ulaczyk, D. Steeghs, D. Galloway, V. Dhillon, P. O'Brien, G. Ramsay, K. Noysena, R. Kotak, R. Breton, L. Nuttall, E. Pallé, D. Pollacco, T. Killestein, D. O'Neill, on behalf of GOTO collaboration",9/2/24 8:59,"GOTO24fam, ATLAS24nzq",2024TNSTR3241....1K,,9/2/24 8:59,9/8/24 12:57,
AT2024uia,field11680-2024-09-03,field11680,J,C4,/mnt/photometry/AT2024uia/field11680-2024-09-03/J/stack/coadd.Open-J.01636730-01636766.C4.fits,/mnt/photometry/AT2024uia/field11680-2024-09-03/J/stack/GRB_J_C4_Data_2MASS_01636766.ecsv,2024-08-28,8.58,Circle,60.0,1,10,9223372036854775807:9223372036854775807:000NaN,359.19678,-16.51315,3.0,3.0,3.0,1.71,15.81,1.131,0.66788,-1.0,,,18.616,17.586,0.118,0.111,99.0,,18.498,,,,99.0,,,99.0,,0.136,2024-09-03,6,sci,161104,AT,2024uia,359.1966009,-16.51307574,,,,48,ZTF,48.0,ZTF,20.4783,110.0,g,"VISHWAJEET Swain (IIT Bombay, India), Christoffer Fremling (Caltech), Daniel Perley (LJMU), Theophile Du Laz (Caltech) on behalf of ZTF",9/2/24 17:24,"ZTF24abdnitu, ATLAS24nxe, PS24ivc, GOTO24gdm",2024TNSTR3253....1S,,9/2/24 17:24,9/7/24 22:59,
AT2024uwy,field8409-2024-09-07,field8409,J,C3,/mnt/photometry/AT2024uwy/field8409-2024-09-07/J/stack/coadd.Open-J.01655845-01655881.C3.fits,/mnt/photometry/AT2024uwy/field8409-2024-09-07/J/stack/GRB_J_C3_Data_VHS_01655881.ecsv,2024-09-01,8.58,Circle,60.0,1,10,9223372036854775807:9223372036854775807:000NaN,301.3622,-28.95608,2.0,1.0,2.0,1.64,59.67,1.169,1.17991,0.12129,,,17.043,16.406,0.027,0.023,0.714,,16.845,,,,0.275,,,0.076,,0.027,2024-09-07,6,sci,161492,AT,2024uwy,301.3624979,-28.95588247,,,,4,Pan-STARRS,4.0,Pan-STARRS,20.17,26.0,w,"K. C. Chambers, T. de Boer, J. Herman, J. Fairlamb, M. Huber, C.-C. Lin, T. Lowe, E. Magnier, A. Schultz, R. J. Wainscoat, H. Gao, P. Minguez (IfA, University of Hawaii), K. W. Smith, D. R. Young, S. Srivastav, M. Fulton, S. J. Smartt, M. Nicholl, T. Moore, J. Weston, C. R. Angus, S. Sim (Queen's University Belfast), D. E. Wright (University of Minnesota)",9/7/24 17:40,PS24iub,2024TNSTR3359....1C,,9/7/24 17:40,9/7/24 17:40,
AT2024uwk,field277-2024-09-07,field277,J,C2,/mnt/photometry/AT2024uwk/field277-2024-09-07/J/stack/coadd.Open-J.01657245-01657281.C2.fits,/mnt/photometry/AT2024uwk/field277-2024-09-07/J/stack/GRB_J_C2_Data_VHS_01657281.ecsv,2024-09-07,8.58,Circle,60.0,1,10,9223372036854775807:9223372036854775807:000NaN,348.15745,-79.53995,2.0,2.0,2.0,1.74,32.5,2.496,0.75065,0.08719,,,17.882,17.011,0.045,0.099,1.165,,17.469,,,,0.707,,,0.294,,0.048,2024-09-07,0,sci,161478,AT,2024uwk,348.158145,-79.539783,,,,59,GOTO,59.0,GOTO,19.37,120.0,L,"M. Kennedy, D. O'Neill, K. Ackley, M. Dyer, F. Jiménez-Ibarra, J. Lyman, K. Ulaczyk, D. Steeghs, D. Galloway, V. Dhillon, P. O'Brien, G. Ramsay, K. Noysena, R. Kotak, R. Breton, L. Nuttall, E. Pallé, D. Pollacco, T. Killestein, A. Kumar, on behalf of GOTO collaboration",9/7/24 13:56,GOTO24frx,2024TNSTR3358....1K,,9/7/24 13:56,9/7/24 13:56,
AT2024uew,field11142-2024-09-05,field11142,J,C1,/mnt/photometry/AT2024uew/field11142-2024-09-05/J/stack/coadd.Open-J.01646809-01646845.C1.fits,/mnt/photometry/AT2024uew/field11142-2024-09-05/J/stack/GRB_J_C1_Data_VHS_01646845.ecsv,2024-09-01,8.58,Circle,60.0,1,10,9223372036854775807:9223372036854775807:000NaN,79.7081,-17.20585,0.0,0.0,0.0,0.79,11.84,1.159,0.23761,-1.0,,,19.164,19.479,0.103,0.095,99.0,,19.34,,,,99.0,,,99.0,,0.148,2024-09-05,4,sci,161022,AT,2024uew,79.70808667,-17.20591667,,,,18,ATLAS,18.0,ATLAS,18.594,72.0,orange,"J. Tonry, L. Denneau, H. Weiland, A. Lawrence, R. Siverd (IfA, University of Hawaii), N. Erasmus, W. Koorts (South African Astronomical Observatory), A. Jordan, V. Suc (UAI, Obstech), S. J. Smartt (Oxford/QUB), K. W. Smith, D. R. Young, M. Nicholl, M. Fulton, M. McCollum, T. Moore, J. Weston, X. Sheng, P. Ramsden, C. R. Angus, A. Wilson (Queen's University Belfast), A. Aamer (QUB/Birmingham), L. Shingles (GSI/QUB), S. Srivastav, J. Gillanders, L. Rhodes, H. Stevance (Oxford), A. Rest (STScI), T.-W. Chen (NCU), C. Stubbs (Harvard), J. Sommer (LMU/QUB), B. P. Schmidt (ANU)",9/1/24 23:36,ATLAS24nrg,2024TNSTR3219....1T,,9/1/24 23:36,9/1/24 23:36,
AT2024sul,field11677-2024-09-03,field11677,J,C1,/mnt/photometry/AT2024sul/field11677-2024-09-03/J/stack/coadd.Open-J.01636610-01636646.C1.fits,/mnt/photometry/AT2024sul/field11677-2024-09-03/J/stack/GRB_J_C1_Data_VHS_01636646.ecsv,2024-08-25,8.58,Circle,60.0,1,10,9223372036854775807:9223372036854775807:000NaN,355.19847,-16.01938,2.0,2.0,2.0,0.92,8.71,1.515,0.41868,0.86647,,,19.306,19.501,0.158,0.125,1.184,,19.269,,,,1.416,,,1.38,,0.156,2024-09-03,9,sci,160071,AT,2024sul,355.1983764,-16.0194606,,,,74,ALeRCE,48.0,ZTF,19.8266,110.0,g,"F. Forster, F.E. Bauer, G. Pignata, A. Munoz-Arancibia, A. Mourao, L. Hernandez-Garcia, L. Galbany, J. Silva-Farfan, R. Dastidar, J.P. Brandt, A. Alvarez, G. Cabrera-Vives, R. Carrasco-Davis, P.A. Estevez, B. Gamboa, P. Huijse, H. Larranaga, C. Mansilla, K. Medina, D. Moreno, E. Munoz, E. Pizarro, I. Reyes, P. Sanchez-Saez, D. Rodriguez-Mancini, M. Catelan, S. Eyheramendy, M.J. Graham on behalf of the ALeRCE broker",8/26/24 0:25,ZTF24abculod,2024TNSTR3087....1F,,8/26/24 0:25,8/26/24 0:25,
AT2024snz,field15185-2024-08-15,field15185,J,C4,/mnt/photometry/AT2024snz/field15185-2024-08-15/J/stack/coadd.Open-J.01552276-01552312.C4.fits,/mnt/photometry/AT2024snz/field15185-2024-08-15/J/stack/GRB_J_C4_Data_VHS_01552312.ecsv,2024-08-09,8.58,Circle,60.0,1,10,9223372036854775807:9223372036854775807:000NaN,87.41096,-2.87337,0.0,0.0,0.0,0.84,153.8,1.121,0.09678,-1.0,,,15.222,15.231,0.008,0.007,99.0,,15.219,,,,99.0,,,99.0,,0.009,2024-08-15,6,sci,159891,AT,2024snz,87.410958,-2.8734,,,,24,GaiaAlerts,24.0,GaiaAlerts,18.27,75.0,G,"S.T. Hodgkin, E. Breedt, A. Delgado, D.L. Harrison, M. van Leeuwen, G. Rixon, T. Wevers, A. Yoldas (IoA Cambridge), N. Ihanec, K. Kruszyńska, K.A. Rybicki, Ł. Wyrzykowski (Warsaw University Astronomical Observatory), Z. Kostrzewa-Rutkowska (Leiden Observatory), D. Eappachen (SRON/RU), G. Marton (Konkoly Observatory), on behalf of the Gaia Alerts team",8/23/24 12:35,Gaia24cgx,2024TNSTR3050....1H,,8/23/24 12:36,8/23/24 12:36,
SN2024sfg,field21365-2024-08-16,field21365,J,C1,/mnt/photometry/SN2024sfg/field21365-2024-08-16/J/stack/coadd.Open-J.01560011-01560047.C1.fits,/mnt/photometry/SN2024sfg/field21365-2024-08-16/J/stack/GRB_J_C1_Data_2MASS_01560047.ecsv,2024-08-14,8.58,Circle,60.0,1,10,9223372036854775807:9223372036854775807:000NaN,53.69489,20.78819,3.0,3.0,3.0,1.1,14.45,1.452,0.19333,-1.0,,,18.664,18.365,0.101,0.085,99.0,,18.518,,,,99.0,,,99.0,,0.16,2024-08-16,2,sci,159647,SN,2024sfg,53.69492577,20.78822588,0.027,10.0,SN II,18,ATLAS,18.0,ATLAS,18.878,72.0,orange,"J. Tonry, L. Denneau, H. Weiland, A. Lawrence, R. Siverd (IfA, University of Hawaii), N. Erasmus, W. Koorts (South African Astronomical Observatory), A. Jordan, V. Suc (UAI, Obstech), S. J. Smartt (Oxford/QUB), K. W. Smith, D. R. Young, M. Nicholl, M. Fulton, M. McCollum, T. Moore, J. Weston, X. Sheng, P. Ramsden, C. R. Angus, A. Wilson (Queen's University Belfast), A. Aamer (QUB/Birmingham), L. Shingles (GSI/QUB), S. Srivastav, J. Gillanders, L. Rhodes, H. Stevance (Oxford), A. Rest (STScI), T.-W. Chen (NCU), C. Stubbs (Harvard), J. Sommer (LMU/QUB), B. Schmidt (ANU)",8/15/24 11:18,"ATLAS24nau, GOTO24esw, PS24hxd",2024TNSTR2949....1T,2024TNSCR3044....1S,8/15/24 11:18,8/22/24 15:17,
AT2024sjl,field14551-2024-08-07,field14551,J,C4,/mnt/photometry/AT2024sjl/field14551-2024-08-07/J/stack/coadd.Open-J.01526110-01526146.C4.fits,/mnt/photometry/AT2024sjl/field14551-2024-08-07/J/stack/GRB_J_C4_Data_VHS_01526146.ecsv,2024-08-08,8.58,Circle,60.0,1,10,9223372036854775807:9223372036854775807:000NaN,83.86725,-5.19367,2.0,2.0,2.0,9.92,249.36,2.195,0.59351,5.84763,,,14.508,12.953,0.005,0.008,7.748,,14.377,,,,6.324,,,6.193,,0.006,2024-08-07,-1,sci,159763,AT,2024sjl,83.867375,-5.193781,,,,24,GaiaAlerts,24.0,GaiaAlerts,17.81,75.0,G,"S.T. Hodgkin, E. Breedt, A. Delgado, D.L. Harrison, M. van Leeuwen, G. Rixon, T. Wevers, A. Yoldas (IoA Cambridge), N. Ihanec, K. Kruszyńska, K.A. Rybicki, Ł. Wyrzykowski (Warsaw University Astronomical Observatory), Z. Kostrzewa-Rutkowska (Leiden Observatory), D. Eappachen (SRON/RU), G. Marton (Konkoly Observatory), on behalf of the Gaia Alerts team",8/17/24 11:07,Gaia24cgl,2024TNSTR2981....1H,,8/17/24 11:07,8/17/24 11:07,
AT2024scc,field3358-2024-08-06,field3358,J,C4,/mnt/photometry/AT2024scc/field3358-2024-08-06/J/stack/coadd.Open-J.01518060-01518096.C4.fits,/mnt/photometry/AT2024scc/field3358-2024-08-06/J/stack/GRB_J_C4_Data_VHS_01518096.ecsv,2024-08-10,8.58,Circle,60.0,1,10,9223372036854775807:9223372036854775807:000NaN,295.11425,-52.95494,2.0,2.0,2.0,1.81,20.39,1.263,0.3292,0.45078,,,17.766,17.258,0.083,0.066,0.975,,17.654,,,,0.578,,,0.467,,0.083,2024-08-06,-4,sci,159547,AT,2024scc,295.1144014,-52.95495429,,,,18,ATLAS,18.0,ATLAS,19.196,71.0,cyan,"J. Tonry, L. Denneau, H. Weiland, A. Lawrence, R. Siverd (IfA, University of Hawaii), N. Erasmus, W. Koorts (South African Astronomical Observatory), A. Jordan, V. Suc (UAI, Obstech), S. J. Smartt (Oxford/QUB), K. W. Smith, D. R. Young, M. Nicholl, M. Fulton, M. McCollum, T. Moore, J. Weston, X. Sheng, P. Ramsden, C. R. Angus, A. Wilson (Queen's University Belfast), A. Aamer (QUB/Birmingham), L. Shingles (GSI/QUB), S. Srivastav, J. Gillanders, L. Rhodes, H. Stevance (Oxford), A. Rest (STScI), T.-W. Chen (NCU), C. Stubbs (Harvard), J. Sommer (LMU/QUB), B. Schmidt (ANU)",8/13/24 12:05,ATLAS24mvn,2024TNSTR2910....1T,,8/13/24 12:05,8/13/24 12:05,
AT2024rph,field15809-2024-08-06,field15809,J,C1,/mnt/photometry/AT2024rph/field15809-2024-08-06/J/stack/coadd.Open-J.01518580-01518616.C1.fits,/mnt/photometry/AT2024rph/field15809-2024-08-06/J/stack/GRB_J_C1_Data_VHS_01518616.ecsv,2024-08-07,8.58,Circle,60.0,1,10,9223372036854775807:9223372036854775807:000NaN,77.4152,-0.15341,2.0,2.0,2.0,3.0,31.85,1.322,0.71176,2.73893,,,18.289,16.891,0.069,0.062,2.164,,18.216,,,,0.838,,,0.766,,0.063,2024-08-06,-1,sci,159210,AT,2024rph,77.415333,-0.153561,,,,59,GOTO,59.0,GOTO,18.78,120.0,L,"A. Kumar, K. Ackley, M. Dyer, F. Jiménez-Ibarra, J. Lyman, K. Ulaczyk, D. Steeghs, D. Galloway, V. Dhillon, P. O'Brien, G. Ramsay, K. Noysena, R. Kotak, R. Breton, L. Nuttall, E. Pallé, D. Pollacco, T. Killestein, D. O'Neill, on behalf of GOTO collaboration",8/7/24 20:26,"GOTO24eoy, Gaia24cem, ATLAS24nhh, ZTF24abdbgot, PS24jjv",2024TNSTR2798....1K,,8/7/24 20:26,8/12/24 23:36,
AT2024rwy,field16007-2024-07-30,field16007,J,C1,/mnt/photometry/AT2024rwy/field16007-2024-07-30/J/stack/coadd.Open-J.01475283-01475319.C1.fits,/mnt/photometry/AT2024rwy/field16007-2024-07-30/J/stack/GRB_J_C1_Data_VHS_01475319.ecsv,2024-07-27,8.58,Circle,60.0,1,10,9223372036854775807:9223372036854775807:000NaN,302.80123,-0.08435,2.0,2.0,2.0,1.07,32.1,1.085,0.49013,0.23123,,,18.015,17.795,0.04,0.038,0.634,,17.98,,,,0.449,,,0.413,,0.046,2024-07-30,3,sci,159410,AT,2024rwy,302.8013207,-0.0844592,,,,48,ZTF,48.0,ZTF,20.1485,111.0,r,"Daniel Perley (LJMU), Christoffer Fremling (Caltech), Theophile du Laz (Caltech) on behalf of ZTF",8/11/24 0:22,ZTF24aaxwmct,2024TNSTR2875....1P,,8/11/24 0:22,8/11/24 0:22,
AT2024rwy,field16006-2024-07-30,field16006,J,C2,/mnt/photometry/AT2024rwy/field16006-2024-07-30/J/stack/coadd.Open-J.01475243-01475279.C2.fits,/mnt/photometry/AT2024rwy/field16006-2024-07-30/J/stack/GRB_J_C2_Data_VHS_01475279.ecsv,2024-07-27,8.58,Circle,60.0,1,10,9223372036854775807:9223372036854775807:000NaN,302.80118,-0.08447,1.0,2.0,1.0,1.13,13.91,1.179,0.50725,0.23438,,,18.128,18.195,0.087,0.096,0.234,,18.28,,,,0.149,,,0.301,,0.1,2024-07-30,3,sci,159410,AT,2024rwy,302.8013207,-0.0844592,,,,48,ZTF,48.0,ZTF,20.1485,111.0,r,"Daniel Perley (LJMU), Christoffer Fremling (Caltech), Theophile du Laz (Caltech) on behalf of ZTF",8/11/24 0:22,ZTF24aaxwmct,2024TNSTR2875....1P,,8/11/24 0:22,8/11/24 0:22,
AT2024qsu,field1532-2024-07-31,field1532,J,C2,/mnt/photometry/AT2024qsu/field1532-2024-07-31/J/stack/coadd.Open-J.01482495-01482531.C2.fits,/mnt/photometry/AT2024qsu/field1532-2024-07-31/J/stack/GRB_J_C2_Data_VHS_01482531.ecsv,2024-07-30,8.58,Circle,60.0,1,10,9223372036854775807:9223372036854775807:000NaN,287.99217,-64.71113,0.0,0.0,0.0,1.86,22.25,1.409,0.32956,-1.0,,,18.228,17.472,0.068,0.115,99.0,,18.153,,,,99.0,,,99.0,,0.088,2024-07-31,1,sci,158590,AT,2024qsu,287.992001,-64.711184,,,,59,GOTO,59.0,GOTO,19.84,120.0,L,"A. Kumar, M. Kennedy, K. Ackley, M. Dyer, F. Jiménez-Ibarra, J. Lyman, K. Ulaczyk, D. Steeghs, D. Galloway, V. Dhillon, P. O'Brien, G. Ramsay, K. Noysena, R. Kotak, R. Breton, L. Nuttall, E. Pallé, D. Pollacco, T. Killestein, D. O'Neill, on behalf of GOTO collaboration",7/31/24 13:12,GOTO24eat,2024TNSTR2676....1K,,7/31/24 13:12,7/31/24 13:12,
AT2024qir,field16030-2024-07-30,field16030,J,C4,/mnt/photometry/AT2024qir/field16030-2024-07-30/J/stack/coadd.Open-J.01476215-01476531.C4.fits,/mnt/photometry/AT2024qir/field16030-2024-07-30/J/stack/GRB_J_C4_Data_VHS_01476531.ecsv,2024-07-26,8.58,Circle,60.0,1,10,9223372036854775807:9223372036854775807:000NaN,330.13288,-0.65922,1.0,1.0,2.0,1.6,36.57,1.208,1.53534,0.12397,,,18.03,17.239,0.042,0.058,0.794,,18.013,,,,0.019,,,0.003,,0.047,2024-07-30,4,sci,158273,AT,2024qir,330.1328123,-0.659640849,,,,4,Pan-STARRS,4.0,Pan-STARRS,19.74,26.0,w,"K. C. Chambers, T. de Boer, J. Herman, J. Fairlamb, M. Huber, C.-C. Lin, T. Lowe, E. Magnier, A. Schultz, R. J. Wainscoat, H. Gao, P. Minguez (IfA, University of Hawaii), K. W. Smith, D. R. Young, S. Srivastav, M. Fulton, S. J. Smartt, M. Nicholl, T. Moore, J. Weston, C. R. Angus, S. Sim (Queen's University Belfast), D. E. Wright (University of Minnesota)",7/28/24 14:32,PS24hdt,2024TNSTR2629....1C,,7/28/24 14:32,7/28/24 14:32,
AT2024fln,field4820-2024-03-08,field4820,J,C4,/mnt/photometry/AT2024fln/field4820-2024-03-08/J/stack/coadd.Open-J.01022563-01022599.C4.fits,/mnt/photometry/AT2024fln/field4820-2024-03-08/J/stack/GRB_J_C4_Data_VHS_01022599.ecsv,2024-03-22,8.58,Circle,60.0,1,10,48.0,269.78916,-45.28158,2.0,2.0,2.0,1.09,40.95,2.127,0.36889,0.10861,,,17.289,16.903,0.031,0.026,0.625,,17.292,,,,0.237,,,0.239,,0.036,2024-03-08,-14,sci,149043,AT,2024fln,269.789292,-45.281539,,,,24,GaiaAlerts,24.0,GaiaAlerts,17.64,75.0,G,"S.T. Hodgkin, E. Breedt, A. Delgado, D.L. Harrison, M. van Leeuwen, G. Rixon, T. Wevers, A. Yoldas (IoA Cambridge), N. Ihanec, K. Kruszyńska, K.A. Rybicki, Ł. Wyrzykowski (Warsaw University Astronomical Observatory), Z. Kostrzewa-Rutkowska (Leiden Observatory), D. Eappachen (SRON/RU), G. Marton (Konkoly Observatory), on behalf of the Gaia Alerts team",4/3/24 14:10,Gaia24bct,2024TNSTR.909....1H,,4/3/24 14:10,4/3/24 14:10,
AT2024dtu,field4779-2024-03-08,field4779,J,C3,/mnt/photometry/AT2024dtu/field4779-2024-03-08/J/stack/coadd.Open-J.01020883-01020919.C3.fits,/mnt/photometry/AT2024dtu/field4779-2024-03-08/J/stack/GRB_J_C3_Data_VHS_01020919.ecsv,2024-03-04,8.58,Circle,60.0,1,10,48.0,203.86,-44.82248,0.0,0.0,0.0,0.79,47.62,1.213,0.11259,-1.0,,,17.321,17.259,0.025,0.023,99.0,,17.33,,,,99.0,,,99.0,,0.032,2024-03-08,4,sci,147758,AT,2024dtu,203.859958,-44.822469,,,,54,BraTS,54.0,BraTS,14.7,0.0,Other,"E. Pimentel, C. Barreto, C. Colesanti, C. Jacques, J. Amancio, J. Ribeiro, L. Amaral,M. Domingues, P. Holvorcem, T. Napoleao",3/4/24 19:45,"BraTS-SON-T2-053, MASTER OT J133526.28-444920.9, Gaia24azz",2024TNSTR.595....1P,,3/4/24 19:45,3/18/24 17:12,
AT2024elb,field10868-2024-03-14,field10868,J,C3,/mnt/photometry/AT2024elb/field10868-2024-03-14/J/stack/coadd.Open-J.01045563-01045599.C3.fits,/mnt/photometry/AT2024elb/field10868-2024-03-14/J/stack/GRB_J_C3_Data_2MASS_01045599.ecsv,2024-03-13,8.58,Circle,60.0,1,10,48.0,111.53989,-19.04561,0.0,3.0,0.0,1.1,170.89,1.141,0.88796,-1.0,,,15.525,15.135,0.008,0.015,99.0,,15.432,,,,99.0,,,99.0,,0.007,2024-03-14,1,sci,148310,AT,2024elb,111.5396268,-19.04560679,,,,18,ATLAS,18.0,ATLAS,18.244,72.0,orange,"J. Tonry, L. Denneau, H. Weiland, A. Lawrence, R. Siverd (IfA, University of Hawaii), N. Erasmus, W. Koorts (South African Astronomical Observatory), A. Jordan, V. Suc (UAI, Obstech), S. J. Smartt (Oxford/QUB), K. W. Smith, D. R. Young, M. Nicholl, M. Fulton, M. McCollum, T. Moore, J. Weston, X. Sheng, P. Ramsden, C. R. Angus (Queen's University Belfast), A. Aamer (QUB/Birmingham), L. Shingles (GSI/QUB), S. Srivastav, J. Gillanders, L. Rhodes, A. Andersson, H. Stevance (Oxford), A. Rest (STScI), T.-W. Chen (NCU), C. Stubbs (Harvard), J. Sommer (LMU/QUB)",3/16/24 20:43,ATLAS24dvq,2024TNSTR.715....1T,,3/16/24 20:44,3/16/24 20:44,
AT2024eiw,field10271-2024-03-10,field10271,J,C4,/mnt/photometry/AT2024eiw/field10271-2024-03-10/J/stack/coadd.Open-J.01031647-01031683.C4.fits,/mnt/photometry/AT2024eiw/field10271-2024-03-10/J/stack/GRB_J_C4_Data_2MASS_01031683.ecsv,2024-03-13,8.58,Circle,60.0,1,10,48.0,109.85243,-21.20982,2.0,2.0,2.0,0.96,342.87,1.047,0.16345,0.1116,,,13.731,13.679,0.004,0.004,0.397,,13.717,,,,0.359,,,0.345,,0.004,2024-03-10,-3,sci,148253,AT,2024eiw,109.852458,-21.209781,,,,24,GaiaAlerts,24.0,GaiaAlerts,13.8,75.0,G,"S.T. Hodgkin, E. Breedt, A. Delgado, D.L. Harrison, M. van Leeuwen, G. Rixon, T. Wevers, A. Yoldas (IoA Cambridge), N. Ihanec, K. Kruszyńska, K.A. Rybicki, Ł. Wyrzykowski (Warsaw University Astronomical Observatory), Z. Kostrzewa-Rutkowska (Leiden Observatory), D. Eappachen (SRON/RU), G. Marton (Konkoly Observatory), on behalf of the Gaia Alerts team",3/16/24 17:30,Gaia24ayw,2024TNSTR.717....1H,,3/16/24 17:30,3/16/24 17:30,
AT2024eel,field9959-2024-03-09,field9959,J,C3,/mnt/photometry/AT2024eel/field9959-2024-03-09/J/stack/coadd.Open-J.01026011-01026047.C3.fits,/mnt/photometry/AT2024eel/field9959-2024-03-09/J/stack/GRB_J_C3_Data_VHS_01026047.ecsv,2024-03-09,8.58,Circle,60.0,1,10,48.0,88.36654,-22.14308,0.0,0.0,0.0,0.83,20.11,1.415,0.36769,-1.0,,,18.322,18.367,0.057,0.055,99.0,,18.459,,,,99.0,,,99.0,,0.067,2024-03-09,0,sci,148122,AT,2024eel,88.366625,-22.143011,,,,24,GaiaAlerts,24.0,GaiaAlerts,18.57,75.0,G,"S.T. Hodgkin, E. Breedt, A. Delgado, D.L. Harrison, M. van Leeuwen, G. Rixon, T. Wevers, A. Yoldas (IoA Cambridge), N. Ihanec, K. Kruszyńska, K.A. Rybicki, Ł. Wyrzykowski (Warsaw University Astronomical Observatory), Z. Kostrzewa-Rutkowska (Leiden Observatory), D. Eappachen (SRON/RU), G. Marton (Konkoly Observatory), on behalf of the Gaia Alerts team",3/11/24 15:37,Gaia24axf,2024TNSTR.655....1H,,3/11/24 15:37,3/11/24 15:37,
AT2024bcj,field13298-2024-01-18,field13298,J,C1,/mnt/photometry/AT2024bcj/field13298-2024-01-18/J/stack/coadd.Open-J.00900650-00900686.C1.fits,/mnt/photometry/AT2024bcj/field13298-2024-01-18/J/stack/GRB_J_C1_Data_VHS_00900686.ecsv,2024-01-20,8.58,Circle,60.0,1,10,9223372036854775807:9223372036854775807:000NaN,85.15573,-9.34193,0.0,0.0,0.0,1.08,498.65,1.124,0.31012,-1.0,,,13.278,13.071,0.003,0.008,99.0,,13.133,,,,99.0,,,99.0,,0.002,2024-01-18,-2,sci,145179,AT,2024bcj,85.155667,-9.341989,,,,24,GaiaAlerts,24.0,GaiaAlerts,16.3,75.0,G,"S.T. Hodgkin, E. Breedt, A. Delgado, D.L. Harrison, M. van Leeuwen, G. Rixon, T. Wevers, A. Yoldas (IoA Cambridge), N. Ihanec, K. Kruszyńska, K.A. Rybicki, Ł. Wyrzykowski (Warsaw University Astronomical Observatory), Z. Kostrzewa-Rutkowska (Leiden Observatory), D. Eappachen (SRON/RU), G. Marton (Konkoly Observatory), on behalf of the Gaia Alerts team",1/29/24 12:23,Gaia24ajz,2024TNSTR.276....1H,,1/29/24 12:23,1/29/24 12:23,
AT2024axt,field13298-2024-01-18,field13298,J,C4,/mnt/photometry/AT2024axt/field13298-2024-01-18/J/stack/coadd.Open-J.00900650-00900686.C4.fits,/mnt/photometry/AT2024axt/field13298-2024-01-18/J/stack/GRB_J_C4_Data_VHS_00900686.ecsv,2024-01-20,8.58,Circle,60.0,1,10,9223372036854775807:9223372036854775807:000NaN,85.76311,-9.8701,0.0,0.0,0.0,1.27,386.74,1.153,0.42162,-1.0,,,13.721,13.517,0.004,0.038,99.0,,14.833,,,,99.0,,,99.0,,0.003,2024-01-18,-2,sci,145057,AT,2024axt,85.763125,-9.870219,,,,24,GaiaAlerts,24.0,GaiaAlerts,16.88,75.0,G,"S.T. Hodgkin, E. Breedt, A. Delgado, D.L. Harrison, M. van Leeuwen, G. Rixon, T. Wevers, A. Yoldas (IoA Cambridge), N. Ihanec, K. Kruszyńska, K.A. Rybicki, Ł. Wyrzykowski (Warsaw University Astronomical Observatory), Z. Kostrzewa-Rutkowska (Leiden Observatory), D. Eappachen (SRON/RU), G. Marton (Konkoly Observatory), on behalf of the Gaia Alerts team",1/28/24 11:14,Gaia24aju,2024TNSTR.271....1H,,1/28/24 11:14,1/28/24 11:14,
AT2024ase,field13298-2024-01-18,field13298,J,C3,/mnt/photometry/AT2024ase/field13298-2024-01-18/J/stack/coadd.Open-J.00900650-00900686.C3.fits,/mnt/photometry/AT2024ase/field13298-2024-01-18/J/stack/GRB_J_C3_Data_VHS_00900686.ecsv,2024-01-20,8.58,Circle,60.0,1,10,9223372036854775807:9223372036854775807:000NaN,85.24265,-9.75181,2.0,2.0,2.0,1.07,376.4,1.197,0.11446,0.04398,,,13.719,13.662,0.004,0.003,0.213,,13.679,,,,0.196,,,0.156,,0.003,2024-01-18,-2,sci,144901,AT,2024ase,85.242625,-9.751831,,,,24,GaiaAlerts,24.0,GaiaAlerts,15.66,75.0,G,"S.T. Hodgkin, E. Breedt, A. Delgado, D.L. Harrison, M. van Leeuwen, G. Rixon, T. Wevers, A. Yoldas (IoA Cambridge), N. Ihanec, K. Kruszyńska, K.A. Rybicki, Ł. Wyrzykowski (Warsaw University Astronomical Observatory), Z. Kostrzewa-Rutkowska (Leiden Observatory), D. Eappachen (SRON/RU), G. Marton (Konkoly Observatory), on behalf of the Gaia Alerts team",1/24/24 10:58,Gaia24ain,2024TNSTR.242....1H,,1/24/24 10:58,1/24/24 10:58,
