,Unnamed: 0.3,Unnamed: 0.2,Unnamed: 0.1,Unnamed: 0,full_name,field,truncated_field,band,chip,coadd_path,ecsv_path,discoverydate,EXPTIMEE,DITHTYP,DITHRAD,DITH_REP,NINT,ROTOFF,RA,DEC,psfS_CM,aperS_CM,autoS_CM,Radius,SNR,Elongation,Distance,Separation,Survey_Crsmtch,Survey Crsmtch,aperMag,autoMag,aperMag_Err,psfMag_Err,autoME_CM,apMag,psfMag,Mag_Err_Crsmtch,Mag_Err,apMag2,psfME_CM,Mag,apMag_Err,aperME_CM,apMag2_Err,autoMag_Err,field_date,days_since_discovery,role,ref_coadd_path,ref_field,ref_chip,ref_autoMag,ref_autoMag_Err,ref_psfMag,ref_psfMag_Err,ref_aperMag,ref_aperMag_Err,ref_days_since_discovery,ref_autoS_CM,ref_psfS_CM,ref_aperS_CM,objid,name_prefix,name,ra,declination,redshift,typeid,type,reporting_groupid,reporting_group,source_groupid,source_group,discoverymag,discmagfilter,filter,reporters,time_received,internal_names,Discovery_ADS_bibcode,Class_ADS_bibcodes,creationdate,lastmodified,status,edge,px_from_edge,mag_dif,sci_ref_dif,average_sci_mag,b,sfft_diff,diff_cat,sci_rms,ref_rms,diff_rms,sci_fwhm,ref_fwhm,sci_cat_len,ref_cat_len,diff_cat_len,bogus,RA_ref,DEC_ref,psfS_CM_ref,aperS_CM_ref,autoS_CM_ref,Radius_ref,SNR_ref,Elongation_ref,Distance_ref,Separation_ref,autoMag_Err_ref,psfMag_Err_ref,aperME_CM_ref,autoMag_ref,psfME_CM_ref,psfMag_ref,aperMag_ref,aperMag_Err_ref,autoME_CM_ref,diff_distance
0,0,0,12,12,AT2025adpt,field7095-2025-11-13,field7095,J,C2,/mnt/photometry/AT2025adpt/field7095-2025-11-13/J/stack/coadd.Open-J.03185765-03185864.C2.fits,/mnt/photometry/AT2025adpt/field7095-2025-11-13/J/stack/GRB_J_C2_Data_VIKING_03185864.ecsv,2025-11-14,28.6,Random,20.0,1,10,48.0,0.96106,-33.20463,2.0,1.0,2.0,1.35,19.2,1.206,3.05151,0.27013,,,18.851,18.358,0.076,0.062,0.497,,18.657,,,,0.197,,,0.004,,0.09,2025-11-13,-1,sci,['/mnt/photometry/AT2025adpt/field7095-2025-11-17/J/stack/coadd.Open-J.03200535-03200634.C2.fits'],['field7095-2025-11-17'],['C2'],[18.369],[0.113],[18.126],[0.191],[18.767],[0.114],[3],[2.0],[2.0],[1.0],192773,AT,2025adpt,0.961726099,-33.20527461,,,,135.0,GW-MMADS,135.0,GW-MMADS,21.3774,21.0,g,"Xander J. Hall (CMU), Tomás Cabrera (CMU), Lei Hu (CMU), Antonella Palmese (CMU), Igor Andreoni (UMD), Brendan O’Connor (CMU), Robert Stein (Caltech), Michael Coughlin (UMN), Theo Jegou Du Laz (Caltech), Keerthi Kunnumkai (CMU), on behalf of GW-MMADS",11/15/25 21:59,T202511140003508m331219,2025TNSTR4589....1H,,11/15/25 22:00,11/15/25 22:00,,False,647.3466158659608,0.2989999999999995,0.0365000000000002,18.6045,-77.74933985712757,/mnt/photometry/AT2025adpt/07-21_1784599556.3760352.sfftdiff.fits,/mnt/photometry/AT2025adpt/07-21_1784599556.3760352.sfftdiff.fits.cat,1.85387530503273,1.778044963145256,1.1000392470002174,2.740000009536743,3.2239999771118164,5493.0,6967.0,15486.0,0,,,,,,,,,,,,,,,,,,,,3.599
1,1,1,17,17,AT2025admo,field4659-2025-11-13,field4659,J,C4,/mnt/photometry/AT2025admo/field4659-2025-11-13/J/stack/coadd.Open-J.03186865-03186964.C4.fits,/mnt/photometry/AT2025admo/field4659-2025-11-13/J/stack/GRB_J_C4_Data_VHS_03186964.ecsv,2025-11-14,28.6,Random,20.0,1,10,48.0,13.87475,-44.80094,1.0,1.0,2.0,2.41,18.13,2.486,2.24167,0.75832,,,18.921,17.642,0.1,0.152,1.321,,18.75,,,,0.212,,,0.042,,0.09,2025-11-13,-1,sci,['/mnt/photometry/AT2025admo/field4659-2025-11-17/J/stack/coadd.Open-J.03201635-03201734.C4.fits'],['field4659-2025-11-17'],['C4'],[18.368],[0.14],[18.839],[0.166],[18.784],[0.123],[3],[2.0],[1.0],[1.0],192690,AT,2025admo,13.87394915,-44.80119991,,,,135.0,GW-MMADS,135.0,GW-MMADS,22.2291,23.0,i,"Xander J. Hall (CMU), Tomás Cabrera (CMU), Lei Hu (CMU), Antonella Palmese (CMU), Igor Andreoni (UMD), Brendan O’Connor (CMU), Robert Stein (Caltech), Michael Coughlin (UMN), Theo Jegou Du Laz (Caltech), Keerthi Kunnumkai (CMU), on behalf of GW-MMADS",11/15/25 21:59,C202511140055297m444804,2025TNSTR4589....1H,,11/15/25 21:59,11/15/25 21:59,,True,301.24652185554805,1.1080000000000003,-0.2944999999999993,18.2815,-72.17874541758343,/mnt/photometry/AT2025admo/07-21_1784585521.166345.sfftdiff.fits,/mnt/photometry/AT2025admo/07-21_1784585521.166345.sfftdiff.fits.cat,1.864466254377365,1.8716164353847504,1.3808120761871336,3.848999977111816,3.046999931335449,2349.0,2575.0,13218.0,0,,,,,,,,,,,,,,,,,,,,3.304
2,2,2,18,18,AT2025admg,field4223-2025-11-13,field4223,J,C2,/mnt/photometry/AT2025admg/field4223-2025-11-13/J/stack/coadd.Open-J.03185875-03185974.C2.fits,/mnt/photometry/AT2025admg/field4223-2025-11-13/J/stack/GRB_J_C2_Data_VHS_03185974.ecsv,2025-11-14,28.6,Random,20.0,1,10,48.0,17.6638,-46.92214,1.0,1.0,2.0,1.58,22.73,1.367,0.24058,0.24359,,,18.551,17.952,0.064,0.117,0.575,,18.554,,,,-0.028,,,-0.024,,0.084,2025-11-13,-1,sci,['/mnt/photometry/AT2025admg/field4223-2025-11-17/J/stack/coadd.Open-J.03200645-03200744.C2.fits'],['field4223-2025-11-17'],['C2'],[17.97],[0.116],[18.407],[0.215],[18.333],[0.097],[3],[2.0],[1.0],[1.0],192682,AT,2025admg,17.66380353,-46.92206894,,,,135.0,GW-MMADS,135.0,GW-MMADS,22.9857,21.0,g,"Xander J. Hall (CMU), Tomás Cabrera (CMU), Lei Hu (CMU), Antonella Palmese (CMU), Igor Andreoni (UMD), Brendan O’Connor (CMU), Robert Stein (Caltech), Michael Coughlin (UMN), Theo Jegou Du Laz (Caltech), Keerthi Kunnumkai (CMU), on behalf of GW-MMADS",11/15/25 21:59,C202511140110393m465519,2025TNSTR4589....1H,,11/15/25 21:59,11/15/25 21:59,,False,662.2695270104791,0.6019999999999968,0.1000000000000014,18.2515,-69.75609434473559,/mnt/photometry/AT2025admg/07-21_1784602563.318178.sfftdiff.fits,/mnt/photometry/AT2025admg/07-21_1784602563.318178.sfftdiff.fits.cat,1.9238663442134856,1.738269872045517,1.07676793166399,2.9760000705718994,3.492000102996826,2293.0,6320.0,10246.0,0,,,,,,,,,,,,,,,,,,,,2.769
3,3,3,21,21,AT2025adkp,field5349-2025-11-17,field5349,J,C1,/mnt/photometry/AT2025adkp/field5349-2025-11-17/J/stack/coadd.Open-J.03204165-03204264.C1.fits,/mnt/photometry/AT2025adkp/field5349-2025-11-17/J/stack/GRB_J_C1_Data_VHS_03204264.ecsv,2025-11-14,28.6,Random,20.0,1,10,48.0,11.88779,-40.84169,2.0,2.0,2.0,1.6,54.35,1.764,1.99147,0.23333,,,17.393,16.816,0.028,0.026,0.677,,17.277,,,,0.216,,,0.1,,0.024,2025-11-17,3,sci,['/mnt/photometry/AT2025adkp/field5349-2025-11-13/J/stack/coadd.Open-J.03189487-03189586.C1.fits'],['field5349-2025-11-13'],['C1'],[16.873],[0.023],[17.284],[0.024],[17.409],[0.028],[-1],[2.0],[2.0],[1.0],192639,AT,2025adkp,11.88793612,-40.84114843,,,,135.0,GW-MMADS,135.0,GW-MMADS,20.9182,21.0,g,"Xander J. Hall (CMU), Tomás Cabrera (CMU), Lei Hu (CMU), Antonella Palmese (CMU), Igor Andreoni (UMD), Brendan O’Connor (CMU), Robert Stein (Caltech), Michael Coughlin (UMN), Theo Jegou Du Laz (Caltech), Keerthi Kunnumkai (CMU), on behalf of GW-MMADS",11/15/25 0:42,T202511140047331m405028,2025TNSTR4589....1H,,11/15/25 0:42,11/15/25 0:42,,False,1028.7352623346278,0.4610000000000021,-0.0365000000000002,17.1045,-76.10647985446751,/mnt/photometry/AT2025adkp/07-21_1784594352.7973356.sfftdiff.fits,/mnt/photometry/AT2025adkp/07-21_1784594352.7973356.sfftdiff.fits.cat,1.6796308233261108,1.3242919596433638,1.3349299217462538,3.062000036239624,3.174999952316284,2414.0,3651.0,11448.0,0,,,,,,,,,,,,,,,,,,,,2.583
4,4,4,26,26,AT2025adju,field3217-2025-11-13,field3217,J,C2,/mnt/photometry/AT2025adju/field3217-2025-11-13/J/stack/coadd.Open-J.03189157-03189256.C2.fits,/mnt/photometry/AT2025adju/field3217-2025-11-13/J/stack/GRB_J_C2_Data_VHS_03189256.ecsv,2025-11-14,28.6,Random,20.0,1,10,48.0,32.70662,-52.28347,0.0,0.0,0.0,1.11,27.58,1.279,0.19695,-1.0,,,18.453,18.285,0.047,0.118,99.0,,18.658,,,,99.0,,,99.0,,0.06,2025-11-13,-1,sci,['/mnt/photometry/AT2025adju/field3217-2025-11-17/J/stack/coadd.Open-J.03203835-03203934.C2.fits'],['field3217-2025-11-17'],['C2'],[18.352],[0.08],[19.028],[0.125],[18.6],[0.059],[3],[0.0],[0.0],[0.0],192618,AT,2025adju,32.70662275,-52.28341256,,,,135.0,GW-MMADS,135.0,GW-MMADS,21.1807,21.0,g,"Xander J. Hall (CMU), Tomás Cabrera (CMU), Lei Hu (CMU), Antonella Palmese (CMU), Igor Andreoni (UMD), Brendan O’Connor (CMU), Robert Stein (Caltech), Michael Coughlin (UMN), Theo Jegou Du Laz (Caltech), Keerthi Kunnumkai (CMU), on behalf of GW-MMADS",11/15/25 0:42,A202511140210496m521700,2025TNSTR4589....1H,,11/15/25 0:42,11/15/25 0:42,,False,1316.7108369154362,0.3730000000000011,-0.1070000000000011,18.369,-60.782946662343,/mnt/photometry/AT2025adju/07-21_1784589030.5637805.sfftdiff.fits,/mnt/photometry/AT2025adju/07-21_1784589030.5637805.sfftdiff.fits.cat,1.5009335618019104,1.7511193779230116,1.205082362473011,2.813999891281128,3.04099988937378,7032.0,3750.0,13005.0,0,,,,,,,,,,,,,,,,,,,,1.158
5,5,5,31,31,AT2025aamc,field7653-2025-10-13,field7653,J,C1,/mnt/photometry/AT2025aamc/field7653-2025-10-13/J/stack/coadd.Open-J.03081438-03081474.C1.fits,/mnt/photometry/AT2025aamc/field7653-2025-10-13/J/stack/GRB_J_C1_Data_VIKING_03081474.ecsv,2025-10-12,8.58,Circle,60.0,1,10,48.0,31.96365,-30.78506,0.0,0.0,0.0,1.17,5.72,1.584,0.09379,-1.0,,,19.636,19.808,0.207,0.176,99.0,,19.756,,,,99.0,,,99.0,,0.183,2025-10-13,1,sci,['/mnt/photometry/AT2025aamc/field7653-2025-11-19/J/stack/coadd.Open-J.03210553-03210589.C1.fits'],['field7653-2025-11-19'],['C1'],[nan],[nan],[nan],[nan],[nan],[nan],[38],[nan],[nan],[nan],190549,AT,2025aamc,31.96365231,-30.78503077,,,,18.0,ATLAS,18.0,ATLAS,18.905,72.0,orange,"J. Tonry, L. Denneau, H. Weiland, R. Siverd (IfA, University of Hawaii), N. Erasmus, W. Koorts (South African Astronomical Observatory), A. Jordan, V. Suc (UAI, Obstech), M. R. Alarcón, J. Licandro, P. Nichita (IAC), S. J. Smartt, K. W. Smith (Oxford/QUB), D. R. Young, M. Nicholl, M. Fulton, M. McCollum, T. Moore, J. Weston, X. Sheng, C. R. Angus, A. Wilson, A. Aamer, D. Magill, P. J. Broda (QUB), P. Ramsden (Birmingham/QUB), L. Shingles (GSI/QUB), S. Srivastav, J. H. Gillanders, H. Stevance, A. J. Cooper, F. Stoppa, J. Tweddle (Oxford), L. Rhodes (TSI/McGill), A. Rest (STScI), T.-W. Chen (NCU), C. Stubbs (Harvard), J. S. Sommer (LMU), B. P. Schmidt (ANU)",10/14/25 23:32,"ATLAS25mpf, GOTO25iui",2025TNSTR4112....1T,,10/14/25 23:32,10/14/25 23:32,,False,799.2241831188621,0.0519999999999996,,19.722,-73.14403583259289,,,,,,,,,,,0,,,,,,,,,,,,,,,,,,,,2.595
6,6,6,35,35,AT2025zid,field9331-2025-09-03,field9331,J,C4,/mnt/photometry/AT2025zid/field9331-2025-09-03/J/stack/coadd.Open-J.02943305-02943341.C4.fits,/mnt/photometry/AT2025zid/field9331-2025-09-03/J/stack/GRB_J_C4_Data_VHS_02943341.ecsv,2025-08-29,8.58,Circle,60.0,1,10,48.0,31.59215,-24.72446,1.0,2.0,2.0,1.22,34.81,1.078,0.56525,0.14158,,,18.038,17.48,0.036,0.036,0.686,,18.143,,,,0.023,,,0.128,,0.052,2025-09-03,5,sci,['/mnt/photometry/AT2025zid/field9331-2025-09-13/J/stack/coadd.Open-J.02983148-02983184.C4.fits'],['field9331-2025-09-13'],['C4'],[17.51],[0.044],[18.139],[0.038],[18.01],[0.035],[15],[2.0],[1.0],[2.0],189767,AT,2025zid,31.5923171,-24.7244921,,,,48.0,ZTF,48.0,ZTF,20.0893,110.0,g,"Jesper Sollerman (SU), Christoffer Fremling (Caltech), Daniel Perley (LJMU), Theophile du Laz (Caltech) on behalf of ZTF",10/1/25 12:55,ZTF25abmydre,2025TNSTR3950....1S,,10/1/25 12:55,10/1/25 12:55,,False,900.2474466895219,0.6630000000000003,-0.0010000000000012,17.759,-73.29117516443712,/mnt/photometry/AT2025zid/07-21_1784598415.1192298.sfftdiff.fits,/mnt/photometry/AT2025zid/07-21_1784598415.1192298.sfftdiff.fits.cat,3.041494637060165,3.114907003211975,2.28566910867691,2.4760000705718994,2.365000009536743,2387.0,10524.0,14498.0,0,,,,,,,,,,,,,,,,,,,,1.341
7,7,7,37,37,AT2025ykf,field11089-2025-08-06,field11089,J,C2,/mnt/photometry/AT2025ykf/field11089-2025-08-06/J/stack/coadd.Open-J.02806274-02806310.C2.fits,/mnt/photometry/AT2025ykf/field11089-2025-08-06/J/stack/GRB_J_C2_Data_2MASS_02806310.ecsv,2025-08-25,8.58,Circle,60.0,1,10,48.0,17.53755,-16.85252,2.0,2.0,2.0,3.07,475.62,1.194,2.98597,1.44442,,,14.54,12.823,0.006,0.034,1.251,,14.447,,,,-0.373,,,-0.466,,0.005,2025-08-06,-19,sci,['/mnt/photometry/AT2025ykf/field11089-2025-12-13/J/stack/coadd.Open-J.03287650-03287686.C2.fits'],['field11089-2025-12-13'],['C2'],[12.881],[0.005],[15.741],[0.078],[14.636],[0.008],[110],[2.0],[2.0],[2.0],189128,AT,2025ykf,17.5366934,-16.8523998,,,,48.0,ZTF,48.0,ZTF,19.481,111.0,r,"Jesper Sollerman (SU), Christoffer Fremling (Caltech), Daniel Perley (LJMU), Theophile du Laz (Caltech) on behalf of ZTF",9/24/25 10:28,ZTF25abruqtr,2025TNSTR3850....1S,,9/24/25 10:28,9/24/25 10:28,,False,622.2206810318467,1.6239999999999988,-0.0769999999999999,13.6815,-79.09202256159801,/mnt/photometry/AT2025ykf/07-21_1784590771.1352596.sfftdiff.fits,/mnt/photometry/AT2025ykf/07-21_1784590771.1352596.sfftdiff.fits.cat,2.168284967422485,3.1619939921379085,3.7116714034080505,2.196000099182129,2.134000062942505,12104.0,15118.0,20402.0,0,,,,,,,,,,,,,,,,,,,,2.61
8,8,8,41,41,AT2025wog,field16066-2025-08-17,field16066,J,C4,/mnt/photometry/AT2025wog/field16066-2025-08-17/J/stack/coadd.Open-J.02858726-02858762.C4.fits,/mnt/photometry/AT2025wog/field16066-2025-08-17/J/stack/GRB_J_C4_Data_VHS_02858762.ecsv,2025-09-01,8.58,Circle,60.0,1,10,48.0,10.69493,0.30044,2.0,2.0,2.0,2.19,172.21,1.245,0.54442,0.04729,,,15.995,14.913,0.009,0.029,1.211,,15.956,,,,0.169,,,0.129,,0.01,2025-08-17,-15,sci,"['/mnt/photometry/AT2025wog/field16066-2025-12-14/J/stack/coadd.Open-J.03291310-03291346.C4.fits', '/mnt/photometry/AT2025wog/field16066-2025-12-17/J/stack/coadd.Open-J.03303794-03303830.C4.fits']","['field16066-2025-12-14', 'field16066-2025-12-17']","['C4', 'C4']","[14.884, 14.813]","[0.013, 0.016]","[15.905, 15.894]","[0.024, 0.051]","[16.012, 15.93]","[0.011, 0.016]","[104, 107]","[2.0, 2.0]","[2.0, 2.0]","[2.0, 2.0]",187819,AT,2025wog,10.69480719,0.300350807,,,,139.0,LAST,139.0,LAST,18.9,1.0,Clear,"E. O. Ofek (WIS), R. Konno (WIS), E. A. Zimmerman (WIS), A. Horowicz (WIS), S. Garrappa (WIS), S. Ben-Ami (WIS), D. Polishook (WIS), O. Yaron (WIS), P. Chen (WIS), A. Krassilchtchikov (WIS), Y. M. Shani (WIS), E. Segre (WIS), A. Gal-Yam (WIS), S. Spitzer (WIS), and K. Rybicki (WIS) on behalf of the LAST Collaboration",9/1/25 10:15,,2025TNSTR3499....1O,,9/1/25 10:15,9/1/25 10:15,,False,729.5650664210921,1.0429999999999993,0.044249999999999,15.454,-62.608871651043806,/mnt/photometry/AT2025wog/07-21_1784599986.9280233.sfftdiff.fits,/mnt/photometry/AT2025wog/07-21_1784599986.9280233.sfftdiff.fits.cat,3.1783530180931088,3.598001623535156,4.651992669153214,3.138999938964844,2.486000061035156,857.0,6079.0,20149.0,0,,,,,,,,,,,,,,,,,,,,1.278
9,9,9,42,42,AT2025whd,field11097-2025-08-06,field11097,J,C2,/mnt/photometry/AT2025whd/field11097-2025-08-06/J/stack/coadd.Open-J.02806594-02806630.C2.fits,/mnt/photometry/AT2025whd/field11097-2025-08-06/J/stack/GRB_J_C2_Data_2MASS_02806630.ecsv,2025-08-25,8.58,Circle,60.0,1,10,48.0,26.89538,-17.29208,3.0,3.0,3.0,1.39,37.43,2.373,0.82301,-1.0,,,18.111,17.374,0.037,0.052,99.0,,18.379,,,,99.0,,,99.0,,0.036,2025-08-06,-19,sci,['/mnt/photometry/AT2025whd/field11097-2025-12-13/J/stack/coadd.Open-J.03287730-03287766.C2.fits'],['field11097-2025-12-13'],['C2'],[17.377],[0.068],[18.618],[0.147],[18.125],[0.053],[110],[3.0],[3.0],[3.0],187632,AT,2025whd,26.89560647,-17.29200033,,,,74.0,ALeRCE,48.0,ZTF,20.3476,110.0,g,"A. Munoz-Arancibia, F.E. Bauer, G. Pignata, F. Forster, A. Mourao, S. Jurado, L. Hernandez-Garcia, L. Galbany, J. Silva-Farfan, R. Dastidar, J.P. Brandt, A. Alvarez, F. Andrades, G. Cabrera-Vives, R. Carrasco-Davis, P.A. Estevez, P. Huijse, H. Larranaga, C. Mansilla, K. Medina, D. Moreno, E. Munoz, I. Reyes, P. Sanchez-Saez, D. Rodriguez-Mancini, M. Catelan, S. Eyheramendy, M.J. Graham on behalf of the ALeRCE broker",8/29/25 20:39,"ZTF25abmdmzv, ATLAS25kvh",2025TNSTR3430....1M,,8/29/25 20:39,8/29/25 20:39,,False,823.0567022746939,1.0050000000000026,-0.0084999999999997,17.7425,-74.03773579535365,/mnt/photometry/AT2025whd/07-21_1784597615.468152.sfftdiff.fits,/mnt/photometry/AT2025whd/07-21_1784597615.468152.sfftdiff.fits.cat,2.3201268093824385,3.086632540655136,3.755202743196487,2.219000101089477,1.9170000553131104,7160.0,2157.0,23311.0,0,,,,,,,,,,,,,,,,,,,,0.436
10,10,10,43,43,AT2025vmj,field10497-2025-09-02,field10497,J,C1,/mnt/photometry/AT2025vmj/field10497-2025-09-02/J/stack/coadd.Open-J.02937261-02937297.C1.fits,/mnt/photometry/AT2025vmj/field10497-2025-09-02/J/stack/GRB_J_C1_Data_VHS_02937297.ecsv,2025-08-17,8.58,Circle,60.0,1,10,48.0,24.34695,-19.41145,2.0,2.0,2.0,2.26,60.93,1.415,0.42371,0.31874,,,17.533,16.49,0.029,0.025,1.324,,17.341,,,,0.473,,,0.282,,0.029,2025-09-02,16,sci,['/mnt/photometry/AT2025vmj/field10497-2025-12-13/J/stack/coadd.Open-J.03287470-03287506.C1.fits'],['field10497-2025-12-13'],['C1'],[16.534],[0.035],[17.752],[0.039],[17.671],[0.028],[118],[2.0],[1.0],[2.0],187084,AT,2025vmj,24.3470288,-19.4113589,,,,48.0,ZTF,48.0,ZTF,20.0184,110.0,g,"Daniel Perley (LJMU), Christoffer Fremling (Caltech), Theophile du Laz (Caltech) on behalf of ZTF",8/26/25 11:29,ZTF21absjxqc,2025TNSTR3380....1P,,8/26/25 11:29,8/26/25 11:29,,False,960.6364454302354,0.8510000000000026,-0.0909999999999993,17.011499999999998,-77.25437187733442,/mnt/photometry/AT2025vmj/07-21_1784589757.3670142.sfftdiff.fits,/mnt/photometry/AT2025vmj/07-21_1784589757.3670142.sfftdiff.fits.cat,2.1458137526750565,2.694698132944107,1.6958838054656982,3.5209999084472656,3.122999906539917,776.0,1460.0,10365.0,0,,,,,,,,,,,,,,,,,,,,0.351
11,11,11,52,52,SN2025tpu,field1811-2025-08-31,field1811,Z,C4,/mnt/photometry/SN2025tpu/field1811-2025-08-31/Z/stack/coadd.Z-Open.02923556-02923601.C4.fits,/mnt/photometry/SN2025tpu/field1811-2025-08-31/Z/stack/GRB_Z_C4_Data_Skymapper_02923601.ecsv,2025-08-12,11.44,Circle,60.0,1,10,48.0,281.91892,-63.16085,0.0,0.0,0.0,1.08,73.81,1.103,0.49083,-1.0,,,16.271,16.266,0.018,0.016,99.0,,16.262,,,,99.0,,,99.0,,0.019,2025-08-31,19,sci,"['/mnt/photometry/SN2025tpu/field1811-2025-09-13/Z/stack/coadd.Z-Open.02981346-02981391.C4.fits', '/mnt/photometry/SN2025tpu/field1811-2025-08-17/Z/stack/coadd.Z-Open.02857877-02857897.C4.fits', '/mnt/photometry/SN2025tpu/field1811-2025-09-09/Z/stack/coadd.Z-Open.02963873-02963918.C4.fits', '/mnt/photometry/SN2025tpu/field1811-2025-08-19/Z/stack/coadd.Z-Open.02871217-02871262.C4.fits', '/mnt/photometry/SN2025tpu/field1811-2025-08-30/Z/stack/coadd.Z-Open.02916656-02916701.C4.fits', '/mnt/photometry/SN2025tpu/field1811-2025-09-01/Z/stack/coadd.Z-Open.02929323-02929368.C4.fits', '/mnt/photometry/SN2025tpu/field1811-2025-09-03/Z/stack/coadd.Z-Open.02941619-02941664.C4.fits', '/mnt/photometry/SN2025tpu/field1811-2025-08-29/Z/stack/coadd.Z-Open.02909013-02909058.C4.fits', '/mnt/photometry/SN2025tpu/field1811-2025-08-18/Z/stack/coadd.Z-Open.02864543-02864588.C4.fits', '/mnt/photometry/SN2025tpu/field1811-2025-08-20/Z/stack/coadd.Z-Open.02874953-02874998.C4.fits']","['field1811-2025-09-13', 'field1811-2025-08-17', 'field1811-2025-09-09', 'field1811-2025-08-19', 'field1811-2025-08-30', 'field1811-2025-09-01', 'field1811-2025-09-03', 'field1811-2025-08-29', 'field1811-2025-08-18', 'field1811-2025-08-20']","['C4', 'C4', 'C4', 'C4', 'C4', 'C4', 'C4', 'C4', 'C4', 'C4']","[nan, 18.085, 16.584, 17.347, 16.304, 16.403, nan, 16.345, 17.468, 17.031]","[nan, 0.103, 0.027, 0.035, 0.019, 0.034, nan, 0.018, 0.038, 0.033]","[nan, 17.904, 16.339, 17.342, 16.303, 16.474, nan, 16.346, 17.459, 17.132]","[nan, 0.071, 0.022, 0.026, 0.019, 0.026, nan, 0.016, 0.029, 0.025]","[nan, 17.945, 16.498, 17.374, 16.292, 16.543, nan, 16.362, 17.505, 17.171]","[nan, 0.071, 0.022, 0.028, 0.018, 0.026, nan, 0.016, 0.031, 0.026]","[32, 5, 28, 7, 18, 20, 22, 17, 6, 8]","[nan, 0.0, 0.0, 0.0, 0.0, 0.0, nan, 0.0, 0.0, 0.0]","[nan, 0.0, 0.0, 0.0, 0.0, 0.0, nan, 0.0, 0.0, 0.0]","[nan, 0.0, 0.0, 0.0, 0.0, 0.0, nan, 0.0, 0.0, 0.0]",185818,SN,2025tpu,281.918767,-63.160972,0.015,13.0,SN IIn,60.0,BlackGEM,60.0,BlackGEM,19.25,118.0,BG-q,"P. Groot, H. Tranin, F. Stoppa, D. Pieterse, G. Ramsay, S. Faris, P. Vreeswijk, N. Blagorodnova, J. van Roestel, H. Wichern, S. Scaringi",8/12/25 8:40,"BGEM J184740.50-630939.4, ATLAS25jhf, GOTO25ger, MASTER OT J184740.60-630939.0, MASTER OT J184740.64-630939.3",2025TNSTR3159....1G,2025TNSCR3202....1v,8/12/25 8:42,8/14/25 6:38,,False,1754.475000022463,0.0039999999999977,-0.685062499999999,16.2685,-23.331391422678468,/mnt/photometry/SN2025tpu/07-21_1784587003.980944.sfftdiff.fits,/mnt/photometry/SN2025tpu/07-21_1784587003.980944.sfftdiff.fits.cat,1.4597996075749395,1.5199804450035097,1.0810949611902236,3.1730000972747803,2.359999895095825,5674.0,6814.0,15186.0,0,,,,,,,,,,,,,,,,,,,,0.738
12,12,12,53,53,SN2025tpu,field1811-2025-08-31,field1811,Z,C4,/mnt/photometry/SN2025tpu/field1811-2025-08-31/Z/stack/coadd.Z-Open.02923556-02923601.C4.fits,/mnt/photometry/SN2025tpu/field1811-2025-08-31/Z/stack/GRB_Z_C4_Data_Skymapper_02923601.ecsv,2025-08-12,11.44,Circle,60.0,1,10,48.0,281.91892,-63.16085,0.0,0.0,0.0,1.08,73.81,1.103,0.49083,-1.0,,,16.271,16.266,0.018,0.016,99.0,,16.262,,,,99.0,,,99.0,,0.019,2025-08-31,19,sci,"['/mnt/photometry/SN2025tpu/field1811-2025-09-13/Z/stack/coadd.Z-Open.02981346-02981391.C4.fits', '/mnt/photometry/SN2025tpu/field1811-2025-08-17/Z/stack/coadd.Z-Open.02857877-02857897.C4.fits', '/mnt/photometry/SN2025tpu/field1811-2025-09-09/Z/stack/coadd.Z-Open.02963873-02963918.C4.fits', '/mnt/photometry/SN2025tpu/field1811-2025-08-19/Z/stack/coadd.Z-Open.02871217-02871262.C4.fits', '/mnt/photometry/SN2025tpu/field1811-2025-08-30/Z/stack/coadd.Z-Open.02916656-02916701.C4.fits', '/mnt/photometry/SN2025tpu/field1811-2025-09-01/Z/stack/coadd.Z-Open.02929323-02929368.C4.fits', '/mnt/photometry/SN2025tpu/field1811-2025-09-03/Z/stack/coadd.Z-Open.02941619-02941664.C4.fits', '/mnt/photometry/SN2025tpu/field1811-2025-08-29/Z/stack/coadd.Z-Open.02909013-02909058.C4.fits', '/mnt/photometry/SN2025tpu/field1811-2025-08-18/Z/stack/coadd.Z-Open.02864543-02864588.C4.fits', '/mnt/photometry/SN2025tpu/field1811-2025-08-20/Z/stack/coadd.Z-Open.02874953-02874998.C4.fits']","['field1811-2025-09-13', 'field1811-2025-08-17', 'field1811-2025-09-09', 'field1811-2025-08-19', 'field1811-2025-08-30', 'field1811-2025-09-01', 'field1811-2025-09-03', 'field1811-2025-08-29', 'field1811-2025-08-18', 'field1811-2025-08-20']","['C4', 'C4', 'C4', 'C4', 'C4', 'C4', 'C4', 'C4', 'C4', 'C4']","[nan, 18.085, 16.584, 17.347, 16.304, 16.403, nan, 16.345, 17.468, 17.031]","[nan, 0.103, 0.027, 0.035, 0.019, 0.034, nan, 0.018, 0.038, 0.033]","[nan, 17.904, 16.339, 17.342, 16.303, 16.474, nan, 16.346, 17.459, 17.132]","[nan, 0.071, 0.022, 0.026, 0.019, 0.026, nan, 0.016, 0.029, 0.025]","[nan, 17.945, 16.498, 17.374, 16.292, 16.543, nan, 16.362, 17.505, 17.171]","[nan, 0.071, 0.022, 0.028, 0.018, 0.026, nan, 0.016, 0.031, 0.026]","[32, 5, 28, 7, 18, 20, 22, 17, 6, 8]","[nan, 0.0, 0.0, 0.0, 0.0, 0.0, nan, 0.0, 0.0, 0.0]","[nan, 0.0, 0.0, 0.0, 0.0, 0.0, nan, 0.0, 0.0, 0.0]","[nan, 0.0, 0.0, 0.0, 0.0, 0.0, nan, 0.0, 0.0, 0.0]",185818,SN,2025tpu,281.918767,-63.160972,0.015,13.0,SN IIn,60.0,BlackGEM,60.0,BlackGEM,19.25,118.0,BG-q,"P. Groot, H. Tranin, F. Stoppa, D. Pieterse, G. Ramsay, S. Faris, P. Vreeswijk, N. Blagorodnova, J. van Roestel, H. Wichern, S. Scaringi",8/12/25 8:40,"BGEM J184740.50-630939.4, ATLAS25jhf, GOTO25ger, MASTER OT J184740.60-630939.0, MASTER OT J184740.64-630939.3",2025TNSTR3159....1G,2025TNSCR3202....1v,8/12/25 8:42,8/14/25 6:38,,False,1754.475000022463,0.0039999999999977,-0.685062499999999,16.2685,-23.331391422678468,/mnt/photometry/SN2025tpu/07-21_1784587003.980944.sfftdiff.fits,/mnt/photometry/SN2025tpu/07-21_1784587003.980944.sfftdiff.fits.cat,1.4597996075749395,1.5199804450035097,1.0810949611902236,3.1730000972747803,2.359999895095825,5674.0,6814.0,15186.0,0,,,,,,,,,,,,,,,,,,,,0.738
13,13,13,54,54,SN2025tpu,field1811-2025-08-31,field1811,Z,C4,/mnt/photometry/SN2025tpu/field1811-2025-08-31/Z/stack/coadd.Z-Open.02923556-02923601.C4.fits,/mnt/photometry/SN2025tpu/field1811-2025-08-31/Z/stack/GRB_Z_C4_Data_Skymapper_02923601.ecsv,2025-08-12,11.44,Circle,60.0,1,10,48.0,281.91892,-63.16085,0.0,0.0,0.0,1.08,73.81,1.103,0.49083,-1.0,,,16.271,16.266,0.018,0.016,99.0,,16.262,,,,99.0,,,99.0,,0.019,2025-08-31,19,sci,"['/mnt/photometry/SN2025tpu/field1811-2025-09-13/Z/stack/coadd.Z-Open.02981346-02981391.C4.fits', '/mnt/photometry/SN2025tpu/field1811-2025-08-17/Z/stack/coadd.Z-Open.02857877-02857897.C4.fits', '/mnt/photometry/SN2025tpu/field1811-2025-09-09/Z/stack/coadd.Z-Open.02963873-02963918.C4.fits', '/mnt/photometry/SN2025tpu/field1811-2025-08-19/Z/stack/coadd.Z-Open.02871217-02871262.C4.fits', '/mnt/photometry/SN2025tpu/field1811-2025-08-30/Z/stack/coadd.Z-Open.02916656-02916701.C4.fits', '/mnt/photometry/SN2025tpu/field1811-2025-09-01/Z/stack/coadd.Z-Open.02929323-02929368.C4.fits', '/mnt/photometry/SN2025tpu/field1811-2025-09-03/Z/stack/coadd.Z-Open.02941619-02941664.C4.fits', '/mnt/photometry/SN2025tpu/field1811-2025-08-29/Z/stack/coadd.Z-Open.02909013-02909058.C4.fits', '/mnt/photometry/SN2025tpu/field1811-2025-08-18/Z/stack/coadd.Z-Open.02864543-02864588.C4.fits', '/mnt/photometry/SN2025tpu/field1811-2025-08-20/Z/stack/coadd.Z-Open.02874953-02874998.C4.fits']","['field1811-2025-09-13', 'field1811-2025-08-17', 'field1811-2025-09-09', 'field1811-2025-08-19', 'field1811-2025-08-30', 'field1811-2025-09-01', 'field1811-2025-09-03', 'field1811-2025-08-29', 'field1811-2025-08-18', 'field1811-2025-08-20']","['C4', 'C4', 'C4', 'C4', 'C4', 'C4', 'C4', 'C4', 'C4', 'C4']","[nan, 18.085, 16.584, 17.347, 16.304, 16.403, nan, 16.345, 17.468, 17.031]","[nan, 0.103, 0.027, 0.035, 0.019, 0.034, nan, 0.018, 0.038, 0.033]","[nan, 17.904, 16.339, 17.342, 16.303, 16.474, nan, 16.346, 17.459, 17.132]","[nan, 0.071, 0.022, 0.026, 0.019, 0.026, nan, 0.016, 0.029, 0.025]","[nan, 17.945, 16.498, 17.374, 16.292, 16.543, nan, 16.362, 17.505, 17.171]","[nan, 0.071, 0.022, 0.028, 0.018, 0.026, nan, 0.016, 0.031, 0.026]","[32, 5, 28, 7, 18, 20, 22, 17, 6, 8]","[nan, 0.0, 0.0, 0.0, 0.0, 0.0, nan, 0.0, 0.0, 0.0]","[nan, 0.0, 0.0, 0.0, 0.0, 0.0, nan, 0.0, 0.0, 0.0]","[nan, 0.0, 0.0, 0.0, 0.0, 0.0, nan, 0.0, 0.0, 0.0]",185818,SN,2025tpu,281.918767,-63.160972,0.015,13.0,SN IIn,60.0,BlackGEM,60.0,BlackGEM,19.25,118.0,BG-q,"P. Groot, H. Tranin, F. Stoppa, D. Pieterse, G. Ramsay, S. Faris, P. Vreeswijk, N. Blagorodnova, J. van Roestel, H. Wichern, S. Scaringi",8/12/25 8:40,"BGEM J184740.50-630939.4, ATLAS25jhf, GOTO25ger, MASTER OT J184740.60-630939.0, MASTER OT J184740.64-630939.3",2025TNSTR3159....1G,2025TNSCR3202....1v,8/12/25 8:42,8/14/25 6:38,,False,1754.475000022463,0.0039999999999977,-0.685062499999999,16.2685,-23.331391422678468,/mnt/photometry/SN2025tpu/07-21_1784587003.980944.sfftdiff.fits,/mnt/photometry/SN2025tpu/07-21_1784587003.980944.sfftdiff.fits.cat,1.4597996075749395,1.5199804450035097,1.0810949611902236,3.1730000972747803,2.359999895095825,5674.0,6814.0,15186.0,0,,,,,,,,,,,,,,,,,,,,0.738
14,14,14,55,55,SN2025tpu,field1811-2025-08-31,field1811,J,C4,/mnt/photometry/SN2025tpu/field1811-2025-08-31/J/stack/coadd.Open-J.02923406-02923451.C4.fits,/mnt/photometry/SN2025tpu/field1811-2025-08-31/J/stack/GRB_J_C4_Data_VHS_02923451.ecsv,2025-08-12,11.44,Circle,60.0,1,10,48.0,281.91897,-63.16084,0.0,0.0,0.0,1.13,78.31,1.06,0.5699,-1.0,,,16.611,16.511,0.017,0.014,99.0,,16.571,,,,99.0,,,99.0,,0.025,2025-08-31,19,sci,"['/mnt/photometry/SN2025tpu/field1811-2025-09-13/J/stack/coadd.Open-J.02981276-02981321.C4.fits', '/mnt/photometry/SN2025tpu/field1811-2025-08-17/J/stack/coadd.Open-J.02857767-02857787.C4.fits', '/mnt/photometry/SN2025tpu/field1811-2025-09-09/J/stack/coadd.Open-J.02963818-02963863.C4.fits', '/mnt/photometry/SN2025tpu/field1811-2025-08-19/J/stack/coadd.Open-J.02871077-02871122.C4.fits', '/mnt/photometry/SN2025tpu/field1811-2025-08-30/J/stack/coadd.Open-J.02916524-02916569.C4.fits', '/mnt/photometry/SN2025tpu/field1811-2025-09-01/J/stack/coadd.Open-J.02929173-02929218.C4.fits', '/mnt/photometry/SN2025tpu/field1811-2025-09-03/J/stack/coadd.Open-J.02941469-02941514.C4.fits', '/mnt/photometry/SN2025tpu/field1811-2025-08-29/J/stack/coadd.Open-J.02908933-02908978.C4.fits', '/mnt/photometry/SN2025tpu/field1811-2025-08-18/J/stack/coadd.Open-J.02864453-02864498.C4.fits', '/mnt/photometry/SN2025tpu/field1811-2025-08-20/J/stack/coadd.Open-J.02874808-02874853.C4.fits', '/mnt/photometry/SN2025tpu/field1811-2024-08-06/J/stack/coadd.Open-J.01517380-01517416.C4.fits']","['field1811-2025-09-13', 'field1811-2025-08-17', 'field1811-2025-09-09', 'field1811-2025-08-19', 'field1811-2025-08-30', 'field1811-2025-09-01', 'field1811-2025-09-03', 'field1811-2025-08-29', 'field1811-2025-08-18', 'field1811-2025-08-20', 'field1811-2024-08-06']","['C4', 'C4', 'C4', 'C4', 'C4', 'C4', 'C4', 'C4', 'C4', 'C4', 'C4']","[16.87, 17.963, 16.696, 17.576, 16.595, 16.538, 16.347, 16.647, 17.767, 17.421, nan]","[0.023, 0.09, 0.023, 0.045, 0.019, 0.026, 0.027, 0.022, 0.057, 0.04, nan]","[16.857, 18.0, 16.685, 17.594, 16.662, 16.519, 16.447, 16.671, 17.888, 17.434, nan]","[0.015, 0.044, 0.014, 0.024, 0.013, 0.015, 0.017, 0.016, 0.028, 0.023, nan]","[16.869, 18.035, 16.706, 17.641, 16.649, 16.526, 16.481, 16.683, 17.886, 17.463, nan]","[0.016, 0.056, 0.016, 0.027, 0.014, 0.017, 0.019, 0.016, 0.035, 0.026, nan]","[32, 5, 28, 7, 18, 20, 22, 17, 6, 8, -371]","[0.0, 0.0, 0.0, 0.0, 0.0, 0.0, 0.0, 0.0, 0.0, 0.0, nan]","[0.0, 0.0, 0.0, 0.0, 0.0, 0.0, 0.0, 0.0, 0.0, 0.0, nan]","[0.0, 0.0, 0.0, 0.0, 0.0, 0.0, 0.0, 0.0, 0.0, 0.0, nan]",185818,SN,2025tpu,281.918767,-63.160972,0.015,13.0,SN IIn,60.0,BlackGEM,60.0,BlackGEM,19.25,118.0,BG-q,"P. Groot, H. Tranin, F. Stoppa, D. Pieterse, G. Ramsay, S. Faris, P. Vreeswijk, N. Blagorodnova, J. van Roestel, H. Wichern, S. Scaringi",8/12/25 8:40,"BGEM J184740.50-630939.4, ATLAS25jhf, GOTO25ger, MASTER OT J184740.60-630939.0, MASTER OT J184740.64-630939.3",2025TNSTR3159....1G,2025TNSCR3202....1v,8/12/25 8:42,8/14/25 6:38,,False,1752.6042426671684,0.0600000000000022,-0.506949999999998,16.561,-23.331391422678468,/mnt/photometry/SN2025tpu/07-21_1784587003.980944.sfftdiff.fits,/mnt/photometry/SN2025tpu/07-21_1784587003.980944.sfftdiff.fits.cat,1.4597996075749395,1.5199804450035097,1.0810949611902236,3.1730000972747803,2.359999895095825,5674.0,6814.0,15186.0,0,,,,,,,,,,,,,,,,,,,,0.738
15,15,15,56,56,SN2025tpu,field1811-2025-08-31,field1811,J,C4,/mnt/photometry/SN2025tpu/field1811-2025-08-31/J/stack/coadd.Open-J.02923406-02923451.C4.fits,/mnt/photometry/SN2025tpu/field1811-2025-08-31/J/stack/GRB_J_C4_Data_VHS_02923451.ecsv,2025-08-12,11.44,Circle,60.0,1,10,48.0,281.91897,-63.16084,0.0,0.0,0.0,1.13,78.31,1.06,0.5699,-1.0,,,16.611,16.511,0.017,0.014,99.0,,16.571,,,,99.0,,,99.0,,0.025,2025-08-31,19,sci,"['/mnt/photometry/SN2025tpu/field1811-2025-09-13/J/stack/coadd.Open-J.02981276-02981321.C4.fits', '/mnt/photometry/SN2025tpu/field1811-2025-08-17/J/stack/coadd.Open-J.02857767-02857787.C4.fits', '/mnt/photometry/SN2025tpu/field1811-2025-09-09/J/stack/coadd.Open-J.02963818-02963863.C4.fits', '/mnt/photometry/SN2025tpu/field1811-2025-08-19/J/stack/coadd.Open-J.02871077-02871122.C4.fits', '/mnt/photometry/SN2025tpu/field1811-2025-08-30/J/stack/coadd.Open-J.02916524-02916569.C4.fits', '/mnt/photometry/SN2025tpu/field1811-2025-09-01/J/stack/coadd.Open-J.02929173-02929218.C4.fits', '/mnt/photometry/SN2025tpu/field1811-2025-09-03/J/stack/coadd.Open-J.02941469-02941514.C4.fits', '/mnt/photometry/SN2025tpu/field1811-2025-08-29/J/stack/coadd.Open-J.02908933-02908978.C4.fits', '/mnt/photometry/SN2025tpu/field1811-2025-08-18/J/stack/coadd.Open-J.02864453-02864498.C4.fits', '/mnt/photometry/SN2025tpu/field1811-2025-08-20/J/stack/coadd.Open-J.02874808-02874853.C4.fits', '/mnt/photometry/SN2025tpu/field1811-2024-08-06/J/stack/coadd.Open-J.01517380-01517416.C4.fits']","['field1811-2025-09-13', 'field1811-2025-08-17', 'field1811-2025-09-09', 'field1811-2025-08-19', 'field1811-2025-08-30', 'field1811-2025-09-01', 'field1811-2025-09-03', 'field1811-2025-08-29', 'field1811-2025-08-18', 'field1811-2025-08-20', 'field1811-2024-08-06']","['C4', 'C4', 'C4', 'C4', 'C4', 'C4', 'C4', 'C4', 'C4', 'C4', 'C4']","[16.87, 17.963, 16.696, 17.576, 16.595, 16.538, 16.347, 16.647, 17.767, 17.421, nan]","[0.023, 0.09, 0.023, 0.045, 0.019, 0.026, 0.027, 0.022, 0.057, 0.04, nan]","[16.857, 18.0, 16.685, 17.594, 16.662, 16.519, 16.447, 16.671, 17.888, 17.434, nan]","[0.015, 0.044, 0.014, 0.024, 0.013, 0.015, 0.017, 0.016, 0.028, 0.023, nan]","[16.869, 18.035, 16.706, 17.641, 16.649, 16.526, 16.481, 16.683, 17.886, 17.463, nan]","[0.016, 0.056, 0.016, 0.027, 0.014, 0.017, 0.019, 0.016, 0.035, 0.026, nan]","[32, 5, 28, 7, 18, 20, 22, 17, 6, 8, -371]","[0.0, 0.0, 0.0, 0.0, 0.0, 0.0, 0.0, 0.0, 0.0, 0.0, nan]","[0.0, 0.0, 0.0, 0.0, 0.0, 0.0, 0.0, 0.0, 0.0, 0.0, nan]","[0.0, 0.0, 0.0, 0.0, 0.0, 0.0, 0.0, 0.0, 0.0, 0.0, nan]",185818,SN,2025tpu,281.918767,-63.160972,0.015,13.0,SN IIn,60.0,BlackGEM,60.0,BlackGEM,19.25,118.0,BG-q,"P. Groot, H. Tranin, F. Stoppa, D. Pieterse, G. Ramsay, S. Faris, P. Vreeswijk, N. Blagorodnova, J. van Roestel, H. Wichern, S. Scaringi",8/12/25 8:40,"BGEM J184740.50-630939.4, ATLAS25jhf, GOTO25ger, MASTER OT J184740.60-630939.0, MASTER OT J184740.64-630939.3",2025TNSTR3159....1G,2025TNSCR3202....1v,8/12/25 8:42,8/14/25 6:38,,False,1752.6042426671684,0.0600000000000022,-0.506949999999998,16.561,-23.331391422678468,/mnt/photometry/SN2025tpu/07-21_1784587003.980944.sfftdiff.fits,/mnt/photometry/SN2025tpu/07-21_1784587003.980944.sfftdiff.fits.cat,1.4597996075749395,1.5199804450035097,1.0810949611902236,3.1730000972747803,2.359999895095825,5674.0,6814.0,15186.0,0,,,,,,,,,,,,,,,,,,,,0.738
16,16,16,57,57,SN2025tpu,field1811-2025-08-31,field1811,J,C4,/mnt/photometry/SN2025tpu/field1811-2025-08-31/J/stack/coadd.Open-J.02923406-02923451.C4.fits,/mnt/photometry/SN2025tpu/field1811-2025-08-31/J/stack/GRB_J_C4_Data_VHS_02923451.ecsv,2025-08-12,11.44,Circle,60.0,1,10,48.0,281.91897,-63.16084,0.0,0.0,0.0,1.13,78.31,1.06,0.5699,-1.0,,,16.611,16.511,0.017,0.014,99.0,,16.571,,,,99.0,,,99.0,,0.025,2025-08-31,19,sci,"['/mnt/photometry/SN2025tpu/field1811-2025-09-13/J/stack/coadd.Open-J.02981276-02981321.C4.fits', '/mnt/photometry/SN2025tpu/field1811-2025-08-17/J/stack/coadd.Open-J.02857767-02857787.C4.fits', '/mnt/photometry/SN2025tpu/field1811-2025-09-09/J/stack/coadd.Open-J.02963818-02963863.C4.fits', '/mnt/photometry/SN2025tpu/field1811-2025-08-19/J/stack/coadd.Open-J.02871077-02871122.C4.fits', '/mnt/photometry/SN2025tpu/field1811-2025-08-30/J/stack/coadd.Open-J.02916524-02916569.C4.fits', '/mnt/photometry/SN2025tpu/field1811-2025-09-01/J/stack/coadd.Open-J.02929173-02929218.C4.fits', '/mnt/photometry/SN2025tpu/field1811-2025-09-03/J/stack/coadd.Open-J.02941469-02941514.C4.fits', '/mnt/photometry/SN2025tpu/field1811-2025-08-29/J/stack/coadd.Open-J.02908933-02908978.C4.fits', '/mnt/photometry/SN2025tpu/field1811-2025-08-18/J/stack/coadd.Open-J.02864453-02864498.C4.fits', '/mnt/photometry/SN2025tpu/field1811-2025-08-20/J/stack/coadd.Open-J.02874808-02874853.C4.fits', '/mnt/photometry/SN2025tpu/field1811-2024-08-06/J/stack/coadd.Open-J.01517380-01517416.C4.fits']","['field1811-2025-09-13', 'field1811-2025-08-17', 'field1811-2025-09-09', 'field1811-2025-08-19', 'field1811-2025-08-30', 'field1811-2025-09-01', 'field1811-2025-09-03', 'field1811-2025-08-29', 'field1811-2025-08-18', 'field1811-2025-08-20', 'field1811-2024-08-06']","['C4', 'C4', 'C4', 'C4', 'C4', 'C4', 'C4', 'C4', 'C4', 'C4', 'C4']","[16.87, 17.963, 16.696, 17.576, 16.595, 16.538, 16.347, 16.647, 17.767, 17.421, nan]","[0.023, 0.09, 0.023, 0.045, 0.019, 0.026, 0.027, 0.022, 0.057, 0.04, nan]","[16.857, 18.0, 16.685, 17.594, 16.662, 16.519, 16.447, 16.671, 17.888, 17.434, nan]","[0.015, 0.044, 0.014, 0.024, 0.013, 0.015, 0.017, 0.016, 0.028, 0.023, nan]","[16.869, 18.035, 16.706, 17.641, 16.649, 16.526, 16.481, 16.683, 17.886, 17.463, nan]","[0.016, 0.056, 0.016, 0.027, 0.014, 0.017, 0.019, 0.016, 0.035, 0.026, nan]","[32, 5, 28, 7, 18, 20, 22, 17, 6, 8, -371]","[0.0, 0.0, 0.0, 0.0, 0.0, 0.0, 0.0, 0.0, 0.0, 0.0, nan]","[0.0, 0.0, 0.0, 0.0, 0.0, 0.0, 0.0, 0.0, 0.0, 0.0, nan]","[0.0, 0.0, 0.0, 0.0, 0.0, 0.0, 0.0, 0.0, 0.0, 0.0, nan]",185818,SN,2025tpu,281.918767,-63.160972,0.015,13.0,SN IIn,60.0,BlackGEM,60.0,BlackGEM,19.25,118.0,BG-q,"P. Groot, H. Tranin, F. Stoppa, D. Pieterse, G. Ramsay, S. Faris, P. Vreeswijk, N. Blagorodnova, J. van Roestel, H. Wichern, S. Scaringi",8/12/25 8:40,"BGEM J184740.50-630939.4, ATLAS25jhf, GOTO25ger, MASTER OT J184740.60-630939.0, MASTER OT J184740.64-630939.3",2025TNSTR3159....1G,2025TNSCR3202....1v,8/12/25 8:42,8/14/25 6:38,,False,1752.6042426671684,0.0600000000000022,-0.506949999999998,16.561,-23.331391422678468,/mnt/photometry/SN2025tpu/07-21_1784587003.980944.sfftdiff.fits,/mnt/photometry/SN2025tpu/07-21_1784587003.980944.sfftdiff.fits.cat,1.4597996075749395,1.5199804450035097,1.0810949611902236,3.1730000972747803,2.359999895095825,5674.0,6814.0,15186.0,0,,,,,,,,,,,,,,,,,,,,0.738
17,17,17,58,58,SN2025tpu,field1811-2025-08-18,field1811,H,C4,/mnt/photometry/SN2025tpu/field1811-2025-08-18/H/stack/coadd.Open-H.02864118-02864346.C4.fits,/mnt/photometry/SN2025tpu/field1811-2025-08-18/H/stack/GRB_H_C4_Data_2MASS_02864346.ecsv,2025-08-12,31.46,Circle,60.0,2,20,48.0,281.91918,-63.16092,3.0,3.0,3.0,0.78,34.07,1.153,0.69039,-1.0,,,18.238,18.145,0.04,0.037,99.0,,18.148,,,,99.0,,,99.0,,0.077,2025-08-18,6,sci,"['/mnt/photometry/SN2025tpu/field1811-2025-08-17/H/stack/coadd.Open-H.02857591-02857735.C4.fits', '/mnt/photometry/SN2025tpu/field1811-2025-08-19/H/stack/coadd.Open-H.02870807-02871035.C4.fits']","['field1811-2025-08-17', 'field1811-2025-08-19']","['C4', 'C4']","[18.207, nan]","[0.106, nan]","[18.429, nan]","[0.042, nan]","[18.563, nan]","[0.05, nan]","[5, 7]","[3.0, nan]","[3.0, nan]","[3.0, nan]",185818,SN,2025tpu,281.918767,-63.160972,0.015,13.0,SN IIn,60.0,BlackGEM,60.0,BlackGEM,19.25,118.0,BG-q,"P. Groot, H. Tranin, F. Stoppa, D. Pieterse, G. Ramsay, S. Faris, P. Vreeswijk, N. Blagorodnova, J. van Roestel, H. Wichern, S. Scaringi",8/12/25 8:40,"BGEM J184740.50-630939.4, ATLAS25jhf, GOTO25ger, MASTER OT J184740.60-630939.0, MASTER OT J184740.64-630939.3",2025TNSTR3159....1G,2025TNSCR3202....1v,8/12/25 8:42,8/14/25 6:38,,False,1809.83640510575,0.0030000000000001,-0.1935000000000002,18.1915,-23.330923906578725,/mnt/photometry/SN2025tpu/07-21_1784587003.980944.sfftdiff.fits,/mnt/photometry/SN2025tpu/07-21_1784587003.980944.sfftdiff.fits.cat,1.4597996075749395,1.5199804450035097,1.0810949611902236,3.1730000972747803,2.359999895095825,5674.0,6814.0,15186.0,0,,,,,,,,,,,,,,,,,,,,0.738
18,18,18,59,59,SN2025tpu,field1811-2025-08-18,field1811,H,C4,/mnt/photometry/SN2025tpu/field1811-2025-08-18/H/stack/coadd.Open-H.02864118-02864346.C4.fits,/mnt/photometry/SN2025tpu/field1811-2025-08-18/H/stack/GRB_H_C4_Data_2MASS_02864346.ecsv,2025-08-12,31.46,Circle,60.0,2,20,48.0,281.91918,-63.16092,3.0,3.0,3.0,0.78,34.07,1.153,0.69039,-1.0,,,18.238,18.145,0.04,0.037,99.0,,18.148,,,,99.0,,,99.0,,0.077,2025-08-18,6,sci,"['/mnt/photometry/SN2025tpu/field1811-2025-08-17/H/stack/coadd.Open-H.02857591-02857735.C4.fits', '/mnt/photometry/SN2025tpu/field1811-2025-08-19/H/stack/coadd.Open-H.02870807-02871035.C4.fits']","['field1811-2025-08-17', 'field1811-2025-08-19']","['C4', 'C4']","[18.207, nan]","[0.106, nan]","[18.429, nan]","[0.042, nan]","[18.563, nan]","[0.05, nan]","[5, 7]","[3.0, nan]","[3.0, nan]","[3.0, nan]",185818,SN,2025tpu,281.918767,-63.160972,0.015,13.0,SN IIn,60.0,BlackGEM,60.0,BlackGEM,19.25,118.0,BG-q,"P. Groot, H. Tranin, F. Stoppa, D. Pieterse, G. Ramsay, S. Faris, P. Vreeswijk, N. Blagorodnova, J. van Roestel, H. Wichern, S. Scaringi",8/12/25 8:40,"BGEM J184740.50-630939.4, ATLAS25jhf, GOTO25ger, MASTER OT J184740.60-630939.0, MASTER OT J184740.64-630939.3",2025TNSTR3159....1G,2025TNSCR3202....1v,8/12/25 8:42,8/14/25 6:38,,False,1809.83640510575,0.0030000000000001,-0.1935000000000002,18.1915,-23.330923906578725,/mnt/photometry/SN2025tpu/07-21_1784587003.980944.sfftdiff.fits,/mnt/photometry/SN2025tpu/07-21_1784587003.980944.sfftdiff.fits.cat,1.4597996075749395,1.5199804450035097,1.0810949611902236,3.1730000972747803,2.359999895095825,5674.0,6814.0,15186.0,0,,,,,,,,,,,,,,,,,,,,0.738
19,19,19,60,60,SN2025tpu,field1811-2025-08-18,field1811,H,C4,/mnt/photometry/SN2025tpu/field1811-2025-08-18/H/stack/coadd.Open-H.02864118-02864346.C4.fits,/mnt/photometry/SN2025tpu/field1811-2025-08-18/H/stack/GRB_H_C4_Data_2MASS_02864346.ecsv,2025-08-12,31.46,Circle,60.0,2,20,48.0,281.91918,-63.16092,3.0,3.0,3.0,0.78,34.07,1.153,0.69039,-1.0,,,18.238,18.145,0.04,0.037,99.0,,18.148,,,,99.0,,,99.0,,0.077,2025-08-18,6,sci,"['/mnt/photometry/SN2025tpu/field1811-2025-08-17/H/stack/coadd.Open-H.02857591-02857735.C4.fits', '/mnt/photometry/SN2025tpu/field1811-2025-08-19/H/stack/coadd.Open-H.02870807-02871035.C4.fits']","['field1811-2025-08-17', 'field1811-2025-08-19']","['C4', 'C4']","[18.207, nan]","[0.106, nan]","[18.429, nan]","[0.042, nan]","[18.563, nan]","[0.05, nan]","[5, 7]","[3.0, nan]","[3.0, nan]","[3.0, nan]",185818,SN,2025tpu,281.918767,-63.160972,0.015,13.0,SN IIn,60.0,BlackGEM,60.0,BlackGEM,19.25,118.0,BG-q,"P. Groot, H. Tranin, F. Stoppa, D. Pieterse, G. Ramsay, S. Faris, P. Vreeswijk, N. Blagorodnova, J. van Roestel, H. Wichern, S. Scaringi",8/12/25 8:40,"BGEM J184740.50-630939.4, ATLAS25jhf, GOTO25ger, MASTER OT J184740.60-630939.0, MASTER OT J184740.64-630939.3",2025TNSTR3159....1G,2025TNSCR3202....1v,8/12/25 8:42,8/14/25 6:38,,False,1809.83640510575,0.0030000000000001,-0.1935000000000002,18.1915,-23.330923906578725,/mnt/photometry/SN2025tpu/07-21_1784587003.980944.sfftdiff.fits,/mnt/photometry/SN2025tpu/07-21_1784587003.980944.sfftdiff.fits.cat,1.4597996075749395,1.5199804450035097,1.0810949611902236,3.1730000972747803,2.359999895095825,5674.0,6814.0,15186.0,0,,,,,,,,,,,,,,,,,,,,0.738
20,20,20,64,64,AT2025syx,field8448-2025-07-12,field8448,J,C2,/mnt/photometry/AT2025syx/field8448-2025-07-12/J/stack/coadd.Open-J.02678702-02678738.C2.fits,/mnt/photometry/AT2025syx/field8448-2025-07-12/J/stack/GRB_J_C2_Data_VIKING_02678738.ecsv,2025-07-29,8.58,Circle,60.0,1,10,48.0,353.15127,-28.52474,2.0,2.0,2.0,4.29,414.98,1.235,2.61748,0.30463,,,14.927,12.928,0.007,0.022,2.163,,14.605,,,,0.485,,,0.163,,0.004,2025-07-12,-17,sci,['/mnt/photometry/AT2025syx/field8448-2025-12-13/J/stack/coadd.Open-J.03286750-03286786.C2.fits'],['field8448-2025-12-13'],['C2'],[12.95],[0.005],[14.829],[0.023],[14.963],[0.006],[137],[2.0],[2.0],[2.0],185363,AT,2025syx,353.1505671,-28.5251264,,,,48.0,ZTF,48.0,ZTF,18.6149,111.0,r,"Jesper Sollerman (SU), Christoffer Fremling (Caltech), Daniel Perley (LJMU), Theophile du Laz (Caltech) on behalf of ZTF",8/2/25 11:11,ZTF25abfmary,2025TNSTR3044....1S,,8/2/25 11:11,8/2/25 11:11,,False,771.8718345493999,1.6769999999999996,-0.028999999999999,13.9275,-72.23399618558852,/mnt/photometry/AT2025syx/07-21_1784594753.3379948.sfftdiff.fits,/mnt/photometry/AT2025syx/07-21_1784594753.3379948.sfftdiff.fits.cat,2.790195537614822,3.048416116905212,1.9237010926008224,3.8450000286102295,1.9830000400543213,1608.0,15671.0,14529.0,0,,,,,,,,,,,,,,,,,,,,0.694
21,21,21,66,66,AT2025sox,field10481-2025-08-06,field10481,J,C4,/mnt/photometry/AT2025sox/field10481-2025-08-06/J/stack/coadd.Open-J.02806794-02806830.C4.fits,/mnt/photometry/AT2025sox/field10481-2025-08-06/J/stack/GRB_J_C4_Data_VHS_02806830.ecsv,2025-07-20,8.58,Circle,60.0,1,10,48.0,5.688,-20.06874,0.0,0.0,0.0,1.57,144.97,1.941,0.22981,-1.0,,,16.203,15.331,0.01,0.03,99.0,,13.605,,,,99.0,,,99.0,,0.009,2025-08-06,17,sci,['/mnt/photometry/AT2025sox/field10481-2025-12-13/J/stack/coadd.Open-J.03287390-03287426.C4.fits'],['field10481-2025-12-13'],['C4'],[15.382],[0.014],[16.068],[0.022],[16.161],[0.013],[146],[0.0],[0.0],[0.0],185091,AT,2025sox,5.6879835,-20.0686733,,,,48.0,ZTF,48.0,ZTF,18.4991,111.0,r,"Jesper Sollerman (SU), Christoffer Fremling (Caltech), Daniel Perley (LJMU), Theophile du Laz (Caltech) on behalf of ZTF",7/29/25 15:02,"ZTF25abchqde, , GOTO25foi",2025TNSTR2976....1S,,7/29/25 15:02,7/29/25 15:02,,False,849.669017126495,1.725999999999999,-0.004500000000001,15.767,-80.2592085486948,/mnt/photometry/AT2025sox/07-21_1784598006.9665837.sfftdiff.fits,/mnt/photometry/AT2025sox/07-21_1784598006.9665837.sfftdiff.fits.cat,2.8353343249082563,3.661783797311783,2.2473537106990813,2.3570001125335693,2.9649999141693115,3858.0,3364.0,18964.0,0,,,,,,,,,,,,,,,,,,,,0.22
22,22,22,67,67,AT2025qrw,field12121-2025-04-12,field12121,J,C1,/mnt/photometry/AT2025qrw/field12121-2025-04-12/J/stack/coadd.Open-J.02295899-02295935.C1.fits,/mnt/photometry/AT2025qrw/field12121-2025-04-12/J/stack/GRB_J_C1_Data_VHS_02295935.ecsv,2025-03-25,8.58,Circle,60.0,1,10,48.0,156.92675,-13.90293,1.0,1.0,2.0,1.39,10.95,3.089,1.1013,0.94132,,,18.993,18.209,0.148,0.136,0.643,,18.945,,,,-0.094,,,-0.141,,0.145,2025-04-12,18,sci,['/mnt/photometry/AT2025qrw/field12121-2026-01-12/J/stack/coadd.Open-J.03365133-03365169.C1.fits'],['field12121-2026-01-12'],['C1'],[18.081],[0.088],[18.826],[0.074],[18.79],[0.072],[293],[2.0],[1.0],[1.0],183730,AT,2025qrw,156.9267134,-13.90262562,,,,4.0,Pan-STARRS,4.0,Pan-STARRS,21.16,26.0,w,"K. C. Chambers, T. de Boer, J. Fairlamb, M. Huber, C.-C. Lin, T. Lowe, E. Magnier, P. Minguez, G. Paek, A. Schultz, I. A. Smith, R. J. Wainscoat (IfA, University of Hawaii), S. J. Smartt, K. W. Smith (University of Oxford / Queen's University Belfast), S. Srivastav (University of Oxford), D. R. Young, M. Fulton, M. Nicholl, T. Moore, J. Weston, C. R. Angus (Queen's University Belfast)",7/10/25 0:10,PS25esh,2025TNSTR2642....1C,,7/10/25 0:10,7/10/25 0:10,,False,596.4786093727851,0.7360000000000007,0.1654999999999997,18.601,36.05641889840857,/mnt/photometry/AT2025qrw/07-21_1784602906.0462549.sfftdiff.fits,/mnt/photometry/AT2025qrw/07-21_1784602906.0462549.sfftdiff.fits.cat,3.9905238674640655,2.5633324680805205,3.367734547519684,1.9429999589920044,2.3289999961853027,5022.0,8533.0,23250.0,0,,,,,,,,,,,,,,,,,,,,3.852
23,23,23,68,68,AT2025qnv,field12281-2025-07-23,field12281,J,C1,/mnt/photometry/AT2025qnv/field12281-2025-07-23/J/stack/coadd.Open-J.02738782-02738818.C1.fits,/mnt/photometry/AT2025qnv/field12281-2025-07-23/J/stack/GRB_J_C1_Data_2MASS_02738818.ecsv,2025-07-05,8.58,Circle,60.0,1,10,48.0,344.71191,-13.48132,1.0,1.0,2.0,1.67,83.44,1.147,0.93238,0.36924,,,16.987,16.104,0.018,0.029,0.7,,17.02,,,,-0.216,,,-0.183,,0.021,2025-07-23,18,sci,"['/mnt/photometry/AT2025qnv/field12281-2025-12-14/J/stack/coadd.Open-J.03290950-03290986.C1.fits', '/mnt/photometry/AT2025qnv/field12281-2025-12-17/J/stack/coadd.Open-J.03303354-03303390.C1.fits']","['field12281-2025-12-14', 'field12281-2025-12-17']","['C1', 'C1']","[17.068, 17.175]","[0.029, 0.029]","[17.794, 17.781]","[0.028, 0.026]","[nan, nan]","[nan, nan]","[162, 165]","[nan, nan]","[nan, nan]","[nan, nan]",183623,AT,2025qnv,344.7116735,-13.4811983,,,,48.0,ZTF,48.0,ZTF,20.1601,110.0,g,"Jesper Sollerman (SU), Christoffer Fremling (Caltech), Daniel Perley (LJMU), Theophile du Laz (Caltech) on behalf of ZTF",7/7/25 14:25,ZTF25aazvkmx,2025TNSTR2599....1S,,7/7/25 14:25,7/7/25 14:25,,False,1004.690027140945,0.9160000000000004,-1.0175000000000018,16.545499999999997,-60.17993559977242,/mnt/photometry/AT2025qnv/07-20_1784582542.5054145.sfftdiff.fits,/mnt/photometry/AT2025qnv/07-20_1784582542.5054145.sfftdiff.fits.cat,2.54958706870079,3.1817824750900265,2.3684882682323454,2.5339999198913574,2.5190000534057617,1333.0,5416.0,9423.0,0,,,,,,,,,,,,,,,,,,,,3.496
24,24,24,75,75,AT2025nfv,field15257-2025-05-23,field15257,J,C3,/mnt/photometry/AT2025nfv/field15257-2025-05-23/J/stack/coadd.Open-J.02468199-02468235.C3.fits,/mnt/photometry/AT2025nfv/field15257-2025-05-23/J/stack/GRB_J_C3_Data_VIKING_02468235.ecsv,2025-06-11,8.58,Circle,60.0,1,10,48.0,168.56327,-3.11008,1.0,1.0,2.0,1.08,36.29,1.178,0.15015,0.07332,,,17.788,17.439,0.034,0.034,0.313,,17.653,,,,0.1,,,-0.035,,0.049,2025-05-23,-19,sci,['/mnt/photometry/AT2025nfv/field15257-2025-12-13/J/stack/coadd.Open-J.03289582-03289618.C3.fits'],['field15257-2025-12-13'],['C3'],[17.578],[0.057],[17.79],[0.041],[17.751],[0.043],[185],[2.0],[1.0],[1.0],181336,AT,2025nfv,168.5632331,-3.1101019,,,,74.0,ALeRCE,48.0,ZTF,18.7633,110.0,g,"A. Munoz-Arancibia, F.E. Bauer, G. Pignata, F. Forster, A. Mourao, S. Jurado, L. Hernandez-Garcia, L. Galbany, J. Silva-Farfan, R. Dastidar, J.P. Brandt, A. Alvarez, F. Andrades, G. Cabrera-Vives, R. Carrasco-Davis, P.A. Estevez, P. Huijse, H. Larranaga, C. Mansilla, K. Medina, D. Moreno, E. Munoz, I. Reyes, P. Sanchez-Saez, D. Rodriguez-Mancini, M. Catelan, S. Eyheramendy, M.J. Graham on behalf of the ALeRCE broker",6/11/25 14:06,"ZTF25aaumykp, GOTO25dmq",2025TNSTR2177....1M,,6/11/25 14:06,6/11/25 14:06,,False,737.4732319421248,0.2139999999999986,-0.0510000000000001,17.613500000000002,51.660714808850834,/mnt/photometry/AT2025nfv/07-21_1784593382.104595.sfftdiff.fits,/mnt/photometry/AT2025nfv/07-21_1784593382.104595.sfftdiff.fits.cat,3.607234505081177,2.9572262120246884,2.0461097665786743,1.7869999408721924,2.986000061035156,9450.0,5892.0,16537.0,0,,,,,,,,,,,,,,,,,,,,1.392
25,25,25,81,81,AT2025lnp,field13384-2025-05-04,field13384,J,C4,/mnt/photometry/AT2025lnp/field13384-2025-05-04/J/stack/coadd.Open-J.02383221-02383257.C4.fits,/mnt/photometry/AT2025lnp/field13384-2025-05-04/J/stack/GRB_J_C4_Data_VHS_02383257.ecsv,2025-05-20,8.58,Circle,60.0,1,10,48.0,185.07994,-9.69515,0.0,0.0,0.0,0.78,172.61,1.112,0.51564,-1.0,,,14.98,14.975,0.007,0.265,99.0,,17.302,,,,99.0,,,99.0,,0.007,2025-05-04,-16,sci,['/mnt/photometry/AT2025lnp/field13384-2025-05-06/J/stack/coadd.Open-J.02398581-02398617.C4.fits'],['field13384-2025-05-06'],['C4'],[15.522],[0.012],[15.943],[0.022],[15.826],[0.01],[-14],[0.0],[0.0],[0.0],180176,AT,2025lnp,185.0798268,-9.695057992,,,,114.0,DESIRT,114.0,DESIRT,16.9812,22.0,r,"Xander J. Hall (Carnegie Mellon U.), Tomás Ahumada (Caltech), Lei Hu (Carnegie Mellon U.), Antonella Palmese (Carnegie Mellon U.), Brendan O'Connor (Carnegie Mellon U.), Tomás Cabrera (Carnegie Mellon U.), Keerthi Kunnumkai (Carnegie Mellon U.) on behalf of 2DTS/ZTF",5/23/25 21:13,T202505201220192m094142,2025TNSTR1913....1H,,5/23/25 21:14,5/23/25 21:14,,False,1056.2008877068934,2.327,-0.6965000000000003,14.9775,52.48589338042579,/mnt/photometry/AT2025lnp/07-20_1784582828.881257.sfftdiff.fits,/mnt/photometry/AT2025lnp/07-20_1784582828.881257.sfftdiff.fits.cat,4.33810191450119,3.841447824954986,3.5060602214813232,2.220000028610229,2.2880001068115234,10066.0,1809.0,25377.0,0,,,,,,,,,,,,,,,,,,,,1.41
26,26,26,82,82,AT2025lne,field13383-2025-05-06,field13383,J,C3,/mnt/photometry/AT2025lne/field13383-2025-05-06/J/stack/coadd.Open-J.02398541-02398577.C3.fits,/mnt/photometry/AT2025lne/field13383-2025-05-06/J/stack/GRB_J_C3_Data_VHS_02398577.ecsv,2025-05-20,8.58,Circle,60.0,1,10,48.0,183.66913,-9.63951,1.0,2.0,2.0,1.2,60.99,1.583,0.99265,0.91201,,,17.028,16.602,0.022,0.024,0.515,,17.06,,,,0.058,,,0.09,,0.029,2025-05-06,-14,sci,['/mnt/photometry/AT2025lne/field13383-2025-05-04/J/stack/coadd.Open-J.02383181-02383217.C3.fits'],['field13383-2025-05-04'],['C3'],[16.613],[0.031],[17.161],[0.027],[17.096],[0.022],[-16],[2.0],[1.0],[1.0],180165,AT,2025lne,183.6692092,-9.639776417,,,,114.0,DESIRT,114.0,DESIRT,21.1375,22.0,r,"Xander J. Hall (Carnegie Mellon U.), Tomás Ahumada (Caltech), Lei Hu (Carnegie Mellon U.), Antonella Palmese (Carnegie Mellon U.), Brendan O'Connor (Carnegie Mellon U.), Tomás Cabrera (Carnegie Mellon U.), Keerthi Kunnumkai (Carnegie Mellon U.) on behalf of 2DTS/ZTF",5/23/25 21:13,A202505201214406m093823,2025TNSTR1913....1H,,5/23/25 21:14,5/23/25 21:14,,False,772.0841853627203,0.4579999999999984,-0.0395000000000003,16.814999999999998,52.22946373201108,/mnt/photometry/AT2025lne/07-21_1784594189.5399897.sfftdiff.fits,/mnt/photometry/AT2025lne/07-21_1784594189.5399897.sfftdiff.fits.cat,3.53971958899498,3.942091182518005,2.894786376214028,1.2699999809265137,1.86899995803833,2662.0,5493.0,13622.0,0,,,,,,,,,,,,,,,,,,,,0.929
27,27,27,83,83,AT2025kqj,field13674-2025-04-15,field13674,J,C4,/mnt/photometry/AT2025kqj/field13674-2025-04-15/J/stack/coadd.Open-J.02305463-02305499.C4.fits,/mnt/photometry/AT2025kqj/field13674-2025-04-15/J/stack/GRB_J_C4_Data_VHS_02305499.ecsv,2025-05-04,8.58,Circle,60.0,1,10,48.0,159.08456,-8.57217,0.0,0.0,0.0,1.73,35.4,1.184,0.57844,-1.0,,,17.614,16.647,0.042,0.15,99.0,,15.508,,,,99.0,,,99.0,,0.043,2025-04-15,-19,sci,['/mnt/photometry/AT2025kqj/field13674-2026-01-12/J/stack/coadd.Open-J.03365293-03365369.C4.fits'],['field13674-2026-01-12'],['C4'],[16.623],[0.061],[18.295],[0.066],[18.243],[0.057],[253],[0.0],[0.0],[0.0],179565,AT,2025kqj,159.0844129,-8.572238494,,,,114.0,DESIRT,114.0,DESIRT,21.4227,23.0,i,"Xander J. Hall (Carnegie Mellon U.), Lei Hu (Carnegie Mellon U.), Antonella Palmese (Carnegie Mellon U.), Brendan O'Connor (Carnegie Mellon U.), Yuhan Chen (UC Berkeley), Aidan Catalano (Carnegie Mellon U.), Xingzhuo Chen (Texas A&M U.), Lifan Wang (Texas A&M U.), Tomás Cabrera (Carnegie Mellon U.), Keerthi Kunnumkai (Carnegie Mellon U.) on behalf of the DECam DESI Transients Survey team",5/18/25 19:30,C202504181036203m083420,2025TNSTR1825....1H,,5/18/25 19:30,5/18/25 19:30,,True,351.56931364803404,1.1389999999999991,-0.3025000000000002,17.130499999999998,41.46091847405398,/mnt/photometry/AT2025kqj/07-21_1784585364.0231836.sfftdiff.fits,/mnt/photometry/AT2025kqj/07-21_1784585364.0231836.sfftdiff.fits.cat,3.659122451019287,2.772907921314239,2.3920413066387174,2.3340001106262207,2.4140000343322754,3300.0,3332.0,34256.0,0,,,,,,,,,,,,,,,,,,,,1.17
28,28,28,85,85,SN2025ihl,field12740-2025-04-28,field12740,J,C4,/mnt/photometry/SN2025ihl/field12740-2025-04-28/J/stack/coadd.Open-J.02365218-02365254.C4.fits,/mnt/photometry/SN2025ihl/field12740-2025-04-28/J/stack/GRB_J_C4_Data_VHS_02365254.ecsv,2025-04-21,8.58,Circle,60.0,1,10,48.0,159.60042,-11.95352,2.0,2.0,2.0,1.32,147.94,1.736,0.15609,0.11561,,,15.808,15.248,0.009,0.053,0.682,,15.319,,,,0.611,,,0.122,,0.01,2025-04-28,7,sci,['/mnt/photometry/SN2025ihl/field12740-2025-04-16/J/stack/coadd.Open-J.02309695-02309731.C4.fits'],['field12740-2025-04-16'],['C4'],[15.265],[0.01],[15.717],[0.023],[15.811],[0.009],[-5],[2.0],[2.0],[2.0],177884,SN,2025ihl,159.6004048,-11.95356356,0.062,3.0,SN Ia,74.0,ALeRCE,48.0,ZTF,18.4125,110.0,g,"A. Munoz-Arancibia, F.E. Bauer, G. Pignata, F. Forster, A. Mourao, S. Jurado, L. Hernandez-Garcia, L. Galbany, J. Silva-Farfan, R. Dastidar, J.P. Brandt, A. Alvarez, G. Cabrera-Vives, R. Carrasco-Davis, P.A. Estevez, B. Gamboa, P. Huijse, H. Larranaga, C. Mansilla, K. Medina, D. Moreno, E. Munoz, I. Reyes, P. Sanchez-Saez, D. Rodriguez-Mancini, M. Catelan, S. Eyheramendy, M.J. Graham on behalf of the ALeRCE broker",4/24/25 14:03,"ZTF19aahfevh, GOTO25cqk",2025TNSTR1515....1M,2025TNSCR1747....1C,4/24/25 14:03,5/10/25 19:59,,False,1329.0670701879053,0.0710000000000015,-0.0100000000000006,15.528,39.22585647113169,/mnt/photometry/SN2025ihl/07-21_1784597451.3459568.sfftdiff.fits,/mnt/photometry/SN2025ihl/07-21_1784597451.3459568.sfftdiff.fits.cat,3.811087480545044,3.668373006534576,2.9963737004756927,2.867000102996826,2.384999990463257,5705.0,4971.0,10681.0,0,,,,,,,,,,,,,,,,,,,,0.368
29,29,29,87,87,AT2025crt,field13095-2025-03-09,field13095,H,C2,/mnt/photometry/AT2025crt/field13095-2025-03-09/H/stack/coadd.Open-H.02175654-02176950.C2.fits,/mnt/photometry/AT2025crt/field13095-2025-03-09/H/stack/GRB_H_C2_Data_VHS_02176950.ecsv,2025-02-20,8.58,Random,90.0,1,10,48.0,211.46646,-10.43512,2.0,2.0,2.0,2.94,99.63,2.603,2.81813,0.1299,,,16.495,15.144,0.016,0.021,1.663,,16.3,,,,0.506,,,0.311,,0.019,2025-03-09,17,sci,['/mnt/photometry/AT2025crt/field13095-2025-03-12/H/stack/coadd.Open-H.02193666-02193702.C2.fits'],['field13095-2025-03-12'],['C2'],[15.162],[0.019],[16.605],[0.05],[16.517],[0.018],[20],[2.0],[2.0],[2.0],173440,AT,2025crt,211.466041,-10.43578455,,,,48.0,ZTF,48.0,ZTF,20.1492,110.0,g,"Jesper Sollerman (SU), Christoffer Fremling (Caltech), Daniel Perley (LJMU), Theophile du Laz (Caltech) on behalf of ZTF",2/25/25 11:03,"ZTF25aaggnbe, BGEM J140551.84-102608.9, PS20euk",2025TNSTR.781....1S,,2/25/25 11:03,5/4/25 23:30,,False,1070.2593607713989,1.1560000000000006,-0.0199999999999995,15.8195,48.57768718593572,/mnt/photometry/AT2025crt/07-21_1784596272.4047515.sfftdiff.fits,/mnt/photometry/AT2025crt/07-21_1784596272.4047515.sfftdiff.fits.cat,2.6961208874702454,3.1594655540943144,1.876780415725708,2.744999885559082,1.6959999799728394,9816.0,3590.0,29454.0,0,,,,,,,,,,,,,,,,,,,,2.149
30,30,30,88,88,AT2025crt,field13095-2025-03-09,field13095,H,C2,/mnt/photometry/AT2025crt/field13095-2025-03-09/H/stack/coadd.Open-H.02175654-02176950.C2.fits,/mnt/photometry/AT2025crt/field13095-2025-03-09/H/stack/GRB_H_C2_Data_VHS_02176950.ecsv,2025-02-20,8.58,Random,90.0,1,10,48.0,211.46646,-10.43512,2.0,2.0,2.0,2.94,99.63,2.603,2.81813,0.1299,,,16.495,15.144,0.016,0.021,1.663,,16.3,,,,0.506,,,0.311,,0.019,2025-03-09,17,sci,['/mnt/photometry/AT2025crt/field13095-2025-03-12/H/stack/coadd.Open-H.02193666-02193702.C2.fits'],['field13095-2025-03-12'],['C2'],[15.162],[0.019],[16.605],[0.05],[16.517],[0.018],[20],[2.0],[2.0],[2.0],173440,AT,2025crt,211.466041,-10.43578455,,,,48.0,ZTF,48.0,ZTF,20.1492,110.0,g,"Jesper Sollerman (SU), Christoffer Fremling (Caltech), Daniel Perley (LJMU), Theophile du Laz (Caltech) on behalf of ZTF",2/25/25 11:03,"ZTF25aaggnbe, BGEM J140551.84-102608.9, PS20euk",2025TNSTR.781....1S,,2/25/25 11:03,5/4/25 23:30,,False,1070.2593607713989,1.1560000000000006,-0.0199999999999995,15.8195,48.57768718593572,/mnt/photometry/AT2025crt/07-21_1784596272.4047515.sfftdiff.fits,/mnt/photometry/AT2025crt/07-21_1784596272.4047515.sfftdiff.fits.cat,2.6961208874702454,3.1594655540943144,1.876780415725708,2.744999885559082,1.6959999799728394,9816.0,3590.0,29454.0,0,,,,,,,,,,,,,,,,,,,,2.149
31,31,31,89,89,AT2025crt,field13095-2025-03-09,field13095,J,C2,/mnt/photometry/AT2025crt/field13095-2025-03-09/J/stack/coadd.Open-J.02175614-02176906.C2.fits,/mnt/photometry/AT2025crt/field13095-2025-03-09/J/stack/GRB_J_C2_Data_VHS_02176906.ecsv,2025-02-20,8.58,Random,90.0,1,10,48.0,211.46645,-10.43512,2.0,2.0,2.0,3.09,102.45,2.86,2.80569,0.10985,,,16.803,15.411,0.017,0.021,1.691,,16.649,,,,0.453,,,0.299,,0.014,2025-03-09,17,sci,"['/mnt/photometry/AT2025crt/field13095-2025-03-12/J/stack/coadd.Open-J.02193622-02193658.C2.fits', '/mnt/photometry/AT2025crt/field13095-2025-04-17/J/stack/coadd.Open-J.02316423-02316459.C2.fits']","['field13095-2025-03-12', 'field13095-2025-04-17']","['C2', 'C2']","[15.425, 15.35]","[0.02, 0.017]","[16.799, 16.712]","[0.028, 0.027]","[16.874, 16.877]","[0.022, 0.021]","[20, 56]","[2.0, 2.0]","[2.0, 2.0]","[2.0, 2.0]",173440,AT,2025crt,211.466041,-10.43578455,,,,48.0,ZTF,48.0,ZTF,20.1492,110.0,g,"Jesper Sollerman (SU), Christoffer Fremling (Caltech), Daniel Perley (LJMU), Theophile du Laz (Caltech) on behalf of ZTF",2/25/25 11:03,"ZTF25aaggnbe, BGEM J140551.84-102608.9, PS20euk",2025TNSTR.781....1S,,2/25/25 11:03,5/4/25 23:30,,False,1037.1147999183454,1.238000000000001,-0.0244999999999988,16.107,48.57768718593572,/mnt/photometry/AT2025crt/07-21_1784596272.4047515.sfftdiff.fits,/mnt/photometry/AT2025crt/07-21_1784596272.4047515.sfftdiff.fits.cat,2.6961208874702454,3.1594655540943144,1.876780415725708,2.744999885559082,1.6959999799728394,9816.0,3590.0,29454.0,0,,,,,,,,,,,,,,,,,,,,2.149
32,32,32,90,90,AT2025crt,field13095-2025-03-09,field13095,J,C2,/mnt/photometry/AT2025crt/field13095-2025-03-09/J/stack/coadd.Open-J.02175614-02176906.C2.fits,/mnt/photometry/AT2025crt/field13095-2025-03-09/J/stack/GRB_J_C2_Data_VHS_02176906.ecsv,2025-02-20,8.58,Random,90.0,1,10,48.0,211.46645,-10.43512,2.0,2.0,2.0,3.09,102.45,2.86,2.80569,0.10985,,,16.803,15.411,0.017,0.021,1.691,,16.649,,,,0.453,,,0.299,,0.014,2025-03-09,17,sci,"['/mnt/photometry/AT2025crt/field13095-2025-03-12/J/stack/coadd.Open-J.02193622-02193658.C2.fits', '/mnt/photometry/AT2025crt/field13095-2025-04-17/J/stack/coadd.Open-J.02316423-02316459.C2.fits']","['field13095-2025-03-12', 'field13095-2025-04-17']","['C2', 'C2']","[15.425, 15.35]","[0.02, 0.017]","[16.799, 16.712]","[0.028, 0.027]","[16.874, 16.877]","[0.022, 0.021]","[20, 56]","[2.0, 2.0]","[2.0, 2.0]","[2.0, 2.0]",173440,AT,2025crt,211.466041,-10.43578455,,,,48.0,ZTF,48.0,ZTF,20.1492,110.0,g,"Jesper Sollerman (SU), Christoffer Fremling (Caltech), Daniel Perley (LJMU), Theophile du Laz (Caltech) on behalf of ZTF",2/25/25 11:03,"ZTF25aaggnbe, BGEM J140551.84-102608.9, PS20euk",2025TNSTR.781....1S,,2/25/25 11:03,5/4/25 23:30,,False,1037.1147999183454,1.238000000000001,-0.0244999999999988,16.107,48.57768718593572,/mnt/photometry/AT2025crt/07-21_1784596272.4047515.sfftdiff.fits,/mnt/photometry/AT2025crt/07-21_1784596272.4047515.sfftdiff.fits.cat,2.6961208874702454,3.1594655540943144,1.876780415725708,2.744999885559082,1.6959999799728394,9816.0,3590.0,29454.0,0,,,,,,,,,,,,,,,,,,,,2.149
33,33,33,95,95,AT2025ccq,field18366-2025-03-05,field18366,J,C4,/mnt/photometry/AT2025ccq/field18366-2025-03-05/J/stack/coadd.Open-J.02161826-02161862.C4.fits,/mnt/photometry/AT2025ccq/field18366-2025-03-05/J/stack/GRB_J_C4_Data_UHS_02161862.ecsv,2025-02-18,8.58,Circle,60.0,1,10,48.0,120.81657,8.64467,2.0,2.0,2.0,1.08,111.48,1.469,0.39412,0.0563,,,16.294,15.857,0.011,0.018,0.569,,16.265,,,,0.161,,,0.132,,0.013,2025-03-05,15,sci,['/mnt/photometry/AT2025ccq/field18366-2025-12-13/J/stack/coadd.Open-J.03288782-03288818.C4.fits'],['field18366-2025-12-13'],['C4'],[15.833],[0.015],[15.629],[0.024],[16.121],[0.013],[298],[2.0],[2.0],[1.0],172978,AT,2025ccq,120.8164897,8.644742639,,,,74.0,ALeRCE,48.0,ZTF,19.3552,111.0,r,"S. Jurado, F.E. Bauer, F. Forster, G. Pignata, A. Munoz-Arancibia, A. Mourao, L. Hernandez-Garcia, L. Galbany, J. Silva-Farfan, R. Dastidar, J.P. Brandt, A. Alvarez, G. Cabrera-Vives, R. Carrasco-Davis, P.A. Estevez, B. Gamboa, P. Huijse, H. Larranaga, C. Mansilla, K. Medina, D. Moreno, E. Munoz, E. Pizarro, I. Reyes, P. Sanchez-Saez, D. Rodriguez-Mancini, M. Catelan, S. Eyheramendy, M.J. Graham on behalf of the ALeRCE broker",2/20/25 3:28,"ZTF18aagfngu, ATLAS25cda, PS25bnv",2025TNSTR.688....1J,,2/20/25 3:28,4/20/25 20:15,,False,977.6266526975136,0.4080000000000012,0.0985000000000004,16.075499999999998,19.588488569791803,/mnt/photometry/AT2025ccq/07-21_1784602425.5269845.sfftdiff.fits,/mnt/photometry/AT2025ccq/07-21_1784602425.5269845.sfftdiff.fits.cat,3.7007842383384704,3.424774102020264,2.541123358297348,2.5190000534057617,2.63700008392334,1093.0,8623.0,20276.0,0,,,,,,,,,,,,,,,,,,,,0.684
34,34,34,97,97,AT2025gwl,field18699-2025-03-30,field18699,H,C4,/mnt/photometry/AT2025gwl/field18699-2025-03-30/H/stack/coadd.Open-H.02254875-02255270.C4.fits,/mnt/photometry/AT2025gwl/field18699-2025-03-30/H/stack/GRB_H_C4_Data_LAS_02255270.ecsv,2025-03-29,11.44,Circle,240.0,8,80,48.0,145.57963,9.81381,2.0,2.0,2.0,1.75,61.36,1.26,0.84154,0.10572,,,17.611,16.956,0.023,0.024,0.85,,17.518,,,,0.288,,,0.196,,0.027,2025-03-30,1,sci,['/mnt/photometry/AT2025gwl/field18699-2025-04-19/H/stack/coadd.Open-H.02328680-02329290.C4.fits'],['field18699-2025-04-19'],['C4'],[17.188],[0.052],[17.925],[0.047],[17.939],[0.038],[21],[2.0],[1.0],[2.0],176879,AT,2025gwl,145.5797669,9.814007194,,,,135.0,GW-MMADS,135.0,GW-MMADS,21.9126,22.0,r,"Xander J. Hall (CMU), Tomás Cabrera (CMU), Lei Hu (CMU), Antonella Palmese (CMU), Igor Andreoni (UMD), Brendan O’Connor (CMU), Robert Stein (Caltech), Michael Coughlin (UMN), Theo Jegou Du Laz (Caltech), Keerthi Kunnumkai (CMU), on behalf of GW-MMADS",4/6/25 16:17,T202503290942191p094850,2025TNSTR1299....1H,,4/6/25 16:17,4/6/25 16:17,,False,886.3676187476494,0.5620000000000012,-0.2799999999999993,17.2835,42.03003940275831,/mnt/photometry/AT2025gwl/07-21_1784585897.7221856.sfftdiff.fits,/mnt/photometry/AT2025gwl/07-21_1784585897.7221856.sfftdiff.fits.cat,3.4350953465938567,4.312343164730072,5.1361272258281705,3.134999990463257,2.496999979019165,10853.0,7519.0,101497.0,0,,,,,,,,,,,,,,,,,,,,1.85
35,35,35,103,103,AT2025epv,field11517-2025-04-02,field11517,J,C2,/mnt/photometry/AT2025epv/field11517-2025-04-02/J/stack/coadd.Open-J.02268929-02268965.C2.fits,/mnt/photometry/AT2025epv/field11517-2025-04-02/J/stack/GRB_J_C2_Data_VHS_02268965.ecsv,2025-03-16,8.58,Circle,60.0,1,10,48.0,166.56282,-15.80383,0.0,0.0,0.0,2.33,49.07,1.161,0.94997,-1.0,,,17.065,16.043,0.035,0.135,99.0,,17.766,,,,99.0,,,99.0,,0.034,2025-04-02,17,sci,['/mnt/photometry/AT2025epv/field11517-2025-12-13/J/stack/coadd.Open-J.03289302-03289338.C2.fits'],['field11517-2025-12-13'],['C2'],[16.098],[0.03],[17.629],[0.108],[17.227],[0.035],[272],[0.0],[0.0],[0.0],175320,AT,2025epv,166.5626199,-15.8036557,,,,48.0,ZTF,48.0,ZTF,19.0871,111.0,r,"Jesper Sollerman (SU), Christoffer Fremling (Caltech), Daniel Perley (LJMU), Theophile du Laz (Caltech) on behalf of ZTF",3/16/25 9:26,ZTF25aaiymyq,2025TNSTR1003....1S,,3/16/25 9:26,3/16/25 9:26,,False,1233.6728805637258,1.722999999999999,-0.1084999999999993,16.554000000000002,40.016363448010594,/mnt/photometry/AT2025epv/07-21_1784588886.9146078.sfftdiff.fits,/mnt/photometry/AT2025epv/07-21_1784588886.9146078.sfftdiff.fits.cat,3.627215280818939,2.996539482307434,2.789080310153961,3.289999961853028,3.111000061035156,2110.0,1708.0,22740.0,0,,,,,,,,,,,,,,,,,,,,0.846
36,36,36,106,106,AT2025egk,field3828-2024-12-25,field3828,J,C1,/mnt/photometry/AT2025egk/field3828-2024-12-25/J/stack/coadd.Open-J.02023265-02023281.C1.fits,/mnt/photometry/AT2025egk/field3828-2024-12-25/J/stack/GRB_J_C1_Data_VHS_02023281.ecsv,2025-01-06,20.02,Random,90.0,1,3,9223372036854775807:9223372036854775807:000NaN,58.87116,-48.92298,1.0,1.0,2.0,0.76,5.33,2.485,0.87751,0.56516,,,19.344,19.636,0.251,0.982,-0.942,,19.149,,,,-0.455,,,-0.65,,0.263,2024-12-25,-12,sci,['/mnt/photometry/AT2025egk/field3828-2025-10-15/J/stack/coadd.Open-J.03091664-03091700.C1.fits'],['field3828-2025-10-15'],['C1'],[18.442],[0.089],[18.661],[0.046],[18.657],[0.057],[282],[1.0],[1.0],[1.0],174826,AT,2025egk,58.870792,-48.922986,,,,83.0,YSE,83.0,YSE,22.628,22.0,r,"C. T. Murphey, G. Nair, G. Narayan (UIUC), R. J. Foley (UCSC), A. Rest (JHU, STScI), D. O. Jones (UH, IfA), K. de Soto (Harvard, CfA), C. Ni (KITP), H. Perkins (UIUC), K. Patra (UCSC), C. Ransome, Y. Dong (Harvard, CfA), Y. Chen (U Toronto), K. Auchettl (U. Melbourne, UCSC), K. Taggert (UCSC), C. Kilpatrick (Northwestern), A. Zenteno, W. Liu, K. Vivas (NOIRLab), S. Sharief (U. Montreal), A. Wasserman, M. Verrico, A. Agarwal (UIUC), Q. Wang (STScI, MIT), R. Angulo (JHU, STScI), H. Abunemeh, N. Earl, K. D. French, A. Mitra, J. O'Brien, M. Shepherd (UIUC), M. Grayling, E. Hayes, K. S. Mandel (Cambridge), D. Farías, C. Gall, A. Hajela, J. Hjorth, L. Izzo, D. Langeroodi, A. Sedgewick, R. Wojtak (DARK, NBI), S. Raimunda (DARK, NBI, U. Southampton), A. Gagliano, S. Gomez, S. Rankin, V. A. Villar, A. Tartaglia, A. Nugent, S. K. Yadavalli (Harvard, CfA), S. Smartt, K. Smith (QUB, Oxford), D. Coulter, J. Pierel, M. Seibert (STScI), P. Arunachalam, K. W. Davis, R. Kaur, P. Macias, C. Rojas-Bravo, E. Ramirez-Ruiz (UCSC), K. C. Chambers, M. E. Huber, E. G. Magnier, R. J. Wainscoat (UH, IfA), M. Drout (U. Toronto), V. Baldasarre, A. Messick (WSU), C. Angus (QUB), S. Thorpe (Stockholm U.), Y.-C. Pan (NCU)",3/13/25 20:24,,2025TNSTR.975....1M,,3/13/25 20:25,3/13/25 20:25,,False,1749.00831857688,0.4869999999999983,0.9405,19.49,-48.6835709611704,/mnt/photometry/AT2025egk/07-21_1784604170.7550104.sfftdiff.fits,/mnt/photometry/AT2025egk/07-21_1784604170.7550104.sfftdiff.fits.cat,2.507023555469513,1.9175906712055208,1.9805227270603176,3.0,2.7920000553131104,13306.0,5788.0,16771.0,0,,,,,,,,,,,,,,,,,,,,2.393
37,37,37,108,108,AT2024ahtd,field9934-2024-11-30,field9934,H,C4,/mnt/photometry/AT2024ahtd/field9934-2024-11-30/H/stack/coadd.Open-H.02004354-02005145.C4.fits,/mnt/photometry/AT2024ahtd/field9934-2024-11-30/H/stack/GRB_H_C4_Data_2MASS_02005145.ecsv,2024-11-26,11.44,Random,10.0,1,12,9223372036854775807:9223372036854775807:000NaN,57.94443,-22.32336,3.0,3.0,3.0,1.23,14.94,1.472,2.11039,-1.0,,,19.055,18.685,0.089,0.098,99.0,,18.622,,,,99.0,,,99.0,,0.093,2024-11-30,4,sci,['/mnt/photometry/AT2024ahtd/field9934-2024-11-28/H/stack/coadd.Open-H.01996172-01996227.C4.fits'],['field9934-2024-11-28'],['C4'],[19.059],[0.231],[18.675],[0.298],[18.91],[0.256],[2],[3.0],[3.0],[3.0],174737,AT,2024ahtd,57.943804,-22.323472,,,,83.0,YSE,83.0,YSE,23.411,21.0,g,"C. T. Murphey, G. Nair, G. Narayan (UIUC), R. J. Foley (UCSC), A. Rest (JHU, STScI), D. O. Jones (UH, IfA), K. de Soto (Harvard, CfA), C. Ni (KITP), H. Perkins (UIUC), K. Patra (UCSC), C. Ransome, Y. Dong (Harvard, CfA), Y. Chen (U Toronto), K. Auchettl (U. Melbourne, UCSC), K. Taggert (UCSC), C. Kilpatrick (Northwestern), A. Zenteno, W. Liu, K. Vivas (NOIRLab), S. Sharief (U. Montreal), A. Wasserman, M. Verrico, A. Agarwal (UIUC), Q. Wang (STScI, MIT), R. Angulo (JHU, STScI), H. Abunemeh, N. Earl, K. D. French, A. Mitra, J. O'Brien, M. Shepherd (UIUC), M. Grayling, E. Hayes, K. S. Mandel (Cambridge), D. Farías, C. Gall, A. Hajela, J. Hjorth, L. Izzo, D. Langeroodi, A. Sedgewick, R. Wojtak (DARK, NBI), S. Raimunda (DARK, NBI, U. Southampton), A. Gagliano, S. Gomez, S. Rankin, V. A. Villar, A. Tartaglia, A. Nugent, S. K. Yadavalli (Harvard, CfA), S. Smartt, K. Smith (QUB, Oxford), D. Coulter, J. Pierel, M. Seibert (STScI), P. Arunachalam, K. W. Davis, R. Kaur, P. Macias, C. Rojas-Bravo, E. Ramirez-Ruiz (UCSC), K. C. Chambers, M. E. Huber, E. G. Magnier, R. J. Wainscoat (UH, IfA), M. Drout (U. Toronto), V. Baldasarre, A. Messick (WSU), C. Angus (QUB), S. Thorpe (Stockholm U.), Y.-C. Pan (NCU)",3/13/25 20:20,,2025TNSTR.975....1M,,3/13/25 20:22,3/13/25 20:22,,False,426.90957051181886,0.0629999999999988,-0.1145000000000013,18.87,-49.24833512218734,/mnt/photometry/AT2024ahtd/07-21_1784588488.3973885.sfftdiff.fits,/mnt/photometry/AT2024ahtd/07-21_1784588488.3973885.sfftdiff.fits.cat,3.560298098373413,8.000866617107391,5.0027788950920105,3.963000059127808,5.01800012588501,2180.0,2330.0,9215.0,0,,,,,,,,,,,,,,,,,,,,2.564
38,38,38,109,109,AT2025dbp,field1587-2025-02-16,field1587,J,C4,/mnt/photometry/AT2025dbp/field1587-2025-02-16/J/stack/coadd.Open-J.02132575-02132611.C4.fits,/mnt/photometry/AT2025dbp/field1587-2025-02-16/J/stack/GRB_J_C4_Data_VHS_02132611.ecsv,2025-03-01,8.58,Circle,60.0,1,10,48.0,73.88519,-64.32412,1.0,1.0,2.0,1.61,12.76,2.007,2.15464,0.75372,,,18.864,18.088,0.129,0.244,0.523,,18.171,,,,0.44,,,-0.253,,0.114,2025-02-16,-13,sci,['/mnt/photometry/AT2025dbp/field1587-2026-01-11/J/stack/coadd.Open-J.03362817-03362853.C4.fits'],['field1587-2026-01-11'],['C4'],[18.16],[0.095],[18.335],[0.098],[18.444],[0.102],[316],[2.0],[1.0],[1.0],173702,AT,2025dbp,73.885354,-64.32353,,,,59.0,GOTO,59.0,GOTO,19.63,120.0,L,"D. O'Neill, G. Ramsay, K. Ackley, M. Dyer, F. Jiménez-Ibarra, J. Lyman, K. Ulaczyk, D. Steeghs, D. Galloway, V. Dhillon, P. O'Brien, K. Noysena, R. Kotak, R. Breton, L. Nuttall, E. Pallé, D. Pollacco, T. Killestein, A. Kumar, on behalf of GOTO collaboration",3/1/25 13:42,GOTO25ayw,2025TNSTR.845....1O,,3/1/25 13:42,3/1/25 13:42,,False,1321.2579029581398,0.0829999999999984,0.1740000000000012,18.476,-36.72111003138654,/mnt/photometry/AT2025dbp/07-21_1784603038.3791454.sfftdiff.fits,/mnt/photometry/AT2025dbp/07-21_1784603038.3791454.sfftdiff.fits.cat,3.8186887012481687,4.226788074731827,2.331752923107147,4.163000106811523,4.783999919891357,6157.0,5392.0,34425.0,0,,,,,,,,,,,,,,,,,,,,1.688
39,39,39,111,111,TDE2025chm,field20517-2025-03-10,field20517,J,C4,/mnt/photometry/TDE2025chm/field20517-2025-03-10/J/stack/coadd.Open-J.02180746-02180782.C4.fits,/mnt/photometry/TDE2025chm/field20517-2025-03-10/J/stack/GRB_J_C4_Data_UHS_02180782.ecsv,2025-02-20,8.58,Circle,60.0,1,10,48.0,115.24595,16.53154,2.0,2.0,2.0,1.52,25.64,1.036,0.13492,0.11342,,,17.812,17.361,0.053,0.045,1.014,,17.79,,,,0.585,,,0.563,,0.061,2025-03-10,18,sci,['/mnt/photometry/TDE2025chm/field20517-2025-12-13/J/stack/coadd.Open-J.03288982-03289018.C4.fits'],['field20517-2025-12-13'],['C4'],[17.777],[0.102],[18.407],[0.072],[18.459],[0.073],[296],[2.0],[1.0],[1.0],173105,TDE,2025chm,115.2459858,16.5315623,0.101,120.0,TDE,48.0,ZTF,48.0,ZTF,19.5231,110.0,g,"Jesper Sollerman (SU), Christoffer Fremling (Caltech), Daniel Perley (LJMU), Theophile du Laz (Caltech) on behalf of ZTF",2/22/25 6:38,"ZTF25aagevje, GOTO25asg, ATLAS25bzy",2025TNSTR.725....1S,2025TNSCR.836....1C,2/22/25 6:38,2/28/25 11:19,,False,1151.9504040013237,0.4289999999999985,-0.5314999999999994,17.5865,17.929433813318933,/mnt/photometry/TDE2025chm/07-20_1784584067.4176574.sfftdiff.fits,/mnt/photometry/TDE2025chm/07-20_1784584067.4176574.sfftdiff.fits.cat,4.13530867023468,3.4215797088146207,2.966047643566132,4.4720001220703125,2.765000104904175,5676.0,15705.0,25300.0,0,,,,,,,,,,,,,,,,,,,,0.107
40,40,40,117,117,AT2025btm,field915-2025-02-13,field915,J,C4,/mnt/photometry/AT2025btm/field915-2025-02-13/J/stack/coadd.Open-J.02116085-02116393.C4.fits,/mnt/photometry/AT2025btm/field915-2025-02-13/J/stack/GRB_J_C4_Data_VHS_02116393.ecsv,2025-02-13,60.06,Circle,120.0,1,15,48.0,247.96789,-71.21108,2.0,2.0,2.0,2.15,78.59,1.158,3.51696,0.17197,,,17.235,16.51,0.022,0.02,1.066,,17.03,,,,0.546,,,0.341,,0.017,2025-02-13,0,sci,['/mnt/photometry/AT2025btm/field915-2025-02-17/J/stack/coadd.Open-J.02141517-02141825.C4.fits'],['field915-2025-02-17'],['C4'],[16.528],[0.021],[17.29],[0.027],[17.368],[0.022],[4],[2.0],[2.0],[2.0],172626,AT,2025btm,247.9699308,-71.2117987,,,,135.0,GW-MMADS,135.0,GW-MMADS,21.3795,23.0,i,"Xander J. Hall (CMU), Tomás Cabrera (CMU), Lei Hu (CMU), Antonella Palmese (CMU), Igor Andreoni (UMD), Brendan O’Connor (CMU), Robert Stein (Caltech), Michael Coughlin (UMN), Theo Jegou Du Laz (Caltech), Keerthi Kunnumkai (CMU), on behalf of GW-MMADS",2/16/25 18:24,T202502131631528m711242,2025TNSTR.628....1H,,2/16/25 18:24,2/16/25 18:24,,False,1979.361272219311,0.5199999999999996,-0.0754999999999981,16.872500000000002,-15.326579296527129,/mnt/photometry/AT2025btm/07-21_1784591197.5955677.sfftdiff.fits,/mnt/photometry/AT2025btm/07-21_1784591197.5955677.sfftdiff.fits.cat,1.879963851070404,2.216150671434402,1.2362710858225825,3.431999921798706,2.760999917984009,12049.0,16837.0,27886.0,0,,,,,,,,,,,,,,,,,,,,3.033
41,41,41,120,120,AT2025bti,field1256-2025-02-17,field1256,J,C4,/mnt/photometry/AT2025bti/field1256-2025-02-17/J/stack/coadd.Open-J.02139207-02139515.C4.fits,/mnt/photometry/AT2025bti/field1256-2025-02-17/J/stack/GRB_J_C4_Data_2MASS_02139515.ecsv,2025-02-13,60.06,Circle,120.0,1,15,48.0,239.81495,-67.75824,3.0,3.0,3.0,1.01,26.87,1.177,1.43077,-1.0,,,18.289,18.353,0.044,0.048,99.0,,18.403,,,,99.0,,,99.0,,0.052,2025-02-17,4,sci,['/mnt/photometry/AT2025bti/field1256-2025-02-14/J/stack/coadd.Open-J.02122445-02122753.C4.fits'],['field1256-2025-02-14'],['C4'],[18.413],[0.049],[18.344],[0.036],[18.272],[0.039],[1],[3.0],[3.0],[3.0],172622,AT,2025bti,239.8147373,-67.75862824,,,,135.0,GW-MMADS,135.0,GW-MMADS,21.6973,23.0,i,"Xander J. Hall (CMU), Tomás Cabrera (CMU), Lei Hu (CMU), Antonella Palmese (CMU), Igor Andreoni (UMD), Brendan O’Connor (CMU), Robert Stein (Caltech), Michael Coughlin (UMN), Theo Jegou Du Laz (Caltech), Keerthi Kunnumkai (CMU), on behalf of GW-MMADS",2/16/25 18:24,T202502131559155m674531,2025TNSTR.628....1H,,2/16/25 18:24,2/16/25 18:24,,False,1447.9324780465322,0.0499999999999971,-0.0214999999999978,18.321,-10.87157551954624,/mnt/photometry/AT2025bti/07-21_1784595781.1205847.sfftdiff.fits,/mnt/photometry/AT2025bti/07-21_1784595781.1205847.sfftdiff.fits.cat,2.279624787926674,2.474462094926834,1.9223011374950407,2.805000066757202,2.313999891281128,22400.0,30848.0,50794.0,0,,,,,,,,,,,,,,,,,,,,1.247
42,42,42,128,128,AT2025bnx,field1137-2025-02-15,field1137,J,C4,/mnt/photometry/AT2025bnx/field1137-2025-02-15/J/stack/coadd.Open-J.02129863-02130171.C4.fits,/mnt/photometry/AT2025bnx/field1137-2025-02-15/J/stack/GRB_J_C4_Data_VHS_02130171.ecsv,2025-02-13,60.06,Circle,120.0,1,15,48.0,243.19809,-68.82788,2.0,2.0,2.0,1.85,101.26,1.213,0.52767,0.23875,,,16.775,16.041,0.015,0.016,0.968,,16.585,,,,0.423,,,0.234,,0.014,2025-02-15,2,sci,['/mnt/photometry/AT2025bnx/field1137-2025-02-12/J/stack/coadd.Open-J.02111497-02111805.C4.fits'],['field1137-2025-02-12'],['C4'],[18.704],[0.044],[18.684],[0.039],[18.757],[0.037],[-1],[1.0],[1.0],[2.0],172441,AT,2025bnx,243.1983389,-68.82776127,,,,135.0,GW-MMADS,135.0,GW-MMADS,20.5293,22.0,r,"Xander Hall (CMU), Tomás Cabrera (CMU), Lei Hu (CMU), Antonella Palmese (CMU), Igor Andreoni (UMD), Brendan O’Connor (CMU), Robert Stein (Caltech), Michael Coughlin (UMN), Theo Jegou Du Laz (Caltech), Keerthi Kunnumkai (CMU), on behalf of GW-MMADS",2/13/25 20:04,T202502131612476m684940,2025TNSTR.594....1H,,2/13/25 20:05,2/13/25 20:05,,False,1304.667575501055,0.5440000000000005,-2.3225000000000016,16.408,-12.506271924636827,/mnt/photometry/AT2025bnx/07-20_1784582329.6562877.sfftdiff.fits,/mnt/photometry/AT2025bnx/07-20_1784582329.6562877.sfftdiff.fits.cat,2.2914461990118027,1.9366121038913728,1.6239712523460388,2.8329999446868896,3.049000024795532,17098.0,21736.0,29166.0,0,,,,,,,,,,,,,,,,,,,,0.38
43,43,43,130,130,AT2025bnu,field1140-2025-02-12,field1140,J,C4,/mnt/photometry/AT2025bnu/field1140-2025-02-12/J/stack/coadd.Open-J.02113257-02113565.C4.fits,/mnt/photometry/AT2025bnu/field1140-2025-02-12/J/stack/GRB_J_C4_Data_VHS_02113565.ecsv,2025-02-13,60.06,Circle,120.0,1,15,48.0,252.86495,-69.10798,1.0,1.0,2.0,1.14,57.24,1.451,0.16646,0.08114,,,18.037,17.64,0.022,0.024,0.501,,18.054,,,,0.087,,,0.103,,0.024,2025-02-12,-1,sci,['/mnt/photometry/AT2025bnu/field1140-2025-02-15/J/stack/coadd.Open-J.02128873-02129181.C4.fits'],['field1140-2025-02-15'],['C4'],[17.706],[0.036],[18.108],[0.028],[18.244],[0.033],[2],[2.0],[1.0],[1.0],172438,AT,2025bnu,252.8650086,-69.10794081,,,,135.0,GW-MMADS,135.0,GW-MMADS,21.4038,23.0,i,"Xander Hall (CMU), Tomás Cabrera (CMU), Lei Hu (CMU), Antonella Palmese (CMU), Igor Andreoni (UMD), Brendan O’Connor (CMU), Robert Stein (Caltech), Michael Coughlin (UMN), Theo Jegou Du Laz (Caltech), Keerthi Kunnumkai (CMU), on behalf of GW-MMADS",2/13/25 20:04,T202502131651276m690629,2025TNSTR.594....1H,,2/13/25 20:05,2/13/25 20:05,,False,1523.2283389654176,0.4139999999999979,-0.1364999999999998,17.8385,-15.2929141722146,/mnt/photometry/AT2025bnu/07-21_1784588155.1843233.sfftdiff.fits,/mnt/photometry/AT2025bnu/07-21_1784588155.1843233.sfftdiff.fits.cat,2.0854173811912537,2.4822799984931945,3.226040215015411,3.052999973297119,2.29099988937378,18295.0,18215.0,39114.0,0,,,,,,,,,,,,,,,,,,,,0.766
44,44,44,131,131,AT2025bnp,field1021-2025-02-15,field1021,J,C4,/mnt/photometry/AT2025bnp/field1021-2025-02-15/J/stack/coadd.Open-J.02127223-02127531.C4.fits,/mnt/photometry/AT2025bnp/field1021-2025-02-15/J/stack/GRB_J_C4_Data_VHS_02127531.ecsv,2025-02-13,60.06,Circle,120.0,1,15,48.0,238.09303,-70.07869,2.0,2.0,2.0,2.22,69.95,2.055,0.60432,0.56746,,,17.318,16.302,0.023,0.027,1.288,,17.204,,,,0.385,,,0.271,,0.019,2025-02-15,2,sci,['/mnt/photometry/AT2025bnp/field1021-2025-02-12/J/stack/coadd.Open-J.02109517-02109825.C4.fits'],['field1021-2025-02-12'],['C4'],[16.33],[0.019],[17.459],[0.032],[17.451],[0.021],[-1],[2.0],[2.0],[2.0],172433,AT,2025bnp,238.092561,-70.07863681,,,,135.0,GW-MMADS,135.0,GW-MMADS,21.1413,23.0,i,"Xander Hall (CMU), Tomás Cabrera (CMU), Lei Hu (CMU), Antonella Palmese (CMU), Igor Andreoni (UMD), Brendan O’Connor (CMU), Robert Stein (Caltech), Michael Coughlin (UMN), Theo Jegou Du Laz (Caltech), Keerthi Kunnumkai (CMU), on behalf of GW-MMADS",2/13/25 20:04,T202502131552222m700443,2025TNSTR.594....1H,,2/13/25 20:05,2/13/25 20:05,,False,2125.8297269253044,0.902000000000001,-0.0804999999999989,16.810000000000002,-12.227298275927671,/mnt/photometry/AT2025bnp/07-21_1784590429.5940585.sfftdiff.fits,/mnt/photometry/AT2025bnp/07-21_1784590429.5940585.sfftdiff.fits.cat,2.527842784309387,2.24616018755436,2.346403583192825,3.0199999809265137,2.3420000076293945,18117.0,29871.0,44662.0,0,,,,,,,,,,,,,,,,,,,,1.224
45,45,45,133,133,AT2025bnm,field1138-2025-02-15,field1138,J,C4,/mnt/photometry/AT2025bnm/field1138-2025-02-15/J/stack/coadd.Open-J.02129533-02129841.C4.fits,/mnt/photometry/AT2025bnm/field1138-2025-02-15/J/stack/GRB_J_C4_Data_VHS_02129841.ecsv,2025-02-13,60.06,Circle,120.0,1,15,48.0,245.71543,-69.02355,1.0,1.0,2.0,1.1,38.54,1.322,2.64061,0.17682,,,18.059,17.881,0.032,0.032,0.17,,18.064,,,,-0.013,,,-0.008,,0.047,2025-02-15,2,sci,['/mnt/photometry/AT2025bnm/field1138-2025-02-12/J/stack/coadd.Open-J.02112597-02112905.C4.fits'],['field1138-2025-02-12'],['C4'],[17.901],[0.068],[18.258],[0.034],[18.245],[0.037],[-1],[1.0],[2.0],[2.0],172430,AT,2025bnm,245.7173645,-69.02330694,,,,135.0,GW-MMADS,135.0,GW-MMADS,22.1041,23.0,i,"Xander Hall (CMU), Tomás Cabrera (CMU), Lei Hu (CMU), Antonella Palmese (CMU), Igor Andreoni (UMD), Brendan O’Connor (CMU), Robert Stein (Caltech), Michael Coughlin (UMN), Theo Jegou Du Laz (Caltech), Keerthi Kunnumkai (CMU), on behalf of GW-MMADS",2/13/25 20:04,T202502131622522m690124,2025TNSTR.594....1H,,2/13/25 20:05,2/13/25 20:05,,False,729.858363216501,0.1829999999999998,-0.1029999999999997,17.97,-13.289424164293688,/mnt/photometry/AT2025bnm/07-21_1784589166.1900063.sfftdiff.fits,/mnt/photometry/AT2025bnm/07-21_1784589166.1900063.sfftdiff.fits.cat,2.2469371352434155,2.2213160656929016,1.7705091361284255,2.509999990463257,3.611999988555908,22013.0,14320.0,42321.0,0,,,,,,,,,,,,,,,,,,,,3.058
46,46,46,136,136,AT2025bnd,field1257-2025-02-17,field1257,J,C3,/mnt/photometry/AT2025bnd/field1257-2025-02-17/J/stack/coadd.Open-J.02138877-02139185.C3.fits,/mnt/photometry/AT2025bnd/field1257-2025-02-17/J/stack/GRB_J_C3_Data_VHS_02139185.ecsv,2025-02-13,60.06,Circle,120.0,1,15,48.0,241.49008,-67.78229,1.0,1.0,2.0,1.4,35.62,1.282,0.37664,0.11929,,,18.424,17.862,0.036,0.035,0.68,,18.465,,,,0.076,,,0.118,,0.037,2025-02-17,4,sci,['/mnt/photometry/AT2025bnd/field1257-2025-02-13/J/stack/coadd.Open-J.02116435-02116743.C3.fits'],['field1257-2025-02-13'],['C3'],[18.009],[0.04],[18.286],[0.033],[18.334],[0.043],[0],[2.0],[2.0],[2.0],172421,AT,2025bnd,241.4903397,-67.78225607,,,,135.0,GW-MMADS,135.0,GW-MMADS,22.0166,23.0,i,"Xander Hall (CMU), Tomás Cabrera (CMU), Lei Hu (CMU), Antonella Palmese (CMU), Igor Andreoni (UMD), Brendan O’Connor (CMU), Robert Stein (Caltech), Michael Coughlin (UMN), Theo Jegou Du Laz (Caltech), Keerthi Kunnumkai (CMU), on behalf of GW-MMADS",2/13/25 20:04,T202502131605577m674656,2025TNSTR.594....1H,,2/13/25 20:05,2/13/25 20:05,,False,2100.030870102032,0.6030000000000015,-0.028500000000001,18.143,-11.313434710288693,/mnt/photometry/AT2025bnd/07-21_1784594895.6871622.sfftdiff.fits,/mnt/photometry/AT2025bnd/07-21_1784594895.6871622.sfftdiff.fits.cat,1.641916340303421,1.6403536079406738,0.9605427609443664,2.3010001182556152,3.226999998092652,32859.0,20054.0,37851.0,0,,,,,,,,,,,,,,,,,,,,1.799
47,47,47,138,138,AT2025bnb,field1021-2025-02-15,field1021,J,C4,/mnt/photometry/AT2025bnb/field1021-2025-02-15/J/stack/coadd.Open-J.02127223-02127531.C4.fits,/mnt/photometry/AT2025bnb/field1021-2025-02-15/J/stack/GRB_J_C4_Data_VHS_02127531.ecsv,2025-02-13,60.06,Circle,120.0,1,15,48.0,237.55449,-70.31801,2.0,2.0,2.0,1.52,119.79,1.243,0.39601,0.03759,,,16.454,15.941,0.012,0.012,0.776,,16.331,,,,0.386,,,0.262,,0.012,2025-02-15,2,sci,['/mnt/photometry/AT2025bnb/field1021-2025-02-12/J/stack/coadd.Open-J.02109517-02109825.C4.fits'],['field1021-2025-02-12'],['C4'],[15.943],[0.011],[16.381],[0.012],[16.475],[0.011],[-1],[2.0],[2.0],[2.0],172419,AT,2025bnb,237.5542781,-70.31793062,,,,135.0,GW-MMADS,135.0,GW-MMADS,20.6102,23.0,i,"Xander Hall (CMU), Tomás Cabrera (CMU), Lei Hu (CMU), Antonella Palmese (CMU), Igor Andreoni (UMD), Brendan O’Connor (CMU), Robert Stein (Caltech), Michael Coughlin (UMN), Theo Jegou Du Laz (Caltech), Keerthi Kunnumkai (CMU), on behalf of GW-MMADS",2/13/25 20:04,T202502131550130m701905,2025TNSTR.594....1H,,2/13/25 20:04,2/13/25 20:04,,False,988.8108678391708,0.3899999999999988,-0.0114999999999998,16.1975,-12.294115328953367,/mnt/photometry/AT2025bnb/07-21_1784597252.8791997.sfftdiff.fits,/mnt/photometry/AT2025bnb/07-21_1784597252.8791997.sfftdiff.fits.cat,2.527842784309387,2.2461600108146667,2.3462703214645386,3.0199999809265137,2.3410000801086426,18117.0,29860.0,44666.0,0,,,,,,,,,,,,,,,,,,,,0.479
48,48,48,143,143,AT2025ht,field3047-2025-01-13,field3047,J,C2,/mnt/photometry/AT2025ht/field3047-2025-01-13/J/stack/coadd.Open-J.02062591-02062607.C2.fits,/mnt/photometry/AT2025ht/field3047-2025-01-13/J/stack/GRB_J_C2_Data_VHS_02062607.ecsv,2025-01-08,20.02,Random,90.0,1,3,9223372036854775807:9223372036854775807:000NaN,67.81944,-53.61206,2.0,2.0,2.0,1.73,72.28,1.817,0.97498,0.07039,,,16.037,15.121,0.023,0.022,1.172,,15.488,,,,0.806,,,0.257,,0.021,2025-01-13,5,sci,['/mnt/photometry/AT2025ht/field3047-2025-01-12/J/stack/coadd.Open-J.02059433-02059449.C2.fits'],['field3047-2025-01-12'],['C2'],[15.389],[0.022],[16.065],[0.091],[15.919],[0.028],[4],[2.0],[1.0],[2.0],170451,AT,2025ht,67.819676,-53.611831,,,,3.0,ASAS-SN,3.0,ASAS-SN,17.3,22.0,r,"K. Z. Stanek, J. Callahan, for the ASAS-SN team",1/9/25 14:31,"ASASSN-25ad, GOTO24jts",2025TNSTR.116....1S,,1/9/25 14:31,1/19/25 10:55,,False,1681.866253123169,0.3669999999999991,-0.0750000000000001,15.579,-42.16348986845052,/mnt/photometry/AT2025ht/07-21_1784591416.5877614.sfftdiff.fits,/mnt/photometry/AT2025ht/07-21_1784591416.5877614.sfftdiff.fits.cat,2.2696967891693114,3.94706428399086,1.3880867703080175,2.944999933242798,1.924999952316284,1106.0,14366.0,52614.0,0,,,,,,,,,,,,,,,,,,,,2.152
49,49,49,144,144,AT2025ht,field3047-2025-01-13,field3047,J,C2,/mnt/photometry/AT2025ht/field3047-2025-01-13/J/stack/coadd.Open-J.02062591-02062607.C2.fits,/mnt/photometry/AT2025ht/field3047-2025-01-13/J/stack/GRB_J_C2_Data_VHS_02062607.ecsv,2025-01-08,20.02,Random,90.0,1,3,9223372036854775807:9223372036854775807:000NaN,67.81944,-53.61206,2.0,2.0,2.0,1.73,72.28,1.817,0.97498,0.07039,,,16.037,15.121,0.023,0.022,1.172,,15.488,,,,0.806,,,0.257,,0.021,2025-01-13,5,sci,['/mnt/photometry/AT2025ht/field3047-2025-01-12/J/stack/coadd.Open-J.02059433-02059449.C2.fits'],['field3047-2025-01-12'],['C2'],[15.389],[0.022],[16.065],[0.091],[15.919],[0.028],[4],[2.0],[1.0],[2.0],170451,AT,2025ht,67.819676,-53.611831,,,,3.0,ASAS-SN,3.0,ASAS-SN,17.3,22.0,r,"K. Z. Stanek, J. Callahan, for the ASAS-SN team",1/9/25 14:31,"ASASSN-25ad, GOTO24jts",2025TNSTR.116....1S,,1/9/25 14:31,1/19/25 10:55,,False,1681.866253123169,0.3669999999999991,-0.0750000000000001,15.579,-42.16348986845052,/mnt/photometry/AT2025ht/07-21_1784591416.5877614.sfftdiff.fits,/mnt/photometry/AT2025ht/07-21_1784591416.5877614.sfftdiff.fits.cat,2.2696967891693114,3.94706428399086,1.3880867703080175,2.944999933242798,1.924999952316284,1106.0,14366.0,52614.0,0,,,,,,,,,,,,,,,,,,,,2.152
50,50,50,145,145,AT2025ht,field3047-2025-01-14,field3047,Y,C2,/mnt/photometry/AT2025ht/field3047-2025-01-14/Y/stack/coadd.Open-Y.02068144-02068160.C2.fits,/mnt/photometry/AT2025ht/field3047-2025-01-14/Y/stack/GRB_Y_C2_Data_DES_02068160.ecsv,2025-01-08,20.02,Random,90.0,1,3,9223372036854775807:9223372036854775807:000NaN,67.81943,-53.61202,2.0,2.0,2.0,2.1,63.69,1.779,0.86651,0.11705,,,16.781,15.825,0.031,0.22,-0.071,,17.622,,,,-1.869,,,-1.027,,0.02,2025-01-14,6,sci,['/mnt/photometry/AT2025ht/field3047-2025-01-08/Y/stack/coadd.Open-Y.02039157-02039173.C2.fits'],['field3047-2025-01-08'],['C2'],[16.035],[0.015],[14.848],[0.295],[16.912],[0.025],[0],[2.0],[2.0],[2.0],170451,AT,2025ht,67.819676,-53.611831,,,,3.0,ASAS-SN,3.0,ASAS-SN,17.3,22.0,r,"K. Z. Stanek, J. Callahan, for the ASAS-SN team",1/9/25 14:31,"ASASSN-25ad, GOTO24jts",2025TNSTR.116....1S,,1/9/25 14:31,1/19/25 10:55,,False,1691.6140628832618,1.7970000000000006,-0.1705000000000005,16.302999999999997,-42.16345513933604,/mnt/photometry/AT2025ht/07-21_1784591416.5877614.sfftdiff.fits,/mnt/photometry/AT2025ht/07-21_1784591416.5877614.sfftdiff.fits.cat,2.2696967891693114,3.94706428399086,1.3880867703080175,2.944999933242798,1.924999952316284,1106.0,14366.0,52614.0,0,,,,,,,,,,,,,,,,,,,,2.152
51,51,51,146,146,AT2025ht,field3047-2025-01-14,field3047,Y,C2,/mnt/photometry/AT2025ht/field3047-2025-01-14/Y/stack/coadd.Open-Y.02068144-02068160.C2.fits,/mnt/photometry/AT2025ht/field3047-2025-01-14/Y/stack/GRB_Y_C2_Data_DES_02068160.ecsv,2025-01-08,20.02,Random,90.0,1,3,9223372036854775807:9223372036854775807:000NaN,67.81943,-53.61202,2.0,2.0,2.0,2.1,63.69,1.779,0.86651,0.11705,,,16.781,15.825,0.031,0.22,-0.071,,17.622,,,,-1.869,,,-1.027,,0.02,2025-01-14,6,sci,['/mnt/photometry/AT2025ht/field3047-2025-01-08/Y/stack/coadd.Open-Y.02039157-02039173.C2.fits'],['field3047-2025-01-08'],['C2'],[16.035],[0.015],[14.848],[0.295],[16.912],[0.025],[0],[2.0],[2.0],[2.0],170451,AT,2025ht,67.819676,-53.611831,,,,3.0,ASAS-SN,3.0,ASAS-SN,17.3,22.0,r,"K. Z. Stanek, J. Callahan, for the ASAS-SN team",1/9/25 14:31,"ASASSN-25ad, GOTO24jts",2025TNSTR.116....1S,,1/9/25 14:31,1/19/25 10:55,,False,1691.6140628832618,1.7970000000000006,-0.1705000000000005,16.302999999999997,-42.16345513933604,/mnt/photometry/AT2025ht/07-21_1784591416.5877614.sfftdiff.fits,/mnt/photometry/AT2025ht/07-21_1784591416.5877614.sfftdiff.fits.cat,2.2696967891693114,3.94706428399086,1.3880867703080175,2.944999933242798,1.924999952316284,1106.0,14366.0,52614.0,0,,,,,,,,,,,,,,,,,,,,2.152
52,52,52,147,147,AT2025pn,field9637-2025-01-10,field9637,H,C1,/mnt/photometry/AT2025pn/field9637-2025-01-10/H/stack/coadd.Open-H.02047621-02047676.C1.fits,/mnt/photometry/AT2025pn/field9637-2025-01-10/H/stack/GRB_H_C1_Data_2MASS_02047676.ecsv,2025-01-13,11.44,Random,10.0,1,12,9223372036854775807:9223372036854775807:000NaN,51.52713,-22.53008,3.0,3.0,3.0,1.57,26.46,1.544,1.15868,-1.0,,,18.248,17.459,0.053,0.062,99.0,,18.261,,,,99.0,,,99.0,,0.064,2025-01-10,-3,sci,"['/mnt/photometry/AT2025pn/field9637-2024-12-02/H/stack/coadd.Open-H.02009908-02009963.C1.fits', '/mnt/photometry/AT2025pn/field9637-2024-10-23/H/stack/coadd.Open-H.01860977-01861032.C1.fits', '/mnt/photometry/AT2025pn/field9637-2024-11-13/H/stack/coadd.Open-H.01940382-01940437.C1.fits', '/mnt/photometry/AT2025pn/field9637-2025-01-11/H/stack/coadd.Open-H.02052541-02052596.C1.fits', '/mnt/photometry/AT2025pn/field9637-2024-10-31/H/stack/coadd.Open-H.01894864-01894919.C1.fits', '/mnt/photometry/AT2025pn/field9637-2024-10-25/H/stack/coadd.Open-H.01874124-01874179.C1.fits', '/mnt/photometry/AT2025pn/field9637-2024-11-07/H/stack/coadd.Open-H.01914992-01915047.C1.fits', '/mnt/photometry/AT2025pn/field9637-2024-11-21/H/stack/coadd.Open-H.01969291-01969346.C1.fits', '/mnt/photometry/AT2025pn/field9637-2024-11-29/H/stack/coadd.Open-H.02000455-02000510.C1.fits', '/mnt/photometry/AT2025pn/field9637-2024-10-05/H/stack/coadd.Open-H.01784798-01784853.C1.fits', '/mnt/photometry/AT2025pn/field9637-2024-11-24/H/stack/coadd.Open-H.01980209-01980264.C1.fits', '/mnt/photometry/AT2025pn/field9637-2024-11-14/H/stack/coadd.Open-H.01942776-01942831.C1.fits', '/mnt/photometry/AT2025pn/field9637-2024-10-09/H/stack/coadd.Open-H.01802655-01802710.C1.fits', '/mnt/photometry/AT2025pn/field9637-2025-01-18/H/stack/coadd.Open-H.02083365-02083420.C1.fits', '/mnt/photometry/AT2025pn/field9637-2024-11-20/H/stack/coadd.Open-H.01968103-01968158.C1.fits', '/mnt/photometry/AT2025pn/field9637-2024-11-16/H/stack/coadd.Open-H.01950326-01950381.C1.fits']","['field9637-2024-12-02', 'field9637-2024-10-23', 'field9637-2024-11-13', 'field9637-2025-01-11', 'field9637-2024-10-31', 'field9637-2024-10-25', 'field9637-2024-11-07', 'field9637-2024-11-21', 'field9637-2024-11-29', 'field9637-2024-10-05', 'field9637-2024-11-24', 'field9637-2024-11-14', 'field9637-2024-10-09', 'field9637-2025-01-18', 'field9637-2024-11-20', 'field9637-2024-11-16']","['C1', 'C1', 'C1', 'C1', 'C1', 'C1', 'C1', 'C1', 'C1', 'C1', 'C1', 'C1', 'C1', 'C1', 'C1', 'C1']","[17.885, 17.693, 17.521, 17.975, 17.631, 17.615, 17.825, 19.203, 17.811, 17.864, 17.908, 17.966, 17.747, 18.118, nan, 17.973]","[0.134, 0.108, 0.102, 0.112, 0.132, 0.073, 0.088, 0.227, 0.082, 0.143, 0.133, 0.098, 0.098, 0.168, nan, 0.146]","[18.487, 18.526, 18.358, 18.802, 18.37, 18.503, 18.361, 19.052, 18.513, 18.335, 18.092, 18.577, 18.716, 18.351, nan, 18.575]","[0.102, 0.073, 0.098, 0.109, 0.089, 0.06, 0.071, 0.218, 0.062, 0.103, 0.081, 0.101, 0.092, 0.113, nan, 0.109]","[18.408, 18.467, 18.422, 18.594, 18.431, 18.385, 18.3, 19.098, 18.38, 18.296, 18.165, 18.484, 18.554, 18.361, nan, 18.645]","[0.115, 0.071, 0.111, 0.096, 0.1, 0.053, 0.07, 0.212, 0.056, 0.107, 0.087, 0.101, 0.091, 0.124, nan, 0.122]","[-42, -82, -61, -2, -74, -80, -67, -53, -45, -100, -50, -60, -96, 5, -54, -58]","[3.0, 3.0, 3.0, 0.0, 3.0, 3.0, 3.0, 3.0, 3.0, 3.0, 3.0, 3.0, 3.0, 3.0, nan, 3.0]","[3.0, 3.0, 3.0, 0.0, 3.0, 3.0, 3.0, 3.0, 3.0, 3.0, 3.0, 3.0, 3.0, 3.0, nan, 3.0]","[3.0, 3.0, 3.0, 0.0, 3.0, 3.0, 3.0, 3.0, 3.0, 3.0, 3.0, 3.0, 3.0, 3.0, nan, 3.0]",170674,AT,2025pn,51.5274508,-22.5301995,,,,48.0,ZTF,48.0,ZTF,19.1419,111.0,r,"Nabeel Rehemtulla (CIERA, NU), Christoffer Fremling (Caltech), Daniel Perley (LJMU), Theophile du Laz (Caltech) on behalf of ZTF",1/18/25 3:02,"ZTF25aacbior, ATLAS25anq",2025TNSTR.243....1R,,1/18/25 3:02,1/18/25 3:02,,False,403.296057207539,0.8019999999999996,-0.3373333333333335,17.8535,-55.01453523571847,/mnt/photometry/AT2025pn/07-21_1784596575.8127527.sfftdiff.fits,/mnt/photometry/AT2025pn/07-21_1784596575.8127527.sfftdiff.fits.cat,4.6811077056884765,5.587130513191223,4.056066015100479,2.509999990463257,3.065000057220459,2180.0,1825.0,3056.0,0,,,,,,,,,,,,,,,,,,,,1.127
53,53,53,148,148,AT2025pn,field9637-2025-01-10,field9637,H,C1,/mnt/photometry/AT2025pn/field9637-2025-01-10/H/stack/coadd.Open-H.02047621-02047676.C1.fits,/mnt/photometry/AT2025pn/field9637-2025-01-10/H/stack/GRB_H_C1_Data_2MASS_02047676.ecsv,2025-01-13,11.44,Random,10.0,1,12,9223372036854775807:9223372036854775807:000NaN,51.52713,-22.53008,3.0,3.0,3.0,1.57,26.46,1.544,1.15868,-1.0,,,18.248,17.459,0.053,0.062,99.0,,18.261,,,,99.0,,,99.0,,0.064,2025-01-10,-3,sci,"['/mnt/photometry/AT2025pn/field9637-2024-12-02/H/stack/coadd.Open-H.02009908-02009963.C1.fits', '/mnt/photometry/AT2025pn/field9637-2024-10-23/H/stack/coadd.Open-H.01860977-01861032.C1.fits', '/mnt/photometry/AT2025pn/field9637-2024-11-13/H/stack/coadd.Open-H.01940382-01940437.C1.fits', '/mnt/photometry/AT2025pn/field9637-2025-01-11/H/stack/coadd.Open-H.02052541-02052596.C1.fits', '/mnt/photometry/AT2025pn/field9637-2024-10-31/H/stack/coadd.Open-H.01894864-01894919.C1.fits', '/mnt/photometry/AT2025pn/field9637-2024-10-25/H/stack/coadd.Open-H.01874124-01874179.C1.fits', '/mnt/photometry/AT2025pn/field9637-2024-11-07/H/stack/coadd.Open-H.01914992-01915047.C1.fits', '/mnt/photometry/AT2025pn/field9637-2024-11-21/H/stack/coadd.Open-H.01969291-01969346.C1.fits', '/mnt/photometry/AT2025pn/field9637-2024-11-29/H/stack/coadd.Open-H.02000455-02000510.C1.fits', '/mnt/photometry/AT2025pn/field9637-2024-10-05/H/stack/coadd.Open-H.01784798-01784853.C1.fits', '/mnt/photometry/AT2025pn/field9637-2024-11-24/H/stack/coadd.Open-H.01980209-01980264.C1.fits', '/mnt/photometry/AT2025pn/field9637-2024-11-14/H/stack/coadd.Open-H.01942776-01942831.C1.fits', '/mnt/photometry/AT2025pn/field9637-2024-10-09/H/stack/coadd.Open-H.01802655-01802710.C1.fits', '/mnt/photometry/AT2025pn/field9637-2025-01-18/H/stack/coadd.Open-H.02083365-02083420.C1.fits', '/mnt/photometry/AT2025pn/field9637-2024-11-20/H/stack/coadd.Open-H.01968103-01968158.C1.fits', '/mnt/photometry/AT2025pn/field9637-2024-11-16/H/stack/coadd.Open-H.01950326-01950381.C1.fits']","['field9637-2024-12-02', 'field9637-2024-10-23', 'field9637-2024-11-13', 'field9637-2025-01-11', 'field9637-2024-10-31', 'field9637-2024-10-25', 'field9637-2024-11-07', 'field9637-2024-11-21', 'field9637-2024-11-29', 'field9637-2024-10-05', 'field9637-2024-11-24', 'field9637-2024-11-14', 'field9637-2024-10-09', 'field9637-2025-01-18', 'field9637-2024-11-20', 'field9637-2024-11-16']","['C1', 'C1', 'C1', 'C1', 'C1', 'C1', 'C1', 'C1', 'C1', 'C1', 'C1', 'C1', 'C1', 'C1', 'C1', 'C1']","[17.885, 17.693, 17.521, 17.975, 17.631, 17.615, 17.825, 19.203, 17.811, 17.864, 17.908, 17.966, 17.747, 18.118, nan, 17.973]","[0.134, 0.108, 0.102, 0.112, 0.132, 0.073, 0.088, 0.227, 0.082, 0.143, 0.133, 0.098, 0.098, 0.168, nan, 0.146]","[18.487, 18.526, 18.358, 18.802, 18.37, 18.503, 18.361, 19.052, 18.513, 18.335, 18.092, 18.577, 18.716, 18.351, nan, 18.575]","[0.102, 0.073, 0.098, 0.109, 0.089, 0.06, 0.071, 0.218, 0.062, 0.103, 0.081, 0.101, 0.092, 0.113, nan, 0.109]","[18.408, 18.467, 18.422, 18.594, 18.431, 18.385, 18.3, 19.098, 18.38, 18.296, 18.165, 18.484, 18.554, 18.361, nan, 18.645]","[0.115, 0.071, 0.111, 0.096, 0.1, 0.053, 0.07, 0.212, 0.056, 0.107, 0.087, 0.101, 0.091, 0.124, nan, 0.122]","[-42, -82, -61, -2, -74, -80, -67, -53, -45, -100, -50, -60, -96, 5, -54, -58]","[3.0, 3.0, 3.0, 0.0, 3.0, 3.0, 3.0, 3.0, 3.0, 3.0, 3.0, 3.0, 3.0, 3.0, nan, 3.0]","[3.0, 3.0, 3.0, 0.0, 3.0, 3.0, 3.0, 3.0, 3.0, 3.0, 3.0, 3.0, 3.0, 3.0, nan, 3.0]","[3.0, 3.0, 3.0, 0.0, 3.0, 3.0, 3.0, 3.0, 3.0, 3.0, 3.0, 3.0, 3.0, 3.0, nan, 3.0]",170674,AT,2025pn,51.5274508,-22.5301995,,,,48.0,ZTF,48.0,ZTF,19.1419,111.0,r,"Nabeel Rehemtulla (CIERA, NU), Christoffer Fremling (Caltech), Daniel Perley (LJMU), Theophile du Laz (Caltech) on behalf of ZTF",1/18/25 3:02,"ZTF25aacbior, ATLAS25anq",2025TNSTR.243....1R,,1/18/25 3:02,1/18/25 3:02,,False,403.296057207539,0.8019999999999996,-0.3373333333333335,17.8535,-55.01453523571847,/mnt/photometry/AT2025pn/07-21_1784596575.8127527.sfftdiff.fits,/mnt/photometry/AT2025pn/07-21_1784596575.8127527.sfftdiff.fits.cat,4.6811077056884765,5.587130513191223,4.056066015100479,2.509999990463257,3.065000057220459,2180.0,1825.0,3056.0,0,,,,,,,,,,,,,,,,,,,,1.127
54,54,54,149,149,AT2025pn,field9929-2025-01-17,field9929,H,C3,/mnt/photometry/AT2025pn/field9929-2025-01-17/H/stack/coadd.Open-H.02078468-02078523.C3.fits,/mnt/photometry/AT2025pn/field9929-2025-01-17/H/stack/GRB_H_C3_Data_2MASS_02078523.ecsv,2025-01-13,11.44,Random,10.0,1,12,9223372036854775807:9223372036854775807:000NaN,51.52719,-22.53011,3.0,3.0,3.0,1.43,19.59,1.507,0.9264,-1.0,,,18.214,17.573,0.065,0.075,99.0,,18.384,,,,99.0,,,99.0,,0.088,2025-01-17,4,sci,"['/mnt/photometry/AT2025pn/field9929-2025-01-09/H/stack/coadd.Open-H.02043289-02043344.C3.fits', '/mnt/photometry/AT2025pn/field9929-2024-12-01/H/stack/coadd.Open-H.02007827-02007882.C3.fits', '/mnt/photometry/AT2025pn/field9929-2024-10-30/H/stack/coadd.Open-H.01889121-01889176.C3.fits', '/mnt/photometry/AT2025pn/field9929-2024-10-11/H/stack/coadd.Open-H.01814239-01814294.C3.fits', '/mnt/photometry/AT2025pn/field9929-2024-11-18/H/stack/coadd.Open-H.01961236-01961291.C3.fits', '/mnt/photometry/AT2025pn/field9929-2024-10-03/H/stack/coadd.Open-H.01776093-01776148.C3.fits', '/mnt/photometry/AT2025pn/field9929-2024-11-23/H/stack/coadd.Open-H.01976370-01976425.C3.fits', '/mnt/photometry/AT2025pn/field9929-2024-11-15/H/stack/coadd.Open-H.01946213-01946268.C3.fits', '/mnt/photometry/AT2025pn/field9929-2024-11-07/H/stack/coadd.Open-H.01913732-01913787.C3.fits', '/mnt/photometry/AT2025pn/field9929-2024-11-12/H/stack/coadd.Open-H.01935103-01935158.C3.fits', '/mnt/photometry/AT2025pn/field9929-2024-10-08/H/stack/coadd.Open-H.01799471-01799526.C3.fits', '/mnt/photometry/AT2025pn/field9929-2024-10-24/H/stack/coadd.Open-H.01868921-01868976.C3.fits', '/mnt/photometry/AT2025pn/field9929-2024-11-29/H/stack/coadd.Open-H.01999163-01999218.C3.fits']","['field9929-2025-01-09', 'field9929-2024-12-01', 'field9929-2024-10-30', 'field9929-2024-10-11', 'field9929-2024-11-18', 'field9929-2024-10-03', 'field9929-2024-11-23', 'field9929-2024-11-15', 'field9929-2024-11-07', 'field9929-2024-11-12', 'field9929-2024-10-08', 'field9929-2024-10-24', 'field9929-2024-11-29']","['C3', 'C3', 'C3', 'C3', 'C3', 'C3', 'C3', 'C3', 'C3', 'C3', 'C3', 'C3', 'C3']","[17.642, 17.926, 17.657, 17.661, 17.754, 17.432, 17.528, 17.636, nan, 17.673, 17.598, 17.658, 17.732]","[0.064, 0.193, 0.064, 0.055, 0.084, 0.062, 0.099, 0.125, nan, 0.078, 0.058, 0.056, 0.081]","[18.134, 18.177, 18.192, 18.154, 18.357, 18.36, 18.317, 17.765, nan, 18.179, 18.23, 18.292, 18.331]","[0.066, 0.141, 0.055, 0.05, 0.078, 0.056, 0.066, 0.078, nan, 0.074, 0.051, 0.05, 0.053]","[18.156, 18.207, 18.325, 18.072, 18.323, 18.15, 18.203, 17.929, nan, 18.184, 18.076, 18.063, 18.242]","[0.066, 0.143, 0.061, 0.045, 0.076, 0.043, 0.059, 0.097, nan, 0.074, 0.044, 0.043, 0.048]","[-4, -43, -75, -94, -56, -102, -51, -59, -67, -62, -97, -81, -45]","[3.0, 3.0, 3.0, 3.0, 3.0, 3.0, 3.0, 3.0, nan, 3.0, 3.0, 3.0, 3.0]","[3.0, 3.0, 3.0, 3.0, 3.0, 3.0, 3.0, 3.0, nan, 3.0, 3.0, 3.0, 3.0]","[3.0, 3.0, 3.0, 3.0, 3.0, 3.0, 3.0, 3.0, nan, 3.0, 3.0, 3.0, 3.0]",170674,AT,2025pn,51.5274508,-22.5301995,,,,48.0,ZTF,48.0,ZTF,19.1419,111.0,r,"Nabeel Rehemtulla (CIERA, NU), Christoffer Fremling (Caltech), Daniel Perley (LJMU), Theophile du Laz (Caltech) on behalf of ZTF",1/18/25 3:02,"ZTF25aacbior, ATLAS25anq",2025TNSTR.243....1R,,1/18/25 3:02,1/18/25 3:02,,True,251.73001283589724,0.8109999999999999,-0.0159583333333319,17.8935,-55.01428447503216,/mnt/photometry/AT2025pn/07-21_1784596575.8127527.sfftdiff.fits,/mnt/photometry/AT2025pn/07-21_1784596575.8127527.sfftdiff.fits.cat,4.6811077056884765,5.587130513191223,4.056066015100479,2.509999990463257,3.065000057220459,2180.0,1825.0,3056.0,0,,,,,,,,,,,,,,,,,,,,1.127
55,55,55,150,150,AT2025pn,field9929-2025-01-17,field9929,H,C3,/mnt/photometry/AT2025pn/field9929-2025-01-17/H/stack/coadd.Open-H.02078468-02078523.C3.fits,/mnt/photometry/AT2025pn/field9929-2025-01-17/H/stack/GRB_H_C3_Data_2MASS_02078523.ecsv,2025-01-13,11.44,Random,10.0,1,12,9223372036854775807:9223372036854775807:000NaN,51.52719,-22.53011,3.0,3.0,3.0,1.43,19.59,1.507,0.9264,-1.0,,,18.214,17.573,0.065,0.075,99.0,,18.384,,,,99.0,,,99.0,,0.088,2025-01-17,4,sci,"['/mnt/photometry/AT2025pn/field9929-2025-01-09/H/stack/coadd.Open-H.02043289-02043344.C3.fits', '/mnt/photometry/AT2025pn/field9929-2024-12-01/H/stack/coadd.Open-H.02007827-02007882.C3.fits', '/mnt/photometry/AT2025pn/field9929-2024-10-30/H/stack/coadd.Open-H.01889121-01889176.C3.fits', '/mnt/photometry/AT2025pn/field9929-2024-10-11/H/stack/coadd.Open-H.01814239-01814294.C3.fits', '/mnt/photometry/AT2025pn/field9929-2024-11-18/H/stack/coadd.Open-H.01961236-01961291.C3.fits', '/mnt/photometry/AT2025pn/field9929-2024-10-03/H/stack/coadd.Open-H.01776093-01776148.C3.fits', '/mnt/photometry/AT2025pn/field9929-2024-11-23/H/stack/coadd.Open-H.01976370-01976425.C3.fits', '/mnt/photometry/AT2025pn/field9929-2024-11-15/H/stack/coadd.Open-H.01946213-01946268.C3.fits', '/mnt/photometry/AT2025pn/field9929-2024-11-07/H/stack/coadd.Open-H.01913732-01913787.C3.fits', '/mnt/photometry/AT2025pn/field9929-2024-11-12/H/stack/coadd.Open-H.01935103-01935158.C3.fits', '/mnt/photometry/AT2025pn/field9929-2024-10-08/H/stack/coadd.Open-H.01799471-01799526.C3.fits', '/mnt/photometry/AT2025pn/field9929-2024-10-24/H/stack/coadd.Open-H.01868921-01868976.C3.fits', '/mnt/photometry/AT2025pn/field9929-2024-11-29/H/stack/coadd.Open-H.01999163-01999218.C3.fits']","['field9929-2025-01-09', 'field9929-2024-12-01', 'field9929-2024-10-30', 'field9929-2024-10-11', 'field9929-2024-11-18', 'field9929-2024-10-03', 'field9929-2024-11-23', 'field9929-2024-11-15', 'field9929-2024-11-07', 'field9929-2024-11-12', 'field9929-2024-10-08', 'field9929-2024-10-24', 'field9929-2024-11-29']","['C3', 'C3', 'C3', 'C3', 'C3', 'C3', 'C3', 'C3', 'C3', 'C3', 'C3', 'C3', 'C3']","[17.642, 17.926, 17.657, 17.661, 17.754, 17.432, 17.528, 17.636, nan, 17.673, 17.598, 17.658, 17.732]","[0.064, 0.193, 0.064, 0.055, 0.084, 0.062, 0.099, 0.125, nan, 0.078, 0.058, 0.056, 0.081]","[18.134, 18.177, 18.192, 18.154, 18.357, 18.36, 18.317, 17.765, nan, 18.179, 18.23, 18.292, 18.331]","[0.066, 0.141, 0.055, 0.05, 0.078, 0.056, 0.066, 0.078, nan, 0.074, 0.051, 0.05, 0.053]","[18.156, 18.207, 18.325, 18.072, 18.323, 18.15, 18.203, 17.929, nan, 18.184, 18.076, 18.063, 18.242]","[0.066, 0.143, 0.061, 0.045, 0.076, 0.043, 0.059, 0.097, nan, 0.074, 0.044, 0.043, 0.048]","[-4, -43, -75, -94, -56, -102, -51, -59, -67, -62, -97, -81, -45]","[3.0, 3.0, 3.0, 3.0, 3.0, 3.0, 3.0, 3.0, nan, 3.0, 3.0, 3.0, 3.0]","[3.0, 3.0, 3.0, 3.0, 3.0, 3.0, 3.0, 3.0, nan, 3.0, 3.0, 3.0, 3.0]","[3.0, 3.0, 3.0, 3.0, 3.0, 3.0, 3.0, 3.0, nan, 3.0, 3.0, 3.0, 3.0]",170674,AT,2025pn,51.5274508,-22.5301995,,,,48.0,ZTF,48.0,ZTF,19.1419,111.0,r,"Nabeel Rehemtulla (CIERA, NU), Christoffer Fremling (Caltech), Daniel Perley (LJMU), Theophile du Laz (Caltech) on behalf of ZTF",1/18/25 3:02,"ZTF25aacbior, ATLAS25anq",2025TNSTR.243....1R,,1/18/25 3:02,1/18/25 3:02,,True,251.73001283589724,0.8109999999999999,-0.0159583333333319,17.8935,-55.01428447503216,/mnt/photometry/AT2025pn/07-21_1784596575.8127527.sfftdiff.fits,/mnt/photometry/AT2025pn/07-21_1784596575.8127527.sfftdiff.fits.cat,4.6811077056884765,5.587130513191223,4.056066015100479,2.509999990463257,3.065000057220459,2180.0,1825.0,3056.0,0,,,,,,,,,,,,,,,,,,,,1.127
56,56,56,151,151,AT2025nf,field9932-2025-01-17,field9932,H,C2,/mnt/photometry/AT2025nf/field9932-2025-01-17/H/stack/coadd.Open-H.02078168-02078223.C2.fits,/mnt/photometry/AT2025nf/field9932-2025-01-17/H/stack/GRB_H_C2_Data_2MASS_02078223.ecsv,2025-01-16,11.44,Random,10.0,1,12,9223372036854775807:9223372036854775807:000NaN,55.98957,-21.77628,1.0,1.0,2.0,1.36,46.82,1.245,1.45474,0.17053,,,17.171,16.479,0.028,0.04,0.575,,17.313,,,,-0.259,,,-0.116,,0.04,2025-01-17,1,sci,['/mnt/photometry/AT2025nf/field9932-2025-01-09/H/stack/coadd.Open-H.02042989-02043044.C2.fits'],['field9932-2025-01-09'],['C2'],[16.613],[0.035],[17.193],[0.034],[17.142],[0.031],[-7],[2.0],[1.0],[1.0],170611,AT,2025nf,55.98916798,-21.77612996,,,,4.0,Pan-STARRS,4.0,Pan-STARRS,20.53,57.0,r,"K. C. Chambers, T. de Boer, J. Herman, J. Fairlamb, M. Huber, C.-C. Lin, T. Lowe, E. Magnier, A. Schultz, R. J. Wainscoat, H. Gao, P. Minguez (IfA, University of Hawaii), K. W. Smith, D. R. Young, S. Srivastav, M. Fulton, S. J. Smartt, M. Nicholl, T. Moore, J. Weston, C. R. Angus, S. Sim (Queen's University Belfast), D. E. Wright (University of Minnesota)",1/16/25 12:15,PS25ci,2025TNSTR.209....1C,,1/16/25 12:15,1/16/25 12:15,,False,633.0592904844475,0.8339999999999996,-0.0525000000000002,16.825,-50.83390166681401,/mnt/photometry/AT2025nf/07-21_1784593264.9540775.sfftdiff.fits,/mnt/photometry/AT2025nf/07-21_1784593264.9540775.sfftdiff.fits.cat,7.274040184020996,7.022470319366454,11.124810674285888,1.847000002861023,2.431999921798706,661.0,2212.0,8112.0,0,,,,,,,,,,,,,,,,,,,,1.327
57,57,57,154,154,SN2024aeqs,field5150-2024-12-29,field5150,J,C2,/mnt/photometry/SN2024aeqs/field5150-2024-12-29/J/stack/coadd.Open-J.02031622-02031638.C2.fits,/mnt/photometry/SN2024aeqs/field5150-2024-12-29/J/stack/GRB_J_C2_Data_VHS_02031638.ecsv,2024-12-23,20.02,Random,90.0,1,3,9223372036854775807:9223372036854775807:000NaN,66.75747,-42.20007,0.0,0.0,0.0,0.78,52.24,1.241,0.74845,-1.0,,,16.161,16.123,0.022,0.269,99.0,,18.198,,,,99.0,,,99.0,,0.024,2024-12-29,6,sci,['/mnt/photometry/SN2024aeqs/field5150-2025-10-13/J/stack/coadd.Open-J.03082718-03082754.C2.fits'],['field5150-2025-10-13'],['C2'],[nan],[nan],[nan],[nan],[nan],[nan],[294],[nan],[nan],[nan],168790,SN,2024aeqs,66.75763675,-42.19990489,0.015,1.0,SN,59.0,GOTO,59.0,GOTO,15.93,120.0,L,"D. O'Neill, K. Ackley, M. Dyer, F. Jiménez-Ibarra, J. Lyman, K. Ulaczyk, D. Steeghs, D. Galloway, V. Dhillon, P. O'Brien, G. Ramsay, K. Noysena, R. Kotak, R. Breton, L. Nuttall, E. Pallé, D. Pollacco, T. Killestein, A. Kumar, on behalf of GOTO collaboration",12/23/24 13:08,"GOTO24jhn, ATLAS24rte, PS24myy",2024TNSTR5031....1O,2024TNSCR5058....1V,12/23/24 13:08,12/24/24 22:33,,False,1477.6903640149358,2.075,,16.142000000000003,-44.16467273592039,/mnt/photometry/SN2024aeqs/07-20_1784584718.271111.sfftdiff.fits,/mnt/photometry/SN2024aeqs/07-20_1784584718.271111.sfftdiff.fits.cat,2.411095966386795,2.3371880221366883,1.8284131244659425,1.8600000143051147,1.9259999990463257,44377.0,42943.0,76126.0,0,,,,,,,,,,,,,,,,,,,,0.103
58,58,58,155,155,SN2024aeqs,field5150-2024-12-29,field5150,J,C2,/mnt/photometry/SN2024aeqs/field5150-2024-12-29/J/stack/coadd.Open-J.02031622-02031638.C2.fits,/mnt/photometry/SN2024aeqs/field5150-2024-12-29/J/stack/GRB_J_C2_Data_VHS_02031638.ecsv,2024-12-23,20.02,Random,90.0,1,3,9223372036854775807:9223372036854775807:000NaN,66.75747,-42.20007,0.0,0.0,0.0,0.78,52.24,1.241,0.74845,-1.0,,,16.161,16.123,0.022,0.269,99.0,,18.198,,,,99.0,,,99.0,,0.024,2024-12-29,6,sci,['/mnt/photometry/SN2024aeqs/field5150-2025-10-13/J/stack/coadd.Open-J.03082718-03082754.C2.fits'],['field5150-2025-10-13'],['C2'],[nan],[nan],[nan],[nan],[nan],[nan],[294],[nan],[nan],[nan],168790,SN,2024aeqs,66.75763675,-42.19990489,0.015,1.0,SN,59.0,GOTO,59.0,GOTO,15.93,120.0,L,"D. O'Neill, K. Ackley, M. Dyer, F. Jiménez-Ibarra, J. Lyman, K. Ulaczyk, D. Steeghs, D. Galloway, V. Dhillon, P. O'Brien, G. Ramsay, K. Noysena, R. Kotak, R. Breton, L. Nuttall, E. Pallé, D. Pollacco, T. Killestein, A. Kumar, on behalf of GOTO collaboration",12/23/24 13:08,"GOTO24jhn, ATLAS24rte, PS24myy",2024TNSTR5031....1O,2024TNSCR5058....1V,12/23/24 13:08,12/24/24 22:33,,False,1477.6903640149358,2.075,,16.142000000000003,-44.16467273592039,/mnt/photometry/SN2024aeqs/07-20_1784584718.271111.sfftdiff.fits,/mnt/photometry/SN2024aeqs/07-20_1784584718.271111.sfftdiff.fits.cat,2.411095966386795,2.3371880221366883,1.8284131244659425,1.8600000143051147,1.9259999990463257,44377.0,42943.0,76126.0,0,,,,,,,,,,,,,,,,,,,,0.103
59,59,59,156,156,SN2024aeqs,field5150-2024-12-29,field5150,J,C2,/mnt/photometry/SN2024aeqs/field5150-2024-12-29/J/stack/coadd.Open-J.02031622-02031638.C2.fits,/mnt/photometry/SN2024aeqs/field5150-2024-12-29/J/stack/GRB_J_C2_Data_VHS_02031638.ecsv,2024-12-23,20.02,Random,90.0,1,3,9223372036854775807:9223372036854775807:000NaN,66.75747,-42.20007,0.0,0.0,0.0,0.78,52.24,1.241,0.74845,-1.0,,,16.161,16.123,0.022,0.269,99.0,,18.198,,,,99.0,,,99.0,,0.024,2024-12-29,6,sci,['/mnt/photometry/SN2024aeqs/field5150-2025-10-13/J/stack/coadd.Open-J.03082718-03082754.C2.fits'],['field5150-2025-10-13'],['C2'],[nan],[nan],[nan],[nan],[nan],[nan],[294],[nan],[nan],[nan],168790,SN,2024aeqs,66.75763675,-42.19990489,0.015,1.0,SN,59.0,GOTO,59.0,GOTO,15.93,120.0,L,"D. O'Neill, K. Ackley, M. Dyer, F. Jiménez-Ibarra, J. Lyman, K. Ulaczyk, D. Steeghs, D. Galloway, V. Dhillon, P. O'Brien, G. Ramsay, K. Noysena, R. Kotak, R. Breton, L. Nuttall, E. Pallé, D. Pollacco, T. Killestein, A. Kumar, on behalf of GOTO collaboration",12/23/24 13:08,"GOTO24jhn, ATLAS24rte, PS24myy",2024TNSTR5031....1O,2024TNSCR5058....1V,12/23/24 13:08,12/24/24 22:33,,False,1477.6903640149358,2.075,,16.142000000000003,-44.16467273592039,/mnt/photometry/SN2024aeqs/07-20_1784584718.271111.sfftdiff.fits,/mnt/photometry/SN2024aeqs/07-20_1784584718.271111.sfftdiff.fits.cat,2.411095966386795,2.3371880221366883,1.8284131244659425,1.8600000143051147,1.9259999990463257,44377.0,42943.0,76126.0,0,,,,,,,,,,,,,,,,,,,,0.103
60,60,60,157,157,SN2024aeqs,field5150-2025-01-07,field5150,H,C2,/mnt/photometry/SN2024aeqs/field5150-2025-01-07/H/stack/coadd.Open-H.02035469-02035489.C2.fits,/mnt/photometry/SN2024aeqs/field5150-2025-01-07/H/stack/GRB_H_C2_Data_2MASS_02035489.ecsv,2024-12-23,11.44,Random,90.0,1,5,9223372036854775807:9223372036854775807:000NaN,66.75752,-42.2,3.0,3.0,3.0,0.61,25.35,1.146,0.46515,-1.0,,,17.48,17.556,0.056,0.063,99.0,,17.457,,,,99.0,,,99.0,,0.078,2025-01-07,15,sci,"['/mnt/photometry/SN2024aeqs/field5150-2025-01-10/H/stack/coadd.Open-H.02050513-02050533.C2.fits', '/mnt/photometry/SN2024aeqs/field5150-2025-01-18/H/stack/coadd.Open-H.02082447-02082467.C2.fits']","['field5150-2025-01-10', 'field5150-2025-01-18']","['C2', 'C2']","[17.866, 17.971]","[0.135, 0.165]","[17.841, 18.068]","[0.106, 0.13]","[17.809, 18.114]","[0.091, 0.119]","[18, 26]","[3.0, 3.0]","[3.0, 3.0]","[3.0, 3.0]",168790,SN,2024aeqs,66.75763675,-42.19990489,0.015,1.0,SN,59.0,GOTO,59.0,GOTO,15.93,120.0,L,"D. O'Neill, K. Ackley, M. Dyer, F. Jiménez-Ibarra, J. Lyman, K. Ulaczyk, D. Steeghs, D. Galloway, V. Dhillon, P. O'Brien, G. Ramsay, K. Noysena, R. Kotak, R. Breton, L. Nuttall, E. Pallé, D. Pollacco, T. Killestein, A. Kumar, on behalf of GOTO collaboration",12/23/24 13:08,"GOTO24jhn, ATLAS24rte, PS24myy",2024TNSTR5031....1O,2024TNSCR5058....1V,12/23/24 13:08,12/24/24 22:33,,False,1575.568518347147,0.0990000000000002,-0.4220000000000006,17.518,-44.164420713725576,/mnt/photometry/SN2024aeqs/07-20_1784584718.271111.sfftdiff.fits,/mnt/photometry/SN2024aeqs/07-20_1784584718.271111.sfftdiff.fits.cat,2.411095966386795,2.3371880221366883,1.8284131244659425,1.8600000143051147,1.9259999990463257,44377.0,42943.0,76126.0,0,,,,,,,,,,,,,,,,,,,,0.103
61,61,61,158,158,SN2024aeqs,field5150-2025-01-07,field5150,H,C2,/mnt/photometry/SN2024aeqs/field5150-2025-01-07/H/stack/coadd.Open-H.02035469-02035489.C2.fits,/mnt/photometry/SN2024aeqs/field5150-2025-01-07/H/stack/GRB_H_C2_Data_2MASS_02035489.ecsv,2024-12-23,11.44,Random,90.0,1,5,9223372036854775807:9223372036854775807:000NaN,66.75752,-42.2,3.0,3.0,3.0,0.61,25.35,1.146,0.46515,-1.0,,,17.48,17.556,0.056,0.063,99.0,,17.457,,,,99.0,,,99.0,,0.078,2025-01-07,15,sci,"['/mnt/photometry/SN2024aeqs/field5150-2025-01-10/H/stack/coadd.Open-H.02050513-02050533.C2.fits', '/mnt/photometry/SN2024aeqs/field5150-2025-01-18/H/stack/coadd.Open-H.02082447-02082467.C2.fits']","['field5150-2025-01-10', 'field5150-2025-01-18']","['C2', 'C2']","[17.866, 17.971]","[0.135, 0.165]","[17.841, 18.068]","[0.106, 0.13]","[17.809, 18.114]","[0.091, 0.119]","[18, 26]","[3.0, 3.0]","[3.0, 3.0]","[3.0, 3.0]",168790,SN,2024aeqs,66.75763675,-42.19990489,0.015,1.0,SN,59.0,GOTO,59.0,GOTO,15.93,120.0,L,"D. O'Neill, K. Ackley, M. Dyer, F. Jiménez-Ibarra, J. Lyman, K. Ulaczyk, D. Steeghs, D. Galloway, V. Dhillon, P. O'Brien, G. Ramsay, K. Noysena, R. Kotak, R. Breton, L. Nuttall, E. Pallé, D. Pollacco, T. Killestein, A. Kumar, on behalf of GOTO collaboration",12/23/24 13:08,"GOTO24jhn, ATLAS24rte, PS24myy",2024TNSTR5031....1O,2024TNSCR5058....1V,12/23/24 13:08,12/24/24 22:33,,False,1575.568518347147,0.0990000000000002,-0.4220000000000006,17.518,-44.164420713725576,/mnt/photometry/SN2024aeqs/07-20_1784584718.271111.sfftdiff.fits,/mnt/photometry/SN2024aeqs/07-20_1784584718.271111.sfftdiff.fits.cat,2.411095966386795,2.3371880221366883,1.8284131244659425,1.8600000143051147,1.9259999990463257,44377.0,42943.0,76126.0,0,,,,,,,,,,,,,,,,,,,,0.103
62,62,62,159,159,SN2024aeqs,field5150-2025-01-07,field5150,H,C2,/mnt/photometry/SN2024aeqs/field5150-2025-01-07/H/stack/coadd.Open-H.02035469-02035489.C2.fits,/mnt/photometry/SN2024aeqs/field5150-2025-01-07/H/stack/GRB_H_C2_Data_2MASS_02035489.ecsv,2024-12-23,11.44,Random,90.0,1,5,9223372036854775807:9223372036854775807:000NaN,66.75752,-42.2,3.0,3.0,3.0,0.61,25.35,1.146,0.46515,-1.0,,,17.48,17.556,0.056,0.063,99.0,,17.457,,,,99.0,,,99.0,,0.078,2025-01-07,15,sci,"['/mnt/photometry/SN2024aeqs/field5150-2025-01-10/H/stack/coadd.Open-H.02050513-02050533.C2.fits', '/mnt/photometry/SN2024aeqs/field5150-2025-01-18/H/stack/coadd.Open-H.02082447-02082467.C2.fits']","['field5150-2025-01-10', 'field5150-2025-01-18']","['C2', 'C2']","[17.866, 17.971]","[0.135, 0.165]","[17.841, 18.068]","[0.106, 0.13]","[17.809, 18.114]","[0.091, 0.119]","[18, 26]","[3.0, 3.0]","[3.0, 3.0]","[3.0, 3.0]",168790,SN,2024aeqs,66.75763675,-42.19990489,0.015,1.0,SN,59.0,GOTO,59.0,GOTO,15.93,120.0,L,"D. O'Neill, K. Ackley, M. Dyer, F. Jiménez-Ibarra, J. Lyman, K. Ulaczyk, D. Steeghs, D. Galloway, V. Dhillon, P. O'Brien, G. Ramsay, K. Noysena, R. Kotak, R. Breton, L. Nuttall, E. Pallé, D. Pollacco, T. Killestein, A. Kumar, on behalf of GOTO collaboration",12/23/24 13:08,"GOTO24jhn, ATLAS24rte, PS24myy",2024TNSTR5031....1O,2024TNSCR5058....1V,12/23/24 13:08,12/24/24 22:33,,False,1575.568518347147,0.0990000000000002,-0.4220000000000006,17.518,-44.164420713725576,/mnt/photometry/SN2024aeqs/07-20_1784584718.271111.sfftdiff.fits,/mnt/photometry/SN2024aeqs/07-20_1784584718.271111.sfftdiff.fits.cat,2.411095966386795,2.3371880221366883,1.8284131244659425,1.8600000143051147,1.9259999990463257,44377.0,42943.0,76126.0,0,,,,,,,,,,,,,,,,,,,,0.103
63,63,63,160,160,SN2024aeqs,field5150-2025-01-07,field5150,Y,C2,/mnt/photometry/SN2024aeqs/field5150-2025-01-07/Y/stack/coadd.Open-Y.02035973-02035989.C2.fits,/mnt/photometry/SN2024aeqs/field5150-2025-01-07/Y/stack/GRB_Y_C2_Data_DES_02035989.ecsv,2024-12-23,20.02,Random,90.0,1,3,9223372036854775807:9223372036854775807:000NaN,66.75748,-42.20005,0.0,0.0,0.0,0.72,32.37,1.129,0.66146,-1.0,,,17.745,17.808,0.035,0.063,99.0,,17.837,,,,99.0,,,99.0,,0.04,2025-01-07,15,sci,"['/mnt/photometry/SN2024aeqs/field5150-2025-01-10/Y/stack/coadd.Open-Y.02051013-02051029.C2.fits', '/mnt/photometry/SN2024aeqs/field5150-2025-01-18/Y/stack/coadd.Open-Y.02084211-02084227.C2.fits']","['field5150-2025-01-10', 'field5150-2025-01-18']","['C2', 'C2']","[18.147, 18.426]","[0.064, 0.13]","[18.145, 18.833]","[0.1, 0.19]","[18.132, 18.693]","[0.053, 0.101]","[18, 26]","[0.0, 0.0]","[0.0, 0.0]","[0.0, 0.0]",168790,SN,2024aeqs,66.75763675,-42.19990489,0.015,1.0,SN,59.0,GOTO,59.0,GOTO,15.93,120.0,L,"D. O'Neill, K. Ackley, M. Dyer, F. Jiménez-Ibarra, J. Lyman, K. Ulaczyk, D. Steeghs, D. Galloway, V. Dhillon, P. O'Brien, G. Ramsay, K. Noysena, R. Kotak, R. Breton, L. Nuttall, E. Pallé, D. Pollacco, T. Killestein, A. Kumar, on behalf of GOTO collaboration",12/23/24 13:08,"GOTO24jhn, ATLAS24rte, PS24myy",2024TNSTR5031....1O,2024TNSCR5058....1V,12/23/24 13:08,12/24/24 22:33,,False,1552.3302064594532,0.0289999999999999,-0.5729999999999986,17.7765,-44.164420713725576,/mnt/photometry/SN2024aeqs/07-20_1784584718.271111.sfftdiff.fits,/mnt/photometry/SN2024aeqs/07-20_1784584718.271111.sfftdiff.fits.cat,2.411095966386795,2.3371880221366883,1.8284131244659425,1.8600000143051147,1.9259999990463257,44377.0,42943.0,76126.0,0,,,,,,,,,,,,,,,,,,,,0.103
64,64,64,161,161,SN2024aeqs,field5150-2025-01-07,field5150,Y,C2,/mnt/photometry/SN2024aeqs/field5150-2025-01-07/Y/stack/coadd.Open-Y.02035973-02035989.C2.fits,/mnt/photometry/SN2024aeqs/field5150-2025-01-07/Y/stack/GRB_Y_C2_Data_DES_02035989.ecsv,2024-12-23,20.02,Random,90.0,1,3,9223372036854775807:9223372036854775807:000NaN,66.75748,-42.20005,0.0,0.0,0.0,0.72,32.37,1.129,0.66146,-1.0,,,17.745,17.808,0.035,0.063,99.0,,17.837,,,,99.0,,,99.0,,0.04,2025-01-07,15,sci,"['/mnt/photometry/SN2024aeqs/field5150-2025-01-10/Y/stack/coadd.Open-Y.02051013-02051029.C2.fits', '/mnt/photometry/SN2024aeqs/field5150-2025-01-18/Y/stack/coadd.Open-Y.02084211-02084227.C2.fits']","['field5150-2025-01-10', 'field5150-2025-01-18']","['C2', 'C2']","[18.147, 18.426]","[0.064, 0.13]","[18.145, 18.833]","[0.1, 0.19]","[18.132, 18.693]","[0.053, 0.101]","[18, 26]","[0.0, 0.0]","[0.0, 0.0]","[0.0, 0.0]",168790,SN,2024aeqs,66.75763675,-42.19990489,0.015,1.0,SN,59.0,GOTO,59.0,GOTO,15.93,120.0,L,"D. O'Neill, K. Ackley, M. Dyer, F. Jiménez-Ibarra, J. Lyman, K. Ulaczyk, D. Steeghs, D. Galloway, V. Dhillon, P. O'Brien, G. Ramsay, K. Noysena, R. Kotak, R. Breton, L. Nuttall, E. Pallé, D. Pollacco, T. Killestein, A. Kumar, on behalf of GOTO collaboration",12/23/24 13:08,"GOTO24jhn, ATLAS24rte, PS24myy",2024TNSTR5031....1O,2024TNSCR5058....1V,12/23/24 13:08,12/24/24 22:33,,False,1552.3302064594532,0.0289999999999999,-0.5729999999999986,17.7765,-44.164420713725576,/mnt/photometry/SN2024aeqs/07-20_1784584718.271111.sfftdiff.fits,/mnt/photometry/SN2024aeqs/07-20_1784584718.271111.sfftdiff.fits.cat,2.411095966386795,2.3371880221366883,1.8284131244659425,1.8600000143051147,1.9259999990463257,44377.0,42943.0,76126.0,0,,,,,,,,,,,,,,,,,,,,0.103
65,65,65,162,162,SN2024aeqs,field5150-2025-01-07,field5150,Y,C2,/mnt/photometry/SN2024aeqs/field5150-2025-01-07/Y/stack/coadd.Open-Y.02035973-02035989.C2.fits,/mnt/photometry/SN2024aeqs/field5150-2025-01-07/Y/stack/GRB_Y_C2_Data_DES_02035989.ecsv,2024-12-23,20.02,Random,90.0,1,3,9223372036854775807:9223372036854775807:000NaN,66.75748,-42.20005,0.0,0.0,0.0,0.72,32.37,1.129,0.66146,-1.0,,,17.745,17.808,0.035,0.063,99.0,,17.837,,,,99.0,,,99.0,,0.04,2025-01-07,15,sci,"['/mnt/photometry/SN2024aeqs/field5150-2025-01-10/Y/stack/coadd.Open-Y.02051013-02051029.C2.fits', '/mnt/photometry/SN2024aeqs/field5150-2025-01-18/Y/stack/coadd.Open-Y.02084211-02084227.C2.fits']","['field5150-2025-01-10', 'field5150-2025-01-18']","['C2', 'C2']","[18.147, 18.426]","[0.064, 0.13]","[18.145, 18.833]","[0.1, 0.19]","[18.132, 18.693]","[0.053, 0.101]","[18, 26]","[0.0, 0.0]","[0.0, 0.0]","[0.0, 0.0]",168790,SN,2024aeqs,66.75763675,-42.19990489,0.015,1.0,SN,59.0,GOTO,59.0,GOTO,15.93,120.0,L,"D. O'Neill, K. Ackley, M. Dyer, F. Jiménez-Ibarra, J. Lyman, K. Ulaczyk, D. Steeghs, D. Galloway, V. Dhillon, P. O'Brien, G. Ramsay, K. Noysena, R. Kotak, R. Breton, L. Nuttall, E. Pallé, D. Pollacco, T. Killestein, A. Kumar, on behalf of GOTO collaboration",12/23/24 13:08,"GOTO24jhn, ATLAS24rte, PS24myy",2024TNSTR5031....1O,2024TNSCR5058....1V,12/23/24 13:08,12/24/24 22:33,,False,1552.3302064594532,0.0289999999999999,-0.5729999999999986,17.7765,-44.164420713725576,/mnt/photometry/SN2024aeqs/07-20_1784584718.271111.sfftdiff.fits,/mnt/photometry/SN2024aeqs/07-20_1784584718.271111.sfftdiff.fits.cat,2.411095966386795,2.3371880221366883,1.8284131244659425,1.8600000143051147,1.9259999990463257,44377.0,42943.0,76126.0,0,,,,,,,,,,,,,,,,,,,,0.103
66,66,66,166,166,AT2024acdq,field7399-2024-11-21,field7399,H,C1,/mnt/photometry/AT2024acdq/field7399-2024-11-21/H/stack/coadd.Open-H.01970617-01970672.C1.fits,/mnt/photometry/AT2024acdq/field7399-2024-11-21/H/stack/GRB_H_C1_Data_VIKING_01970672.ecsv,2024-11-20,11.44,Random,10.0,1,12,9223372036854775807:9223372036854775807:000NaN,52.1997,-31.688,2.0,2.0,2.0,1.33,135.97,1.464,0.23712,0.22534,,,16.01,15.491,0.01,0.021,0.673,,16.087,,,,0.077,,,0.154,,0.012,2024-11-21,1,sci,['/mnt/photometry/AT2024acdq/field7399-2024-11-24/H/stack/coadd.Open-H.01981302-01981357.C1.fits'],['field7399-2024-11-24'],['C1'],[15.524],[0.014],[16.105],[0.022],[16.058],[0.011],[4],[2.0],[1.0],[2.0],167054,AT,2024acdq,52.19975385,-31.68795538,,,,18.0,ATLAS,18.0,ATLAS,18.249,72.0,orange,"J. Tonry, L. Denneau, H. Weiland, R. Siverd (IfA, University of Hawaii), N. Erasmus, W. Koorts (South African Astronomical Observatory), A. Jordan, V. Suc (UAI, Obstech), S. J. Smartt, K. W. Smith (Oxford/QUB), D. R. Young, M. Nicholl, M. Fulton, M. McCollum, T. Moore, J. Weston, X. Sheng, C. R. Angus, A. Wilson, A. Aamer, D. Magill (QUB), P. Ramsden (Birmingham/QUB), L. Shingles (GSI/QUB), S. Srivastav, J. H. Gillanders, H. Stevance, A. J. Cooper, F. Stoppa (Oxford), L. Rhodes (TSI/McGill), A. Rest (STScI), T.-W. Chen (NCU), C. Stubbs (Harvard), J. S. Sommer (LMU), B. P. Schmidt (ANU)",11/25/24 12:20,"ATLAS24qnt, GOTO24inz",2024TNSTR4621....1T,,11/25/24 12:20,11/25/24 12:20,,False,702.7585786227405,0.5960000000000001,-0.0404999999999988,15.7505,-55.834702614074686,/mnt/photometry/AT2024acdq/07-21_1784594072.4619935.sfftdiff.fits,/mnt/photometry/AT2024acdq/07-21_1784594072.4619935.sfftdiff.fits.cat,5.319014985466003,6.373664563179016,7.969444420623779,2.4660000801086426,2.9760000705718994,1855.0,1326.0,5217.0,0,,,,,,,,,,,,,,,,,,,,1.015
67,67,67,176,176,AT2024abxa,field17406-2024-10-23,field17406,J,C3,/mnt/photometry/AT2024abxa/field17406-2024-10-23/J/stack/coadd.Open-J.01865009-01865045.C3.fits,/mnt/photometry/AT2024abxa/field17406-2024-10-23/J/stack/GRB_J_C3_Data_2MASS_01865045.ecsv,2024-11-06,8.58,Circle,60.0,1,10,9223372036854775807:9223372036854775807:000NaN,98.38048,4.87707,2.0,2.0,2.0,1.11,18.41,1.819,0.23308,0.25656,,,16.138,16.067,0.064,0.053,0.688,,16.058,,,,0.697,,,0.617,,0.075,2024-10-23,-14,sci,['/mnt/photometry/AT2024abxa/field17406-2026-01-11/J/stack/coadd.Open-J.03363257-03363293.C3.fits'],['field17406-2026-01-11'],['C3'],[16.876],[0.027],[16.858],[0.016],[16.857],[0.02],[431],[1.0],[1.0],[1.0],166882,AT,2024abxa,98.380458,4.877011,,,,24.0,GaiaAlerts,24.0,GaiaAlerts,16.44,75.0,G,"S.T. Hodgkin, E. Breedt, A. Delgado, D.L. Harrison, M. van Leeuwen, G. Rixon, T. Wevers, A. Yoldas (IoA Cambridge), N. Ihanec, K. Kruszyńska, K.A. Rybicki, Ł. Wyrzykowski (Warsaw University Astronomical Observatory), Z. Kostrzewa-Rutkowska (Leiden Observatory), D. Eappachen (SRON/RU), G. Marton (Konkoly Observatory), on behalf of the Gaia Alerts team",11/23/24 10:56,Gaia24djk,2024TNSTR4600....1H,,11/23/24 10:56,11/23/24 10:56,,False,879.7013580582175,0.0090000000000003,-0.7639999999999993,16.1025,-2.032566709258159,/mnt/photometry/AT2024abxa/07-20_1784582675.5699668.sfftdiff.fits,/mnt/photometry/AT2024abxa/07-20_1784582675.5699668.sfftdiff.fits.cat,23.17282749595642,3.8508984498023984,16.35400937576294,2.316999912261963,2.2780001163482666,21582.0,14609.0,16574.0,0,,,,,,,,,,,,,,,,,,,,0.816
68,68,68,179,179,SN2024zsj,field10520-2024-10-25,field10520,H,C3,/mnt/photometry/SN2024zsj/field10520-2024-10-25/H/stack/coadd.Open-H.01873944-01873999.C3.fits,/mnt/photometry/SN2024zsj/field10520-2024-10-25/H/stack/GRB_H_C3_Data_2MASS_01873999.ecsv,2024-10-27,11.44,Random,10.0,1,12,9223372036854775807:9223372036854775807:000NaN,52.18252,-19.95201,1.0,1.0,2.0,5.13,216.74,4.816,1.70704,0.56656,,,15.892,13.769,0.01,0.022,1.846,,15.73,,,,-0.115,,,-0.277,,0.008,2024-10-25,-2,sci,['/mnt/photometry/SN2024zsj/field10520-2024-10-31/H/stack/coadd.Open-H.01894684-01894739.C3.fits'],['field10520-2024-10-31'],['C3'],[13.837],[0.009],[15.806],[0.024],[15.907],[0.012],[4],[2.0],[1.0],[1.0],165392,SN,2024zsj,52.1820563,-19.9522023,0.045,3.0,SN Ia,59.0,GOTO,59.0,GOTO,19.3,120.0,L,"A. Kumar, D. O'Neill, K. Ackley, M. Dyer, F. Jiménez-Ibarra, J. Lyman, K. Ulaczyk, D. Steeghs, D. Galloway, V. Dhillon, P. O'Brien, G. Ramsay, K. Noysena, R. Kotak, R. Breton, L. Nuttall, E. Pallé, D. Pollacco, T. Killestein, on behalf of GOTO collaboration",10/29/24 16:56,"GOTO24hnb, ATLAS24ptz, ZTF24abpueay",2024TNSTR4204....1K,2024TNSCR4267....1D,10/29/24 16:56,11/13/24 9:10,,False,418.4424805594192,1.9610000000000003,-0.0415,14.8305,-53.675678745472624,/mnt/photometry/SN2024zsj/07-21_1784593954.8459294.sfftdiff.fits,/mnt/photometry/SN2024zsj/07-21_1784593954.8459294.sfftdiff.fits.cat,5.417613111305236,7.129043647098541,5.961415695190429,3.102999925613404,2.776000022888184,806.0,3383.0,6383.0,0,,,,,,,,,,,,,,,,,,,,2.641
69,69,69,182,182,SN2024xyu,field17660-2024-10-22,field17660,J,C1,/mnt/photometry/SN2024xyu/field17660-2024-10-22/J/stack/coadd.Open-J.01855967-01856605.C1.fits,/mnt/photometry/SN2024xyu/field17660-2024-10-22/J/stack/GRB_J_C1_Data_UKIDSS_J_01856605.ecsv,2024-10-13,60.06,Random,90.0,1,30,9223372036854775807:9223372036854775807:000NaN,28.48498,6.61745,2.0,2.0,2.0,1.6,73.83,1.195,1.2299,0.54396,,,18.109,17.383,0.02,0.032,1.118,,18.087,,,,0.414,,,0.392,,0.021,2024-10-22,9,sci,"['/mnt/photometry/SN2024xyu/field17660-2025-12-14/J/stack/coadd.Open-J.03291630-03291666.C1.fits', '/mnt/photometry/SN2024xyu/field17660-2025-12-17/J/stack/coadd.Open-J.03303914-03303950.C1.fits', '/mnt/photometry/SN2024xyu/field17660-2025-11-20/J/stack/coadd.Open-J.03215351-03215387.C1.fits']","['field17660-2025-12-14', 'field17660-2025-12-17', 'field17660-2025-11-20']","['C1', 'C1', 'C1']","[17.636, 17.771, 17.624]","[0.071, 0.089, 0.069]","[18.548, 18.024, 18.467]","[0.063, 0.065, 0.06]","[18.462, 18.09, 18.303]","[0.063, 0.089, 0.053]","[427, 430, 403]","[2.0, 2.0, 2.0]","[1.0, 2.0, 1.0]","[1.0, 2.0, 2.0]",164119,SN,2024xyu,28.4848503,6.6177686,0.067,3.0,SN Ia,74.0,ALeRCE,48.0,ZTF,19.8669,111.0,r,"F. Forster, F.E. Bauer, G. Pignata, A. Munoz-Arancibia, A. Mourao, L. Hernandez-Garcia, L. Galbany, J. Silva-Farfan, R. Dastidar, J.P. Brandt, A. Alvarez, G. Cabrera-Vives, R. Carrasco-Davis, P.A. Estevez, B. Gamboa, P. Huijse, H. Larranaga, C. Mansilla, K. Medina, D. Moreno, E. Munoz, E. Pizarro, I. Reyes, P. Sanchez-Saez, D. Rodriguez-Mancini, M. Catelan, S. Eyheramendy, M.J. Graham on behalf of the ALeRCE broker",10/13/24 17:59,"ZTF24abmpzmg, ATLAS24pnh, GOTO24hhb",2024TNSTR3975....1F,2024TNSCR4109....1H,10/13/24 18:00,10/22/24 16:15,,False,804.3403045930875,0.7040000000000006,-0.2349999999999976,17.746000000000002,-53.26307731960741,/mnt/photometry/SN2024xyu/07-21_1784586543.129517.sfftdiff.fits,/mnt/photometry/SN2024xyu/07-21_1784586543.129517.sfftdiff.fits.cat,1.077361423552036,2.78686311070919,1.4281762813210486,2.621999979019165,2.3949999809265137,4249.0,5210.0,35194.0,0,,,,,,,,,,,,,,,,,,,,0.251
70,70,70,187,187,AT2024wnz,field11719-2024-09-03,field11719,J,C3,/mnt/photometry/AT2024wnz/field11719-2024-09-03/J/stack/coadd.Open-J.01637690-01637726.C3.fits,/mnt/photometry/AT2024wnz/field11719-2024-09-03/J/stack/GRB_J_C3_Data_VHS_01637726.ecsv,2024-09-21,8.58,Circle,60.0,1,10,9223372036854775807:9223372036854775807:000NaN,44.90974,-15.21924,2.0,2.0,2.0,0.74,45.21,1.228,0.04922,0.11545,,,17.143,17.155,0.027,0.023,0.193,,17.142,,,,0.207,,,0.206,,0.033,2024-09-03,-18,sci,['/mnt/photometry/AT2024wnz/field11719-2026-01-10/J/stack/coadd.Open-J.03361517-03361553.C3.fits'],['field11719-2026-01-10'],['C3'],[16.932],[0.035],[17.016],[0.023],[16.948],[0.027],[476],[2.0],[2.0],[2.0],162679,AT,2024wnz,44.90975,-15.219231,,,,24.0,GaiaAlerts,24.0,GaiaAlerts,17.04,75.0,G,"S.T. Hodgkin, E. Breedt, A. Delgado, D.L. Harrison, M. van Leeuwen, G. Rixon, T. Wevers, A. Yoldas (IoA Cambridge), N. Ihanec, K. Kruszyńska, K.A. Rybicki, Ł. Wyrzykowski (Warsaw University Astronomical Observatory), Z. Kostrzewa-Rutkowska (Leiden Observatory), D. Eappachen (SRON/RU), G. Marton (Konkoly Observatory), on behalf of the Gaia Alerts team",9/24/24 21:29,Gaia24cpp,2024TNSTR3680....1H,,9/24/24 21:29,9/24/24 21:29,,False,772.9615849367724,0.0130000000000016,0.2090000000000014,17.149,-58.24755758234015,/mnt/photometry/AT2024wnz/07-21_1784603536.4840648.sfftdiff.fits,/mnt/photometry/AT2024wnz/07-21_1784603536.4840648.sfftdiff.fits.cat,2.9523732935428617,3.265196893930435,2.4103349252700803,2.552000045776367,2.7950000762939453,2289.0,7444.0,15878.0,0,,,,,,,,,,,,,,,,,,,,0.604
71,71,71,189,189,AT2024svc,field16120-2024-08-05,field16120,J,C4,/mnt/photometry/AT2024svc/field16120-2024-08-05/J/stack/coadd.Open-J.01510512-01510548.C4.fits,/mnt/photometry/AT2024svc/field16120-2024-08-05/J/stack/GRB_J_C4_Data_2MASS_01510548.ecsv,2024-08-23,8.58,Circle,60.0,1,10,9223372036854775807:9223372036854775807:000NaN,72.39179,0.25282,2.0,2.0,2.0,5.62,854.26,1.337,1.33787,2.71965,,,13.528,11.456,0.005,0.019,2.868,,12.848,,,,1.476,,,0.796,,0.004,2024-08-05,-18,sci,['/mnt/photometry/AT2024svc/field16120-2026-01-11/J/stack/coadd.Open-J.03362777-03362813.C4.fits'],['field16120-2026-01-11'],['C4'],[11.454],[0.004],[13.285],[0.018],[13.684],[0.004],[506],[2.0],[2.0],[2.0],160088,AT,2024svc,72.3917976,0.2524532,,,,48.0,ZTF,48.0,ZTF,16.8978,110.0,g,K. De (Caltech) on behalf of ZTF,8/26/24 9:01,"ZTF23abidemb, GOTO24fsv",2024TNSTR3096....1D,,8/26/24 9:01,8/26/24 9:01,,False,417.05071225025085,1.3920000000000012,-0.0769999999999999,12.492,-26.987643608005257,/mnt/photometry/AT2024svc/07-21_1784590911.8523755.sfftdiff.fits,/mnt/photometry/AT2024svc/07-21_1784590911.8523755.sfftdiff.fits.cat,3.6492172516822814,4.261493034267425,3.315150954151153,3.220999956130981,2.9130001068115234,3704.0,6541.0,32334.0,0,,,,,,,,,,,,,,,,,,,,0.865
72,72,72,193,193,AT2024ggp,field7184-2024-04-24,field7184,J,C4,/mnt/photometry/AT2024ggp/field7184-2024-04-24/J/stack/coadd.Open-J.01174465-01174773.C4.fits,/mnt/photometry/AT2024ggp/field7184-2024-04-24/J/stack/GRB_J_C4_Data_2MASS_01174773.ecsv,2024-04-07,60.06,Circle,240.0,1,15,9223372036854775807:9223372036854775807:000NaN,121.489,-33.77262,0.0,0.0,0.0,1.05,799.51,1.056,0.01433,-1.0,,,12.755,12.701,0.002,0.006,99.0,,12.694,,,,99.0,,,99.0,,0.002,2024-04-24,17,sci,"['/mnt/photometry/AT2024ggp/field7184-2024-04-28/J/stack/coadd.Open-J.01189201-01189509.C4.fits', '/mnt/photometry/AT2024ggp/field7184-2024-05-22/J/stack/coadd.Open-J.01325015-01325317.C4.fits']","['field7184-2024-04-28', 'field7184-2024-05-22']","['C4', 'C4']","[12.707, 12.383]","[0.002, 0.002]","[12.831, 12.445]","[0.004, 0.01]","[12.918, 12.545]","[0.002, 0.002]","[21, 45]","[0.0, 0.0]","[0.0, 0.0]","[0.0, 0.0]",149646,AT,2024ggp,121.489,-33.772619,,,,24.0,GaiaAlerts,24.0,GaiaAlerts,13.14,75.0,G,"S.T. Hodgkin, E. Breedt, A. Delgado, D.L. Harrison, M. van Leeuwen, G. Rixon, T. Wevers, A. Yoldas (IoA Cambridge), N. Ihanec, K. Kruszyńska, K.A. Rybicki, Ł. Wyrzykowski (Warsaw University Astronomical Observatory), Z. Kostrzewa-Rutkowska (Leiden Observatory), D. Eappachen (SRON/RU), G. Marton (Konkoly Observatory), on behalf of the Gaia Alerts team",4/11/24 14:11,Gaia24bfr,2024TNSTR1023....1H,,4/11/24 14:11,4/11/24 14:11,,False,1878.445396594076,0.0069999999999996,0.0897500000000004,12.728000000000002,-1.106700941890488,/mnt/photometry/AT2024ggp/07-21_1784601778.1196675.sfftdiff.fits,/mnt/photometry/AT2024ggp/07-21_1784601778.1196675.sfftdiff.fits.cat,2.0765699689149857,2.0599428288459776,1.1483050013065337,2.428999900817871,3.257999897003174,34131.0,25488.0,53847.0,0,,,,,,,,,,,,,,,,,,,,0.827
73,73,73,194,194,AT2024fje,field12399-2024-04-19,field12399,J,C4,/mnt/photometry/AT2024fje/field12399-2024-04-19/J/stack/coadd.Open-J.01149785-01149821.C4.fits,/mnt/photometry/AT2024fje/field12399-2024-04-19/J/stack/GRB_J_C4_Data_VHS_01149821.ecsv,2024-04-02,8.58,Circle,60.0,1,10,9223372036854775807:9223372036854775807:000NaN,123.05138,-13.15587,2.0,2.0,2.0,1.13,110.73,1.289,0.53543,0.12121,,,15.835,15.582,0.012,0.015,0.386,,15.802,,,,0.165,,,0.133,,0.014,2024-04-19,17,sci,['/mnt/photometry/AT2024fje/field12399-2026-01-11/J/stack/coadd.Open-J.03363657-03363693.C4.fits'],['field12399-2026-01-11'],['C4'],[15.542],[0.012],[15.73],[0.014],[15.774],[0.01],[649],[2.0],[2.0],[2.0],148977,AT,2024fje,123.051529,-13.155853,0.174,29.0,AGN,60.0,BlackGEM,60.0,BlackGEM,18.64,118.0,BG-q,"D. Pieterse, H. Tranin, F. Stoppa, G. Ramsay, S. Faris, P. Groot, P. Vreeswijk, on behalf of the BlackGEM consortium",4/2/24 13:07,BGEM J081212.36-130921.0,2024TNSTR.890....1P,2024TNSCR.984....1H,4/2/24 13:07,4/8/24 7:38,,False,1712.732570388101,0.2199999999999988,0.0505000000000013,15.7085,11.068688633459857,/mnt/photometry/AT2024fje/07-21_1784600264.0195138.sfftdiff.fits,/mnt/photometry/AT2024fje/07-21_1784600264.0195138.sfftdiff.fits.cat,3.792510017967224,4.1359237243652345,2.856312972950936,2.819999933242798,3.785000085830689,4347.0,7955.0,30436.0,0,,,,,,,,,,,,,,,,,,,,3.296
74,74,74,195,195,AT2024etr,field12694-2024-02-25,field12694,J,C4,/mnt/photometry/AT2024etr/field12694-2024-02-25/J/stack/coadd.Open-J.00991631-00991671.C4.fits,/mnt/photometry/AT2024etr/field12694-2024-02-25/J/stack/GRB_J_C4_Data_2MASS_00991671.ecsv,2024-03-14,8.58,Circle,60.0,1,10,48.0,106.23622,-12.24251,1.0,2.0,1.0,1.91,137.34,1.302,0.19256,0.17192,,,15.173,14.943,0.016,0.006,0.011,,14.984,,,,-0.03,,,-0.219,,0.011,2024-02-25,-18,sci,['/mnt/photometry/AT2024etr/field12694-2026-01-11/J/stack/coadd.Open-J.03363377-03363413.C4.fits'],['field12694-2026-01-11'],['C4'],[14.951],[0.006],[14.958],[0.004],[14.949],[0.006],[668],[1.0],[1.0],[1.0],148537,AT,2024etr,106.236208,-12.242461,,,,24.0,GaiaAlerts,24.0,GaiaAlerts,18.38,75.0,G,"S.T. Hodgkin, E. Breedt, A. Delgado, D.L. Harrison, M. van Leeuwen, G. Rixon, T. Wevers, A. Yoldas (IoA Cambridge), N. Ihanec, K. Kruszyńska, K.A. Rybicki, Ł. Wyrzykowski (Warsaw University Astronomical Observatory), Z. Kostrzewa-Rutkowska (Leiden Observatory), D. Eappachen (SRON/RU), G. Marton (Konkoly Observatory), on behalf of the Gaia Alerts team",3/21/24 0:27,Gaia24baj,2024TNSTR.768....1H,,3/21/24 0:27,3/21/24 0:27,,False,699.5396502528124,0.0410000000000003,0.1079999999999996,15.058,-2.835527759214416,/mnt/photometry/AT2024etr/07-21_1784602707.8659482.sfftdiff.fits,/mnt/photometry/AT2024etr/07-21_1784602707.8659482.sfftdiff.fits.cat,4.08300715341568,4.319090732717513,2.0031280872344968,4.39900016784668,3.32699990272522,5448.0,13632.0,18418.0,0,,,,,,,,,,,,,,,,,,,,0.672
75,75,75,196,196,AT2024erg,field4531-2024-02-29,field4531,J,C3,/mnt/photometry/AT2024erg/field4531-2024-02-29/J/stack/coadd.Open-J.01001075-01001111.C3.fits,/mnt/photometry/AT2024erg/field4531-2024-02-29/J/stack/GRB_J_C3_Data_VHS_01001111.ecsv,2024-03-19,8.58,Circle,60.0,1,10,48.0,164.14744,-46.08548,2.0,2.0,2.0,1.82,135.7,1.204,0.43345,0.1056,,,16.011,15.046,0.011,0.023,1.376,,15.949,,,,0.473,,,0.411,,0.012,2024-02-29,-19,sci,['/mnt/photometry/AT2024erg/field4531-2026-01-12/J/stack/coadd.Open-J.03365533-03365569.C3.fits'],['field4531-2026-01-12'],['C3'],[15.218],[0.013],[16.621],[0.032],[16.585],[0.016],[664],[2.0],[2.0],[2.0],148472,AT,2024erg,164.147304,-46.085558,,,,60.0,BlackGEM,60.0,BlackGEM,17.56,118.0,BG-q,"H. Tranin, F. Stoppa, D. Pieterse, G. Ramsay, S. Faris, P. Groot, P. Vreeswijk, on behalf of the BlackGEM consortium",3/19/24 19:49,BGEM J105635.35-460508.0,2024TNSTR.740....1T,,3/19/24 19:49,3/19/24 19:49,,False,1228.9896244530355,0.9030000000000004,-0.3730000000000011,15.5285,12.32450686148398,/mnt/photometry/AT2024erg/07-21_1784584932.1153529.sfftdiff.fits,/mnt/photometry/AT2024erg/07-21_1784584932.1153529.sfftdiff.fits.cat,3.736870948791504,3.043564258861541,2.7451908957481383,3.2780001163482666,2.5480000972747803,4075.0,10032.0,21835.0,0,,,,,,,,,,,,,,,,,,,,1.017
76,76,76,201,201,AT2024ahg,field10618-2024-01-20,field10618,J,C4,/mnt/photometry/AT2024ahg/field10618-2024-01-20/J/stack/coadd.Open-J.00912649-00912685.C4.fits,/mnt/photometry/AT2024ahg/field10618-2024-01-20/J/stack/GRB_J_C4_Data_VHS_00912685.ecsv,2024-01-13,8.58,Circle,60.0,1,10,9223372036854775807:9223372036854775807:000NaN,170.8551,-19.80566,2.0,2.0,2.0,1.41,63.25,1.106,1.47161,0.25737,,,16.929,16.279,0.021,0.03,0.872,,17.009,,,,0.142,,,0.222,,0.027,2024-01-20,7,sci,['/mnt/photometry/AT2024ahg/field10618-2025-12-13/J/stack/coadd.Open-J.03289382-03289418.C4.fits'],['field10618-2025-12-13'],['C4'],[16.375],[0.029],[16.88],[0.023],[16.971],[0.023],[700],[2.0],[2.0],[2.0],144585,AT,2024ahg,170.8550099,-19.8060639,,,,48.0,ZTF,48.0,ZTF,19.91,111.0,r,C. Fremling (Caltech) on behalf of the Zwicky Transient Facility (ZTF) collaboration,1/16/24 15:36,ZTF24aacqtgk,2024TNSTR.168....1F,,1/16/24 15:36,1/16/24 15:36,,False,930.885906771071,0.7300000000000004,-0.0690000000000008,16.604,38.44694938927,/mnt/photometry/AT2024ahg/07-21_1784591996.2179937.sfftdiff.fits,/mnt/photometry/AT2024ahg/07-21_1784591996.2179937.sfftdiff.fits.cat,3.608199503803253,3.3936594326019285,2.2412409916877745,3.102999925613404,3.1670000553131104,2153.0,1185.0,28432.0,0,,,,,,,,,,,,,,,,,,,,1.335
