full_name,field,truncated_field,band,chip,coadd_path,ecsv_path,discoverydate,EXPTIMEE,DITHTYP,DITHRAD,DITH_REP,NINT,ROTOFF,RA,DEC,psfS_CM,aperS_CM,autoS_CM,Radius,SNR,Elongation,Distance,Separation,Survey_Crsmtch,Survey Crsmtch,aperMag,autoMag,aperMag_Err,psfMag_Err,autoME_CM,apMag,psfMag,Mag_Err_Crsmtch,Mag_Err,apMag2,psfME_CM,Mag,apMag_Err,aperME_CM,apMag2_Err,autoMag_Err,field_date,days_since_discovery,role,ref_coadd_path,ref_field,ref_chip,ref_autoMag,ref_autoMag_Err,ref_psfMag,ref_psfMag_Err,ref_aperMag,ref_aperMag_Err,ref_days_since_discovery,ref_autoS_CM,ref_psfS_CM,ref_aperS_CM,objid,name_prefix,name,ra,declination,redshift,typeid,type,reporting_groupid,reporting_group,source_groupid,source_group,discoverymag,discmagfilter,filter,reporters,time_received,internal_names,Discovery_ADS_bibcode,Class_ADS_bibcodes,creationdate,lastmodified,status,edge,px_from_edge,mag_dif,sci_ref_dif,average_sci_mag,b
SN2024ugv,field19254-2024-08-18,field19254,J,C3,/mnt/photometry/SN2024ugv/field19254-2024-08-18/J/stack/coadd.Open-J.01573871-01573907.C3.fits,/mnt/photometry/SN2024ugv/field19254-2024-08-18/J/stack/GRB_J_C3_Data_2MASS_01573907.ecsv,2024-08-28,8.58,Circle,60.0,1,10,9223372036854775807:9223372036854775807:000NaN,68.73409,11.95861,1.0,1.0,2.0,2.21,47.48,1.938,2.51843,1.40699,,,17.59,16.473,0.039,0.034,0.968,,17.369,,,,0.073,,,-0.148,,0.039,2024-08-18,-10,sci,['/mnt/photometry/SN2024ugv/field19254-2026-01-11/J/stack/coadd.Open-J.03362577-03362613.C3.fits'],['field19254-2026-01-11'],['C3'],[16.512],[0.045],[17.62],[0.05],[17.679],[0.048],[501],[2.0],[1.0],[1.0],161073,SN,2024ugv,68.73470296,11.95896406,0.0328,13.0,SN IIn,48,ZTF,48.0,ZTF,20.1223,111.0,r,"Jesper Sollerman (SU), Christoffer Fremling (Caltech), Daniel Perley (LJMU), Theophile du Laz (Caltech) on behalf of ZTF",9/2/24 11:16,"ZTF24abeywka, ATLAS24ocj, GOTO24ggs, PS24lvz",2024TNSTR3249....1S,"2024TNSCR4007....1P, 2026TNSCR1362....1U",9/2/24 11:16,3/31/26 0:05,,False,1922.3256100906424,0.8960000000000008,-0.06400000000000006,17.0315,-23.499799391580446
AT2025admr,field13522-2025-11-13,field13522,J,C2,/mnt/photometry/AT2025admr/field13522-2025-11-13/J/stack/coadd.Open-J.03186975-03187074.C2.fits,/mnt/photometry/AT2025admr/field13522-2025-11-13/J/stack/GRB_J_C2_Data_VHS_03187074.ecsv,2025-11-14,28.6,Random,20.0,1,10,48.0,344.43835,-9.01316,0.0,0.0,0.0,1.47,22.8,1.043,0.16073,-1.0,,,18.705,18.128,0.059,0.047,99.0,,18.731,,,,99.0,,,99.0,,0.068,2025-11-13,-1,sci,['/mnt/photometry/AT2025admr/field13522-2025-11-17/J/stack/coadd.Open-J.03201745-03201844.C2.fits'],['field13522-2025-11-17'],['C2'],[18.422],[0.122],[18.54],[0.19],[18.981],[0.162],[3],[0.0],[0.0],[0.0],192693,AT,2025admr,344.4383893,-9.013183706,,,,135,GW-MMADS,135.0,GW-MMADS,20.275,23.0,i,"Xander J. Hall (CMU), Tomás Cabrera (CMU), Lei Hu (CMU), Antonella Palmese (CMU), Igor Andreoni (UMD), Brendan O’Connor (CMU), Robert Stein (Caltech), Michael Coughlin (UMN), Theo Jegou Du Laz (Caltech), Keerthi Kunnumkai (CMU), on behalf of GW-MMADS",11/15/25 21:59,"A202511142257452m090047, PS25mxy",2025TNSTR4589....1H,,11/15/25 21:59,2/3/26 17:36,,False,1513.9099696388685,0.6030000000000015,-0.2850000000000019,18.4165,-57.4350293608511
AT2025ably,field12662-2025-10-16,field12662,J,C3,/mnt/photometry/AT2025ably/field12662-2025-10-16/J/stack/coadd.Open-J.03096092-03096128.C3.fits,/mnt/photometry/AT2025ably/field12662-2025-10-16/J/stack/GRB_J_C3_Data_VHS_03096128.ecsv,2025-10-02,8.58,Circle,60.0,1,10,48.0,68.43529,-12.03617,2.0,2.0,2.0,1.99,81.69,1.633,2.7642,0.24522,,,17.012,16.019,0.018,0.027,1.157,,17.011,,,,0.164,,,0.163,,0.02,2025-10-16,14,sci,['/mnt/photometry/AT2025ably/field12662-2026-01-11/J/stack/coadd.Open-J.03362537-03362573.C3.fits'],['field12662-2026-01-11'],['C3'],[16.011],[0.027],[17.008],[0.033],[17.023],[0.022],[101],[2.0],[2.0],[2.0],191279,AT,2025ably,68.43421903,-12.03578337,,,,59,GOTO,59.0,GOTO,19.97,120.0,L,"D. O'Neill, K. Ackley, M. Dyer, J. Lyman, K. Ulaczyk, D. Steeghs, D. Galloway, V. Dhillon, P. O'Brien, G. Ramsay, K. Noysena, R. Kotak, R. Breton, J. Casares, L. Nuttall, B. Godson, T. Killestein, A. Kumar, M. Pursiainen, on behalf of GOTO collaboration",10/24/25 9:21,"GOTO25iza, PS25lzq",2025TNSTR4270....1O,,10/24/25 9:21,12/31/25 15:49,,False,1739.2623429103014,0.9920000000000009,-0.0015000000000000568,16.5155,-36.25253530237022
SN2025vjb,field11089-2025-08-06,field11089,J,C1,/mnt/photometry/SN2025vjb/field11089-2025-08-06/J/stack/coadd.Open-J.02806274-02806310.C1.fits,/mnt/photometry/SN2025vjb/field11089-2025-08-06/J/stack/GRB_J_C1_Data_2MASS_02806310.ecsv,2025-08-23,8.58,Circle,60.0,1,10,48.0,16.64582,-16.91182,3.0,3.0,3.0,2.79,30.85,3.456,1.79239,-1.0,,,18.818,17.224,0.054,0.076,99.0,,19.104,,,,99.0,,,99.0,,0.042,2025-08-06,-17,sci,['/mnt/photometry/SN2025vjb/field11089-2025-12-13/J/stack/coadd.Open-J.03287650-03287686.C1.fits'],['field11089-2025-12-13'],['C1'],[17.19],[0.056],[18.752],[0.077],[18.731],[0.077],[112],[0.0],[0.0],[0.0],186998,SN,2025vjb,16.64598452,-16.91129655,0.09,3.0,SN Ia,48,ZTF,48.0,ZTF,20.005,110.0,g,"Jesper Sollerman (SU), Christoffer Fremling (Caltech), Daniel Perley (LJMU), Theophile du Laz (Caltech) on behalf of ZTF",8/25/25 10:45,"ZTF25ablfisj, ATLAS25kqv, GOTO25gqi, PS25hnk",2025TNSTR3371....1S,2025TNSCR3714....1S,8/25/25 10:45,12/31/25 15:28,,False,1088.7549915268964,1.879999999999999,0.06049999999999933,18.021,-79.42596523491297
AT2025uvl,field10496-2025-09-02,field10496,J,C2,/mnt/photometry/AT2025uvl/field10496-2025-09-02/J/stack/coadd.Open-J.02937221-02937257.C2.fits,/mnt/photometry/AT2025uvl/field10496-2025-09-02/J/stack/GRB_J_C2_Data_VHS_02937257.ecsv,2025-08-17,8.58,Circle,60.0,1,10,48.0,23.36762,-19.50141,1.0,1.0,2.0,1.95,17.42,1.613,1.28996,0.72705,,,18.845,17.944,0.1,0.199,1.085,,19.167,,,,-0.137,,,0.185,,0.098,2025-09-02,16,sci,['/mnt/photometry/AT2025uvl/field10496-2025-12-13/J/stack/coadd.Open-J.03287430-03287466.C2.fits'],['field10496-2025-12-13'],['C2'],[17.935],[0.107],[19.735],[0.16],[19.109],[0.108],[118],[2.0],[2.0],[1.0],186644,AT,2025uvl,23.36726845,-19.50160505,,,,74,ALeRCE,48.0,ZTF,20.6442,110.0,g,"A. Munoz-Arancibia, F.E. Bauer, G. Pignata, F. Forster, A. Mourao, S. Jurado, L. Hernandez-Garcia, L. Galbany, J. Silva-Farfan, R. Dastidar, J.P. Brandt, A. Alvarez, F. Andrades, G. Cabrera-Vives, R. Carrasco-Davis, P.A. Estevez, P. Huijse, H. Larranaga, C. Mansilla, K. Medina, D. Moreno, E. Munoz, I. Reyes, P. Sanchez-Saez, D. Rodriguez-Mancini, M. Catelan, S. Eyheramendy, M.J. Graham on behalf of the ALeRCE broker",8/21/25 17:50,"ZTF25abjjwiz, GOTO25gfg, PS25ljp",2025TNSTR3295....1M,,8/21/25 17:50,12/31/25 0:47,,False,650.1202569591646,1.2230000000000025,-0.12750000000000128,18.3945,-78.02442414776213
AT2025aayv,field8786-2025-11-03,field8786,J,C1,/mnt/photometry/AT2025aayv/field8786-2025-11-03/J/stack/coadd.Open-J.03159535-03159571.C1.fits,/mnt/photometry/AT2025aayv/field8786-2025-11-03/J/stack/GRB_J_C1_Data_VHS_03159571.ecsv,2025-10-19,8.58,Circle,60.0,1,10,48.0,64.40618,-26.37644,2.0,1.0,2.0,3.58,50.2,1.81,1.1764,0.23174,,,18.347,15.939,0.048,0.082,2.463,,18.792,,,,-0.39,,,0.054,,0.033,2025-11-03,15,sci,['/mnt/photometry/AT2025aayv/field8786-2026-01-11/J/stack/coadd.Open-J.03362257-03362293.C1.fits'],['field8786-2026-01-11'],['C1'],[17.25],[0.084],[18.293],[0.081],[18.286],[0.072],[84],[0.0],[0.0],[0.0],190937,AT,2025aayv,64.40675323,-26.37652642,,,,18,ATLAS,18.0,ATLAS,18.89,71.0,cyan,"J. Tonry, L. Denneau, H. Weiland, R. Siverd (IfA, University of Hawaii), N. Erasmus, W. Koorts (South African Astronomical Observatory), A. Jordan, V. Suc (UAI, Obstech), M. R. Alarcón, J. Licandro, P. Nichita (IAC), S. J. Smartt, K. W. Smith (Oxford/QUB), D. R. Young, M. Nicholl, M. Fulton, M. McCollum, T. Moore, J. Weston, X. Sheng, C. R. Angus, A. Wilson, A. Aamer, D. Magill, P. J. Broda (QUB), P. Ramsden (Birmingham/QUB), L. Shingles (GSI/QUB), S. Srivastav, J. H. Gillanders, H. Stevance, A. J. Cooper, F. Stoppa, J. Tweddle (Oxford), L. Rhodes (TSI/McGill), A. Rest (STScI), T.-W. Chen (NCU), C. Stubbs (Harvard), J. S. Sommer (LMU), B. P. Schmidt (ANU)",10/20/25 7:17,"ATLAS25myh, GOTO25iut, , ZTF25acjvlfp, PS25kvm",2025TNSTR4197....1T,,10/20/25 7:17,12/30/25 21:29,,False,921.9159471475332,2.8530000000000015,-0.625,17.143,-44.55394318856081
AT2025admd,field13211-2025-11-13,field13211,J,C4,/mnt/photometry/AT2025admd/field13211-2025-11-13/J/stack/coadd.Open-J.03186205-03186304.C4.fits,/mnt/photometry/AT2025admd/field13211-2025-11-13/J/stack/GRB_J_C4_Data_VHS_03186304.ecsv,2025-11-14,28.6,Random,20.0,1,10,48.0,345.86299,-11.03368,1.0,2.0,2.0,1.95,33.18,1.957,1.71002,1.9279,,,18.249,17.105,0.06,0.139,0.526,,17.745,,,,-0.113,,,-0.617,,0.044,2025-11-13,-1,sci,['/mnt/photometry/AT2025admd/field13211-2025-11-17/J/stack/coadd.Open-J.03200975-03201074.C4.fits'],['field13211-2025-11-17'],['C4'],[nan],[nan],[nan],[nan],[nan],[nan],[3],[nan],[nan],[nan],192679,AT,2025admd,345.863208,-11.034136,,,,135,GW-MMADS,135.0,GW-MMADS,20.5654,23.0,i,"Xander J. Hall (CMU), Tomás Cabrera (CMU), Lei Hu (CMU), Antonella Palmese (CMU), Igor Andreoni (UMD), Brendan O’Connor (CMU), Robert Stein (Caltech), Michael Coughlin (UMN), Theo Jegou Du Laz (Caltech), Keerthi Kunnumkai (CMU), on behalf of GW-MMADS",11/15/25 21:59,"A202511142303272m110203, GOTO25kem, , PS25myg",2025TNSTR4589....1H,,11/15/25 21:59,12/27/25 17:37,,True,262.4799414327638,0.6400000000000006,,17.677,-59.764603595367056
AT2025abwa,field10817-2025-10-05,field10817,J,C3,/mnt/photometry/AT2025abwa/field10817-2025-10-05/J/stack/coadd.Open-J.03054128-03054164.C3.fits,/mnt/photometry/AT2025abwa/field10817-2025-10-05/J/stack/GRB_J_C3_Data_VHS_03054164.ecsv,2025-10-24,8.58,Circle,60.0,1,10,48.0,50.15026,-18.60165,0.0,0.0,0.0,1.22,8.58,1.983,1.90748,-1.0,,,19.35,19.033,0.141,0.125,99.0,,19.434,,,,99.0,,,99.0,,0.135,2025-10-05,-19,sci,['/mnt/photometry/AT2025abwa/field10817-2026-01-10/J/stack/coadd.Open-J.03361761-03361797.C3.fits'],['field10817-2026-01-10'],['C3'],[nan],[nan],[nan],[nan],[nan],[nan],[78],[nan],[nan],[nan],191568,AT,2025abwa,50.15077011,-18.6018707,,,,18,ATLAS,18.0,ATLAS,20.222,73.0,wide,"J. Tonry, L. Denneau, H. Weiland, R. Siverd (IfA, University of Hawaii), N. Erasmus, W. Koorts (South African Astronomical Observatory), A. Jordan, V. Suc (UAI, Obstech), M. R. Alarcón, J. Licandro, P. Nichita (IAC), S. J. Smartt, K. W. Smith (Oxford/QUB), D. R. Young, M. Nicholl, M. Fulton, M. McCollum, T. Moore, J. Weston, X. Sheng, C. R. Angus, A. Wilson, A. Aamer, D. Magill, P. J. Broda (QUB), P. Ramsden (Birmingham/QUB), L. Shingles (GSI/QUB), S. Srivastav, J. H. Gillanders, H. Stevance, A. J. Cooper, F. Stoppa, J. Tweddle (Oxford), L. Rhodes (TSI/McGill), A. Rest (STScI), T.-W. Chen (NCU), C. Stubbs (Harvard), J. S. Sommer (LMU), B. P. Schmidt (ANU)",10/29/25 10:00,"ATLAS25nlf, PS25ika",2025TNSTR4342....1T,,10/29/25 10:00,11/16/25 21:05,,False,513.2600085609229,0.4009999999999998,,19.1915,-55.03600804421777
AT2025adqz,field5346-2025-11-13,field5346,J,C3,/mnt/photometry/AT2025adqz/field5346-2025-11-13/J/stack/coadd.Open-J.03187745-03187844.C3.fits,/mnt/photometry/AT2025adqz/field5346-2025-11-13/J/stack/GRB_J_C3_Data_VHS_03187844.ecsv,2025-11-14,28.6,Random,20.0,1,10,48.0,7.73148,-41.67168,3.0,3.0,0.0,1.1,11.77,1.298,0.24635,-1.0,,,19.628,19.482,0.107,0.09,99.0,,19.633,,,,99.0,,,99.0,,0.144,2025-11-13,-1,sci,['/mnt/photometry/AT2025adqz/field5346-2025-11-17/J/stack/coadd.Open-J.03202614-03202713.C3.fits'],['field5346-2025-11-17'],['C3'],[nan],[nan],[nan],[nan],[nan],[nan],[3],[nan],[nan],[nan],192805,AT,2025adqz,7.731546238,-41.67173373,,,,135,GW-MMADS,135.0,GW-MMADS,22.8744,21.0,g,"Xander J. Hall (CMU), Tomás Cabrera (CMU), Lei Hu (CMU), Antonella Palmese (CMU), Igor Andreoni (UMD), Brendan O’Connor (CMU), Robert Stein (Caltech), Michael Coughlin (UMN), Theo Jegou Du Laz (Caltech), Keerthi Kunnumkai (CMU), on behalf of GW-MMADS",11/15/25 21:59,T202511140030556m414018,2025TNSTR4589....1H,,11/15/25 22:01,11/15/25 22:01,,False,529.124051095825,0.1509999999999998,,19.555,-74.65149344701253
AT2025adqr,field7362-2025-11-13,field7362,J,C3,/mnt/photometry/AT2025adqr/field7362-2025-11-13/J/stack/coadd.Open-J.03186315-03186414.C3.fits,/mnt/photometry/AT2025adqr/field7362-2025-11-13/J/stack/GRB_J_C3_Data_VIKING_03186414.ecsv,2025-11-14,28.6,Random,20.0,1,10,48.0,2.9151,-32.63156,2.0,1.0,2.0,1.38,57.83,1.4,0.9626,0.11457,,,17.466,17.019,0.025,0.018,0.511,,17.247,,,,0.282,,,0.063,,0.027,2025-11-13,-1,sci,['/mnt/photometry/AT2025adqr/field7362-2025-11-17/J/stack/coadd.Open-J.03201085-03201184.C3.fits'],['field7362-2025-11-17'],['C3'],[nan],[nan],[nan],[nan],[nan],[nan],[3],[nan],[nan],[nan],192797,AT,2025adqr,2.914781272,-32.63158725,,,,135,GW-MMADS,135.0,GW-MMADS,21.7638,23.0,i,"Xander J. Hall (CMU), Tomás Cabrera (CMU), Lei Hu (CMU), Antonella Palmese (CMU), Igor Andreoni (UMD), Brendan O’Connor (CMU), Robert Stein (Caltech), Michael Coughlin (UMN), Theo Jegou Du Laz (Caltech), Keerthi Kunnumkai (CMU), on behalf of GW-MMADS",11/15/25 21:59,T202511140011395m323754,2025TNSTR4589....1H,,11/15/25 22:01,11/15/25 22:01,,False,405.53734549860815,0.22800000000000153,,17.2425,-79.46384206103022
AT2025adqc,field6072-2025-11-17,field6072,J,C4,/mnt/photometry/AT2025adqc/field6072-2025-11-17/J/stack/coadd.Open-J.03201921-03202020.C4.fits,/mnt/photometry/AT2025adqc/field6072-2025-11-17/J/stack/GRB_J_C4_Data_2MASS_03202020.ecsv,2025-11-15,28.6,Random,20.0,1,10,48.0,3.73055,-38.45706,1.0,1.0,2.0,1.84,35.97,1.417,3.56669,0.42204,,,17.661,16.992,0.043,0.031,0.42,,17.432,,,,-0.019,,,-0.248,,0.045,2025-11-17,2,sci,"['/mnt/photometry/AT2025adqc/field6072-2025-11-13/J/stack/coadd.Open-J.03190147-03190246.C4.fits', '/mnt/photometry/AT2025adqc/field6072-2024-09-03/J/stack/coadd.Open-J.01637330-01637366.C4.fits']","['field6072-2025-11-13', 'field6072-2024-09-03']","['C4', 'C4']","[17.005, 16.937]","[0.032, 0.074]","[17.431, 17.138]","[0.025, 0.049]","[17.603, nan]","[0.032, nan]","[-2, -438]","[2.0, nan]","[1.0, nan]","[1.0, nan]",192782,AT,2025adqc,3.730087195,-38.45798291,,,,135,GW-MMADS,135.0,GW-MMADS,21.9905,23.0,i,"Xander J. Hall (CMU), Tomás Cabrera (CMU), Lei Hu (CMU), Antonella Palmese (CMU), Igor Andreoni (UMD), Brendan O’Connor (CMU), Robert Stein (Caltech), Michael Coughlin (UMN), Theo Jegou Du Laz (Caltech), Keerthi Kunnumkai (CMU), on behalf of GW-MMADS",11/15/25 21:59,C202511140014552m382729,2025TNSTR4589....1H,,11/15/25 22:01,11/15/25 22:01,,False,498.21834003685694,0.4399999999999977,0.03950000000000031,17.326500000000003,-76.06298837859049
AT2025adpu,field7097-2025-11-13,field7097,J,C3,/mnt/photometry/AT2025adpu/field7097-2025-11-13/J/stack/coadd.Open-J.03187305-03187404.C3.fits,/mnt/photometry/AT2025adpu/field7097-2025-11-13/J/stack/GRB_J_C3_Data_VIKING_03187404.ecsv,2025-11-14,28.6,Random,20.0,1,10,48.0,2.54731,-33.43659,2.0,1.0,2.0,1.24,9.3,2.768,3.35686,0.5689,,,19.928,19.676,0.151,0.124,0.604,,19.761,,,,0.52,,,0.353,,0.161,2025-11-13,-1,sci,['/mnt/photometry/AT2025adpu/field7097-2025-11-17/J/stack/coadd.Open-J.03202031-03202130.C3.fits'],['field7097-2025-11-17'],['C3'],[nan],[nan],[nan],[nan],[nan],[nan],[3],[nan],[nan],[nan],192774,AT,2025adpu,2.548331424,-33.43696568,,,,135,GW-MMADS,135.0,GW-MMADS,21.6968,23.0,i,"Xander J. Hall (CMU), Tomás Cabrera (CMU), Lei Hu (CMU), Antonella Palmese (CMU), Igor Andreoni (UMD), Brendan O’Connor (CMU), Robert Stein (Caltech), Michael Coughlin (UMN), Theo Jegou Du Laz (Caltech), Keerthi Kunnumkai (CMU), on behalf of GW-MMADS",11/15/25 21:59,T202511140010116m332613,2025TNSTR4589....1H,,11/15/25 22:00,11/15/25 22:00,,False,635.2254255669086,0.08500000000000085,,19.802,-78.7855204984165
AT2025adpt,field7095-2025-11-13,field7095,J,C2,/mnt/photometry/AT2025adpt/field7095-2025-11-13/J/stack/coadd.Open-J.03185765-03185864.C2.fits,/mnt/photometry/AT2025adpt/field7095-2025-11-13/J/stack/GRB_J_C2_Data_VIKING_03185864.ecsv,2025-11-14,28.6,Random,20.0,1,10,48.0,0.96106,-33.20463,2.0,1.0,2.0,1.35,19.2,1.206,3.05151,0.27013,,,18.851,18.358,0.076,0.062,0.497,,18.657,,,,0.197,,,0.004,,0.09,2025-11-13,-1,sci,['/mnt/photometry/AT2025adpt/field7095-2025-11-17/J/stack/coadd.Open-J.03200535-03200634.C2.fits'],['field7095-2025-11-17'],['C2'],[18.369],[0.113],[18.126],[0.191],[18.767],[0.114],[3],[2.0],[2.0],[1.0],192773,AT,2025adpt,0.961726099,-33.20527461,,,,135,GW-MMADS,135.0,GW-MMADS,21.3774,21.0,g,"Xander J. Hall (CMU), Tomás Cabrera (CMU), Lei Hu (CMU), Antonella Palmese (CMU), Igor Andreoni (UMD), Brendan O’Connor (CMU), Robert Stein (Caltech), Michael Coughlin (UMN), Theo Jegou Du Laz (Caltech), Keerthi Kunnumkai (CMU), on behalf of GW-MMADS",11/15/25 21:59,T202511140003508m331219,2025TNSTR4589....1H,,11/15/25 22:00,11/15/25 22:00,,False,647.3466158659608,0.2989999999999995,0.0365000000000002,18.6045,-77.74933985712757
AT2025adpp,field4439-2025-11-13,field4439,J,C1,/mnt/photometry/AT2025adpp/field4439-2025-11-13/J/stack/coadd.Open-J.03186095-03186194.C1.fits,/mnt/photometry/AT2025adpp/field4439-2025-11-13/J/stack/GRB_J_C1_Data_VHS_03186194.ecsv,2025-11-14,28.6,Random,20.0,1,10,48.0,14.49628,-45.55402,2.0,2.0,2.0,2.74,127.85,3.275,2.00935,0.19208,,,16.886,15.328,0.018,0.037,1.848,,16.757,,,,0.42,,,0.291,,0.009,2025-11-13,-1,sci,['/mnt/photometry/AT2025adpp/field4439-2025-11-17/J/stack/coadd.Open-J.03200865-03200964.C1.fits'],['field4439-2025-11-17'],['C1'],[15.397],[0.046],[16.586],[0.051],[16.722],[0.065],[3],[2.0],[2.0],[2.0],192769,AT,2025adpp,14.49684245,-45.5544136,,,,135,GW-MMADS,135.0,GW-MMADS,21.5383,21.0,g,"Xander J. Hall (CMU), Tomás Cabrera (CMU), Lei Hu (CMU), Antonella Palmese (CMU), Igor Andreoni (UMD), Brendan O’Connor (CMU), Robert Stein (Caltech), Michael Coughlin (UMN), Theo Jegou Du Laz (Caltech), Keerthi Kunnumkai (CMU), on behalf of GW-MMADS",11/15/25 21:59,T202511140057592m453316,2025TNSTR4589....1H,,11/15/25 22:00,11/15/25 22:00,,False,2042.0963000123538,1.429000000000002,0.04749999999999854,16.107,-71.40464875877298
AT2025adoj,field5349-2025-11-13,field5349,J,C3,/mnt/photometry/AT2025adoj/field5349-2025-11-13/J/stack/coadd.Open-J.03189487-03189586.C3.fits,/mnt/photometry/AT2025adoj/field5349-2025-11-13/J/stack/GRB_J_C3_Data_VHS_03189586.ecsv,2025-11-14,28.6,Random,20.0,1,10,48.0,11.56804,-41.79473,0.0,0.0,0.0,0.99,10.21,1.073,2.09931,-1.0,,,19.063,19.119,0.137,0.214,99.0,,19.276,,,,99.0,,,99.0,,0.131,2025-11-13,-1,sci,['/mnt/photometry/AT2025adoj/field5349-2025-11-17/J/stack/coadd.Open-J.03204165-03204264.C3.fits'],['field5349-2025-11-17'],['C3'],[19.424],[0.21],[19.337],[0.146],[19.314],[0.16],[3],[1.0],[1.0],[1.0],192737,AT,2025adoj,11.56862673,-41.79434556,,,,135,GW-MMADS,135.0,GW-MMADS,21.6613,23.0,i,"Xander J. Hall (CMU), Tomás Cabrera (CMU), Lei Hu (CMU), Antonella Palmese (CMU), Igor Andreoni (UMD), Brendan O’Connor (CMU), Robert Stein (Caltech), Michael Coughlin (UMN), Theo Jegou Du Laz (Caltech), Keerthi Kunnumkai (CMU), on behalf of GW-MMADS",11/15/25 21:59,C202511140046165m414740,2025TNSTR4589....1H,,11/15/25 22:00,11/15/25 22:00,,True,192.15418526641952,0.15700000000000003,-0.27800000000000047,19.091,-75.1352231013222
AT2025adnp,field4440-2025-11-17,field4440,J,C3,/mnt/photometry/AT2025adnp/field4440-2025-11-17/J/stack/coadd.Open-J.03202141-03202383.C3.fits,/mnt/photometry/AT2025adnp/field4440-2025-11-17/J/stack/GRB_J_C3_Data_VHS_03202383.ecsv,2025-11-14,28.6,Random,20.0,1,10,48.0,15.97434,-46.4184,1.0,1.0,2.0,2.31,14.45,1.297,3.374,0.97655,,,19.246,18.364,0.109,0.084,0.705,,18.925,,,,0.144,,,-0.177,,0.09,2025-11-17,3,sci,['/mnt/photometry/AT2025adnp/field4440-2025-11-13/J/stack/coadd.Open-J.03187195-03187294.C3.fits'],['field4440-2025-11-13'],['C3'],[18.487],[0.095],[19.006],[0.073],[19.465],[0.097],[-1],[2.0],[1.0],[2.0],192717,AT,2025adnp,15.97305871,-46.41871986,,,,135,GW-MMADS,135.0,GW-MMADS,22.8248,21.0,g,"Xander J. Hall (CMU), Tomás Cabrera (CMU), Lei Hu (CMU), Antonella Palmese (CMU), Igor Andreoni (UMD), Brendan O’Connor (CMU), Robert Stein (Caltech), Michael Coughlin (UMN), Theo Jegou Du Laz (Caltech), Keerthi Kunnumkai (CMU), on behalf of GW-MMADS",11/15/25 21:59,T202511140103535m462507,2025TNSTR4589....1H,,11/15/25 22:00,11/15/25 22:00,,False,541.5258237346259,0.5609999999999999,-0.17099999999999937,18.805,-70.4450355572595
AT2025admu,field7097-2025-11-17,field7097,J,C3,/mnt/photometry/AT2025admu/field7097-2025-11-17/J/stack/coadd.Open-J.03202031-03202130.C3.fits,/mnt/photometry/AT2025admu/field7097-2025-11-17/J/stack/GRB_J_C3_Data_VIKING_03202130.ecsv,2025-11-14,28.6,Random,20.0,1,10,48.0,2.95378,-33.92152,0.0,0.0,0.0,0.68,5.3,2.937,0.95605,-1.0,,,19.177,19.781,0.23,0.201,99.0,,19.115,,,,99.0,,,99.0,,0.265,2025-11-17,3,sci,['/mnt/photometry/AT2025admu/field7097-2025-11-13/J/stack/coadd.Open-J.03187305-03187404.C3.fits'],['field7097-2025-11-13'],['C3'],[18.635],[0.145],[18.897],[0.111],[19.145],[0.121],[-1],[1.0],[1.0],[1.0],192696,AT,2025admu,2.953946205,-33.92129447,,,,135,GW-MMADS,135.0,GW-MMADS,22.7355,21.0,g,"Xander J. Hall (CMU), Tomás Cabrera (CMU), Lei Hu (CMU), Antonella Palmese (CMU), Igor Andreoni (UMD), Brendan O’Connor (CMU), Robert Stein (Caltech), Michael Coughlin (UMN), Theo Jegou Du Laz (Caltech), Keerthi Kunnumkai (CMU), on behalf of GW-MMADS",11/15/25 21:59,A202511140011489m335517,2025TNSTR4589....1H,,11/15/25 21:59,11/15/25 21:59,,True,264.6316733324775,0.6660000000000004,0.5889999999999986,19.479,-78.79596991577704
AT2025admo,field4659-2025-11-13,field4659,J,C4,/mnt/photometry/AT2025admo/field4659-2025-11-13/J/stack/coadd.Open-J.03186865-03186964.C4.fits,/mnt/photometry/AT2025admo/field4659-2025-11-13/J/stack/GRB_J_C4_Data_VHS_03186964.ecsv,2025-11-14,28.6,Random,20.0,1,10,48.0,13.87475,-44.80094,1.0,1.0,2.0,2.41,18.13,2.486,2.24167,0.75832,,,18.921,17.642,0.1,0.152,1.321,,18.75,,,,0.212,,,0.042,,0.09,2025-11-13,-1,sci,['/mnt/photometry/AT2025admo/field4659-2025-11-17/J/stack/coadd.Open-J.03201635-03201734.C4.fits'],['field4659-2025-11-17'],['C4'],[18.368],[0.14],[18.839],[0.166],[18.784],[0.123],[3],[2.0],[1.0],[1.0],192690,AT,2025admo,13.87394915,-44.80119991,,,,135,GW-MMADS,135.0,GW-MMADS,22.2291,23.0,i,"Xander J. Hall (CMU), Tomás Cabrera (CMU), Lei Hu (CMU), Antonella Palmese (CMU), Igor Andreoni (UMD), Brendan O’Connor (CMU), Robert Stein (Caltech), Michael Coughlin (UMN), Theo Jegou Du Laz (Caltech), Keerthi Kunnumkai (CMU), on behalf of GW-MMADS",11/15/25 21:59,C202511140055297m444804,2025TNSTR4589....1H,,11/15/25 21:59,11/15/25 21:59,,True,301.24652185554805,1.1080000000000005,-0.2944999999999993,18.2815,-72.17874541758343
AT2025admg,field4223-2025-11-13,field4223,J,C2,/mnt/photometry/AT2025admg/field4223-2025-11-13/J/stack/coadd.Open-J.03185875-03185974.C2.fits,/mnt/photometry/AT2025admg/field4223-2025-11-13/J/stack/GRB_J_C2_Data_VHS_03185974.ecsv,2025-11-14,28.6,Random,20.0,1,10,48.0,17.6638,-46.92214,1.0,1.0,2.0,1.58,22.73,1.367,0.24058,0.24359,,,18.551,17.952,0.064,0.117,0.575,,18.554,,,,-0.028,,,-0.024,,0.084,2025-11-13,-1,sci,['/mnt/photometry/AT2025admg/field4223-2025-11-17/J/stack/coadd.Open-J.03200645-03200744.C2.fits'],['field4223-2025-11-17'],['C2'],[17.97],[0.116],[18.407],[0.215],[18.333],[0.097],[3],[2.0],[1.0],[1.0],192682,AT,2025admg,17.66380353,-46.92206894,,,,135,GW-MMADS,135.0,GW-MMADS,22.9857,21.0,g,"Xander J. Hall (CMU), Tomás Cabrera (CMU), Lei Hu (CMU), Antonella Palmese (CMU), Igor Andreoni (UMD), Brendan O’Connor (CMU), Robert Stein (Caltech), Michael Coughlin (UMN), Theo Jegou Du Laz (Caltech), Keerthi Kunnumkai (CMU), on behalf of GW-MMADS",11/15/25 21:59,C202511140110393m465519,2025TNSTR4589....1H,,11/15/25 21:59,11/15/25 21:59,,False,662.2695270104791,0.6019999999999968,0.10000000000000142,18.2515,-69.75609434473559
AT2025admf,field4886-2025-11-13,field4886,J,C1,/mnt/photometry/AT2025admf/field4886-2025-11-13/J/stack/coadd.Open-J.03187965-03188064.C1.fits,/mnt/photometry/AT2025admf/field4886-2025-11-13/J/stack/GRB_J_C1_Data_VHS_03188064.ecsv,2025-11-14,28.6,Random,20.0,1,10,48.0,13.88327,-43.0115,1.0,1.0,2.0,1.22,56.63,1.545,0.26535,0.18724,,,17.798,17.299,0.024,0.026,0.535,,17.754,,,,0.079,,,0.035,,0.025,2025-11-13,-1,sci,['/mnt/photometry/AT2025admf/field4886-2025-11-17/J/stack/coadd.Open-J.03202834-03202933.C1.fits'],['field4886-2025-11-17'],['C1'],[17.369],[0.041],[17.81],[0.032],[17.879],[0.034],[3],[2.0],[1.0],[1.0],192681,AT,2025admf,13.8833151,-43.01143467,,,,135,GW-MMADS,135.0,GW-MMADS,21.1209,23.0,i,"Xander J. Hall (CMU), Tomás Cabrera (CMU), Lei Hu (CMU), Antonella Palmese (CMU), Igor Andreoni (UMD), Brendan O’Connor (CMU), Robert Stein (Caltech), Michael Coughlin (UMN), Theo Jegou Du Laz (Caltech), Keerthi Kunnumkai (CMU), on behalf of GW-MMADS",11/15/25 21:59,C202511140055320m430041,2025TNSTR4589....1H,,11/15/25 21:59,11/15/25 21:59,,True,248.86411120763205,0.45500000000000185,-0.07550000000000168,17.548499999999997,-73.9669000372098
AT2025adlf,field9591-2025-11-17,field9591,J,C3,/mnt/photometry/AT2025adlf/field9591-2025-11-17/J/stack/coadd.Open-J.03201525-03201624.C3.fits,/mnt/photometry/AT2025adlf/field9591-2025-11-17/J/stack/GRB_J_C3_Data_VHS_03201624.ecsv,2025-11-14,28.6,Random,20.0,1,10,48.0,355.03793,-24.40467,2.0,2.0,2.0,1.14,22.33,1.034,0.35665,0.13069,,,18.109,17.932,0.057,0.046,0.405,,18.082,,,,0.254,,,0.227,,0.078,2025-11-17,3,sci,['/mnt/photometry/AT2025adlf/field9591-2025-11-13/J/stack/coadd.Open-J.03186755-03186854.C3.fits'],['field9591-2025-11-13'],['C3'],[18.051],[0.045],[18.093],[0.032],[18.047],[0.038],[-1],[3.0],[3.0],[3.0],192655,AT,2025adlf,355.0380301,-24.40464297,,,,135,GW-MMADS,135.0,GW-MMADS,20.6143,21.0,g,"Xander J. Hall (CMU), Tomás Cabrera (CMU), Lei Hu (CMU), Antonella Palmese (CMU), Igor Andreoni (UMD), Brendan O’Connor (CMU), Robert Stein (Caltech), Michael Coughlin (UMN), Theo Jegou Du Laz (Caltech), Keerthi Kunnumkai (CMU), on behalf of GW-MMADS",11/15/25 0:42,T202511142340091m242417,2025TNSTR4589....1H,,11/15/25 0:43,11/15/25 0:43,,False,1206.1452888804047,0.15000000000000213,-0.028499999999999304,18.0205,-73.46502887016808
AT2025adkp,field5349-2025-11-17,field5349,J,C1,/mnt/photometry/AT2025adkp/field5349-2025-11-17/J/stack/coadd.Open-J.03204165-03204264.C1.fits,/mnt/photometry/AT2025adkp/field5349-2025-11-17/J/stack/GRB_J_C1_Data_VHS_03204264.ecsv,2025-11-14,28.6,Random,20.0,1,10,48.0,11.88779,-40.84169,2.0,2.0,2.0,1.6,54.35,1.764,1.99147,0.23333,,,17.393,16.816,0.028,0.026,0.677,,17.277,,,,0.216,,,0.1,,0.024,2025-11-17,3,sci,['/mnt/photometry/AT2025adkp/field5349-2025-11-13/J/stack/coadd.Open-J.03189487-03189586.C1.fits'],['field5349-2025-11-13'],['C1'],[16.873],[0.023],[17.284],[0.024],[17.409],[0.028],[-1],[2.0],[2.0],[1.0],192639,AT,2025adkp,11.88793612,-40.84114843,,,,135,GW-MMADS,135.0,GW-MMADS,20.9182,21.0,g,"Xander J. Hall (CMU), Tomás Cabrera (CMU), Lei Hu (CMU), Antonella Palmese (CMU), Igor Andreoni (UMD), Brendan O’Connor (CMU), Robert Stein (Caltech), Michael Coughlin (UMN), Theo Jegou Du Laz (Caltech), Keerthi Kunnumkai (CMU), on behalf of GW-MMADS",11/15/25 0:42,T202511140047331m405028,2025TNSTR4589....1H,,11/15/25 0:42,11/15/25 0:42,,False,1028.7352623346278,0.4610000000000021,-0.0365000000000002,17.1045,-76.10647985446751
AT2025adkn,field5346-2025-11-13,field5346,J,C4,/mnt/photometry/AT2025adkn/field5346-2025-11-13/J/stack/coadd.Open-J.03187745-03187844.C4.fits,/mnt/photometry/AT2025adkn/field5346-2025-11-13/J/stack/GRB_J_C4_Data_VHS_03187844.ecsv,2025-11-14,28.6,Random,20.0,1,10,48.0,8.62306,-41.6587,3.0,3.0,3.0,0.47,-0.92,2.428,0.81586,-1.0,,,21.062,20.89,0.412,1.016,99.0,,21.63,,,,99.0,,,99.0,,0.227,2025-11-13,-1,sci,['/mnt/photometry/AT2025adkn/field5346-2025-11-17/J/stack/coadd.Open-J.03202614-03202713.C4.fits'],['field5346-2025-11-17'],['C4'],[nan],[nan],[nan],[nan],[nan],[nan],[3],[nan],[nan],[nan],192637,AT,2025adkn,8.623333685,-41.65860308,,,,135,GW-MMADS,135.0,GW-MMADS,21.3874,21.0,g,"Xander J. Hall (CMU), Tomás Cabrera (CMU), Lei Hu (CMU), Antonella Palmese (CMU), Igor Andreoni (UMD), Brendan O’Connor (CMU), Robert Stein (Caltech), Michael Coughlin (UMN), Theo Jegou Du Laz (Caltech), Keerthi Kunnumkai (CMU), on behalf of GW-MMADS",11/15/25 0:42,T202511140034296m413931,2025TNSTR4589....1H,,11/15/25 0:42,11/15/25 0:42,,True,255.9721014401473,0.7399999999999984,,20.976,-74.8609273369047
AT2025adkl,field5346-2025-11-13,field5346,J,C1,/mnt/photometry/AT2025adkl/field5346-2025-11-13/J/stack/coadd.Open-J.03187745-03187844.C1.fits,/mnt/photometry/AT2025adkl/field5346-2025-11-13/J/stack/GRB_J_C1_Data_VHS_03187844.ecsv,2025-11-14,28.6,Random,20.0,1,10,48.0,7.53502,-41.07845,2.0,1.0,2.0,1.06,11.53,1.283,2.22862,0.21081,,,19.978,19.598,0.111,0.091,0.535,,19.626,,,,0.507,,,0.155,,0.146,2025-11-13,-1,sci,['/mnt/photometry/AT2025adkl/field5346-2025-11-17/J/stack/coadd.Open-J.03202614-03202713.C1.fits'],['field5346-2025-11-17'],['C1'],[nan],[nan],[nan],[nan],[nan],[nan],[3],[nan],[nan],[nan],192635,AT,2025adkl,7.535766098,-41.07870932,,,,135,GW-MMADS,135.0,GW-MMADS,20.9069,21.0,g,"Xander J. Hall (CMU), Tomás Cabrera (CMU), Lei Hu (CMU), Antonella Palmese (CMU), Igor Andreoni (UMD), Brendan O’Connor (CMU), Robert Stein (Caltech), Michael Coughlin (UMN), Theo Jegou Du Laz (Caltech), Keerthi Kunnumkai (CMU), on behalf of GW-MMADS",11/15/25 0:42,T202511140030086m410443,2025TNSTR4589....1H,,11/15/25 0:42,11/15/25 0:42,,False,1667.85260261776,0.028000000000002245,,19.788,-75.16245393313186
AT2025adki,field5825-2025-11-17,field5825,J,C4,/mnt/photometry/AT2025adki/field5825-2025-11-17/J/stack/coadd.Open-J.03203274-03203373.C4.fits,/mnt/photometry/AT2025adki/field5825-2025-11-17/J/stack/GRB_J_C4_Data_2MASS_03203373.ecsv,2025-11-14,28.6,Random,20.0,1,10,48.0,3.41236,-39.55733,3.0,3.0,3.0,1.9,20.31,1.236,3.6773,-1.0,,,18.267,17.368,0.083,0.06,99.0,,18.076,,,,99.0,,,99.0,,0.079,2025-11-17,3,sci,['/mnt/photometry/AT2025adki/field5825-2025-11-13/J/stack/coadd.Open-J.03188497-03188596.C4.fits'],['field5825-2025-11-13'],['C4'],[17.382],[0.034],[18.14],[0.037],[18.268],[0.037],[-1],[3.0],[3.0],[3.0],192632,AT,2025adki,3.411402564,-39.55803996,,,,135,GW-MMADS,135.0,GW-MMADS,21.6627,21.0,g,"Xander J. Hall (CMU), Tomás Cabrera (CMU), Lei Hu (CMU), Antonella Palmese (CMU), Igor Andreoni (UMD), Brendan O’Connor (CMU), Robert Stein (Caltech), Michael Coughlin (UMN), Theo Jegou Du Laz (Caltech), Keerthi Kunnumkai (CMU), on behalf of GW-MMADS",11/15/25 0:42,T202511140013387m393329,2025TNSTR4589....1H,,11/15/25 0:42,11/15/25 0:42,,False,771.7272517547292,0.708000000000002,-0.007500000000002061,17.8175,-75.03229165549557
AT2025adkg,field5115-2025-11-17,field5115,J,C1,/mnt/photometry/AT2025adkg/field5115-2025-11-17/J/stack/coadd.Open-J.03203054-03203153.C1.fits,/mnt/photometry/AT2025adkg/field5115-2025-11-17/J/stack/GRB_J_C1_Data_VHS_03203153.ecsv,2025-11-14,28.6,Random,20.0,1,10,48.0,12.52014,-42.12392,2.0,2.0,2.0,1.42,41.84,1.268,0.29606,0.32908,,,17.406,16.876,0.034,0.029,0.74,,17.35,,,,0.265,,,0.21,,0.039,2025-11-17,3,sci,['/mnt/photometry/AT2025adkg/field5115-2025-11-13/J/stack/coadd.Open-J.03188185-03188284.C1.fits'],['field5115-2025-11-13'],['C1'],[16.896],[0.021],[17.357],[0.022],[17.323],[0.02],[-1],[2.0],[1.0],[1.0],192630,AT,2025adkg,12.52002714,-42.12390644,,,,135,GW-MMADS,135.0,GW-MMADS,21.0701,21.0,g,"Xander J. Hall (CMU), Tomás Cabrera (CMU), Lei Hu (CMU), Antonella Palmese (CMU), Igor Andreoni (UMD), Brendan O’Connor (CMU), Robert Stein (Caltech), Michael Coughlin (UMN), Theo Jegou Du Laz (Caltech), Keerthi Kunnumkai (CMU), on behalf of GW-MMADS",11/15/25 0:42,C202511140050048m420726,2025TNSTR4589....1H,,11/15/25 0:42,11/15/25 0:42,,False,506.3172295862744,0.4740000000000002,0.03149999999999942,17.141,-74.85516935584381
AT2025adju,field3217-2025-11-13,field3217,J,C2,/mnt/photometry/AT2025adju/field3217-2025-11-13/J/stack/coadd.Open-J.03189157-03189256.C2.fits,/mnt/photometry/AT2025adju/field3217-2025-11-13/J/stack/GRB_J_C2_Data_VHS_03189256.ecsv,2025-11-14,28.6,Random,20.0,1,10,48.0,32.70662,-52.28347,0.0,0.0,0.0,1.11,27.58,1.279,0.19695,-1.0,,,18.453,18.285,0.047,0.118,99.0,,18.658,,,,99.0,,,99.0,,0.06,2025-11-13,-1,sci,['/mnt/photometry/AT2025adju/field3217-2025-11-17/J/stack/coadd.Open-J.03203835-03203934.C2.fits'],['field3217-2025-11-17'],['C2'],[18.352],[0.08],[19.028],[0.125],[18.6],[0.059],[3],[0.0],[0.0],[0.0],192618,AT,2025adju,32.70662275,-52.28341256,,,,135,GW-MMADS,135.0,GW-MMADS,21.1807,21.0,g,"Xander J. Hall (CMU), Tomás Cabrera (CMU), Lei Hu (CMU), Antonella Palmese (CMU), Igor Andreoni (UMD), Brendan O’Connor (CMU), Robert Stein (Caltech), Michael Coughlin (UMN), Theo Jegou Du Laz (Caltech), Keerthi Kunnumkai (CMU), on behalf of GW-MMADS",11/15/25 0:42,A202511140210496m521700,2025TNSTR4589....1H,,11/15/25 0:42,11/15/25 0:42,,False,1316.7108369154362,0.3730000000000011,-0.1070000000000011,18.369,-60.782946662343
SN2025adcv,field3036-2025-11-13,field3036,J,C4,/mnt/photometry/SN2025adcv/field3036-2025-11-13/J/stack/coadd.Open-J.03185325-03185424.C4.fits,/mnt/photometry/SN2025adcv/field3036-2025-11-13/J/stack/GRB_J_C4_Data_VHS_03185424.ecsv,2025-11-12,28.6,Random,20.0,1,10,48.0,46.49575,-54.15256,2.0,2.0,2.0,3.47,65.44,1.223,3.8213,0.18022,,,17.24,15.628,0.034,0.033,1.906,,16.949,,,,0.584,,,0.294,,0.023,2025-11-13,1,sci,['/mnt/photometry/SN2025adcv/field3036-2025-11-17/J/stack/coadd.Open-J.03200095-03200194.C4.fits'],['field3036-2025-11-17'],['C4'],[15.675],[0.02],[17.078],[0.034],[17.293],[0.03],[5],[2.0],[2.0],[2.0],192436,SN,2025adcv,46.494429,-54.151839,0.089,3.0,SN Ia,59,GOTO,59.0,GOTO,19.44,120.0,L,"T. Killestein, K. Ackley, M. Dyer, J. Lyman, K. Ulaczyk, D. Steeghs, D. Galloway, V. Dhillon, P. O'Brien, G. Ramsay, K. Noysena, R. Kotak, R. Breton, J. Casares, L. Nuttall, B. Godson, A. Kumar, D. O'Neill, M. Pursiainen, on behalf of GOTO collaboration",11/12/25 16:54,"GOTO25jya, BGEM J030558.66-540906.6, ATLAS25ofe",2025TNSTR4541....1K,2025TNSCR4585....1H,11/12/25 16:54,11/14/25 20:24,,False,822.6314332124084,1.3210000000000015,-0.05000000000000071,16.433999999999997,-53.51045672897718
AT2025abgu,field2684-2025-10-21,field2684,J,C1,/mnt/photometry/AT2025abgu/field2684-2025-10-21/J/stack/coadd.Open-J.03114726-03114762.C1.fits,/mnt/photometry/AT2025abgu/field2684-2025-10-21/J/stack/GRB_J_C1_Data_VHS_03114762.ecsv,2025-10-20,8.58,Circle,60.0,1,10,48.0,66.12893,-55.6491,3.0,3.0,0.0,1.68,7.21,1.351,0.71705,-1.0,,,19.927,19.056,0.163,0.159,99.0,,20.055,,,,99.0,,,99.0,,0.156,2025-10-21,1,sci,['/mnt/photometry/AT2025abgu/field2684-2025-01-12/J/stack/coadd.Open-J.02057841-02057857.C1.fits'],['field2684-2025-01-12'],['C1'],[nan],[nan],[nan],[nan],[nan],[nan],[-281],[nan],[nan],[nan],191144,AT,2025abgu,66.128621,-55.649192,,,,60,BlackGEM,60.0,BlackGEM,19.59,118.0,BG-q,"H. Tranin, F. Stoppa, D. Pieterse, G. Ramsay, S. Faris, P. Groot, P. Vreeswijk, N. Blagorodnova, J. van Roestel, H. Wichern, S. Scaringi",10/23/25 9:37,"BGEM J042430.87-553857.1, ATLAS25neg, GOTO25jhi",2025TNSTR4252....1T,,10/23/25 9:37,10/23/25 9:37,,False,784.8631473985256,0.9989999999999988,,19.491500000000002,-42.658258844219404
AT2025aamv,field5870-2025-09-30,field5870,J,C2,/mnt/photometry/AT2025aamv/field5870-2025-09-30/J/stack/coadd.Open-J.03035909-03035945.C2.fits,/mnt/photometry/AT2025aamv/field5870-2025-09-30/J/stack/GRB_J_C2_Data_VHS_03035945.ecsv,2025-10-13,8.58,Circle,60.0,1,10,48.0,69.40138,-38.61909,0.0,0.0,0.0,2.09,52.71,1.124,0.46934,-1.0,,,17.336,16.26,0.027,0.07,99.0,,17.871,,,,99.0,,,99.0,,0.038,2025-09-30,-13,sci,['/mnt/photometry/AT2025aamv/field5870-2026-01-11/J/stack/coadd.Open-J.03362457-03362493.C2.fits'],['field5870-2026-01-11'],['C2'],[16.371],[0.052],[17.723],[0.08],[17.412],[0.04],[90],[0.0],[0.0],[0.0],190568,AT,2025aamv,69.401535,-38.61904,,,,18,ATLAS,18.0,ATLAS,18.961,72.0,orange,"J. Tonry, L. Denneau, H. Weiland, R. Siverd (IfA, University of Hawaii), N. Erasmus, W. Koorts (South African Astronomical Observatory), A. Jordan, V. Suc (UAI, Obstech), M. R. Alarcón, J. Licandro, P. Nichita (IAC), S. J. Smartt, K. W. Smith (Oxford/QUB), D. R. Young, M. Nicholl, M. Fulton, M. McCollum, T. Moore, J. Weston, X. Sheng, C. R. Angus, A. Wilson, A. Aamer, D. Magill, P. J. Broda (QUB), P. Ramsden (Birmingham/QUB), L. Shingles (GSI/QUB), S. Srivastav, J. H. Gillanders, H. Stevance, A. J. Cooper, F. Stoppa, J. Tweddle (Oxford), L. Rhodes (TSI/McGill), A. Rest (STScI), T.-W. Chen (NCU), C. Stubbs (Harvard), J. S. Sommer (LMU), B. P. Schmidt (ANU)",10/14/25 23:51,"ATLAS25mqb, GOTO25ioq",2025TNSTR4112....1T,,10/14/25 23:51,10/14/25 23:51,,False,1338.679024842134,1.610999999999997,-0.0934999999999988,16.798000000000002,-42.091165490022284
AT2025aamh,field2505-2025-10-28,field2505,J,C2,/mnt/photometry/AT2025aamh/field2505-2025-10-28/J/stack/coadd.Open-J.03140931-03140967.C2.fits,/mnt/photometry/AT2025aamh/field2505-2025-10-28/J/stack/GRB_J_C2_Data_VHS_03140967.ecsv,2025-10-09,8.58,Circle,60.0,1,10,48.0,55.51496,-56.79215,0.0,0.0,0.0,2.44,182.79,1.486,0.1663,-1.0,,,15.478,14.379,0.01,0.036,99.0,,15.602,,,,99.0,,,99.0,,0.009,2025-10-28,19,sci,['/mnt/photometry/AT2025aamh/field2505-2026-01-10/J/stack/coadd.Open-J.03361801-03361837.C2.fits'],['field2505-2026-01-10'],['C2'],[14.413],[0.012],[13.741],[0.055],[15.297],[0.013],[93],[0.0],[0.0],[0.0],190554,AT,2025aamh,55.5149,-56.79218133,,,,18,ATLAS,18.0,ATLAS,18.456,72.0,orange,"J. Tonry, L. Denneau, H. Weiland, R. Siverd (IfA, University of Hawaii), N. Erasmus, W. Koorts (South African Astronomical Observatory), A. Jordan, V. Suc (UAI, Obstech), M. R. Alarcón, J. Licandro, P. Nichita (IAC), S. J. Smartt, K. W. Smith (Oxford/QUB), D. R. Young, M. Nicholl, M. Fulton, M. McCollum, T. Moore, J. Weston, X. Sheng, C. R. Angus, A. Wilson, A. Aamer, D. Magill, P. J. Broda (QUB), P. Ramsden (Birmingham/QUB), L. Shingles (GSI/QUB), S. Srivastav, J. H. Gillanders, H. Stevance, A. J. Cooper, F. Stoppa, J. Tweddle (Oxford), L. Rhodes (TSI/McGill), A. Rest (STScI), T.-W. Chen (NCU), C. Stubbs (Harvard), J. S. Sommer (LMU), B. P. Schmidt (ANU)",10/14/25 23:35,ATLAS25mpk,2025TNSTR4112....1T,,10/14/25 23:35,10/14/25 23:35,,False,1079.0350862785513,1.2230000000000008,0.07349999999999923,14.9285,-47.77147312962285
AT2025aamc,field7653-2025-10-13,field7653,J,C1,/mnt/photometry/AT2025aamc/field7653-2025-10-13/J/stack/coadd.Open-J.03081438-03081474.C1.fits,/mnt/photometry/AT2025aamc/field7653-2025-10-13/J/stack/GRB_J_C1_Data_VIKING_03081474.ecsv,2025-10-12,8.58,Circle,60.0,1,10,48.0,31.96365,-30.78506,0.0,0.0,0.0,1.17,5.72,1.584,0.09379,-1.0,,,19.636,19.808,0.207,0.176,99.0,,19.756,,,,99.0,,,99.0,,0.183,2025-10-13,1,sci,['/mnt/photometry/AT2025aamc/field7653-2025-11-19/J/stack/coadd.Open-J.03210553-03210589.C1.fits'],['field7653-2025-11-19'],['C1'],[nan],[nan],[nan],[nan],[nan],[nan],[38],[nan],[nan],[nan],190549,AT,2025aamc,31.96365231,-30.78503077,,,,18,ATLAS,18.0,ATLAS,18.905,72.0,orange,"J. Tonry, L. Denneau, H. Weiland, R. Siverd (IfA, University of Hawaii), N. Erasmus, W. Koorts (South African Astronomical Observatory), A. Jordan, V. Suc (UAI, Obstech), M. R. Alarcón, J. Licandro, P. Nichita (IAC), S. J. Smartt, K. W. Smith (Oxford/QUB), D. R. Young, M. Nicholl, M. Fulton, M. McCollum, T. Moore, J. Weston, X. Sheng, C. R. Angus, A. Wilson, A. Aamer, D. Magill, P. J. Broda (QUB), P. Ramsden (Birmingham/QUB), L. Shingles (GSI/QUB), S. Srivastav, J. H. Gillanders, H. Stevance, A. J. Cooper, F. Stoppa, J. Tweddle (Oxford), L. Rhodes (TSI/McGill), A. Rest (STScI), T.-W. Chen (NCU), C. Stubbs (Harvard), J. S. Sommer (LMU), B. P. Schmidt (ANU)",10/14/25 23:32,"ATLAS25mpf, GOTO25iui",2025TNSTR4112....1T,,10/14/25 23:32,10/14/25 23:32,,False,799.2241831188621,0.0519999999999996,,19.722,-73.14403583259289
AT2025aaez,field11427-2025-09-17,field11427,J,C2,/mnt/photometry/AT2025aaez/field11427-2025-09-17/J/stack/coadd.Open-J.02993680-02993716.C2.fits,/mnt/photometry/AT2025aaez/field11427-2025-09-17/J/stack/GRB_J_C2_Data_VHS_02993716.ecsv,2025-10-05,8.58,Circle,60.0,1,10,48.0,59.741,-15.94475,1.0,2.0,2.0,1.21,67.32,1.981,0.56059,0.05548,,,17.202,16.679,0.02,0.037,0.63,,17.225,,,,0.084,,,0.107,,0.022,2025-09-17,-18,sci,['/mnt/photometry/AT2025aaez/field11427-2026-01-10/J/stack/coadd.Open-J.03361921-03361957.C2.fits'],['field11427-2026-01-10'],['C2'],[16.615],[0.052],[17.416],[0.114],[17.15],[0.042],[97],[2.0],[1.0],[2.0],190364,AT,2025aaez,59.7410067,-15.9445983,,,,48,ZTF,48.0,ZTF,19.9123,111.0,r,"Jesper Sollerman (SU), Christoffer Fremling (Caltech), Daniel Perley (LJMU), Theophile du Laz (Caltech) on behalf of ZTF",10/13/25 11:20,ZTF25abwhzvg,2025TNSTR4104....1S,,10/13/25 11:20,10/13/25 11:20,,False,1474.4453621343237,0.5460000000000029,0.058000000000001606,16.9405,-45.543299875469955
AT2025zxm,field9333-2025-09-13,field9333,J,C2,/mnt/photometry/AT2025zxm/field9333-2025-09-13/J/stack/coadd.Open-J.02983228-02983264.C2.fits,/mnt/photometry/AT2025zxm/field9333-2025-09-13/J/stack/GRB_J_C2_Data_2MASS_02983264.ecsv,2025-09-08,8.58,Circle,60.0,1,10,48.0,34.39773,-24.10279,3.0,3.0,3.0,1.1,27.1,1.239,1.16484,-1.0,,,18.374,17.939,0.047,0.072,99.0,,18.536,,,,99.0,,,99.0,,0.06,2025-09-13,5,sci,['/mnt/photometry/AT2025zxm/field9333-2025-09-03/J/stack/coadd.Open-J.02943385-02943421.C2.fits'],['field9333-2025-09-03'],['C2'],[18.113],[0.08],[18.371],[0.121],[18.308],[0.055],[-5],[3.0],[3.0],[3.0],190169,AT,2025zxm,34.3977626,-24.10247245,,,,4,Pan-STARRS,4.0,Pan-STARRS,20.19,58.0,i,"K. C. Chambers, T. de Boer, J. Fairlamb, M. Huber, C.-C. Lin, T. Lowe, E. Magnier, P. Minguez, G. Paek, A. Schultz, I. A. Smith, R. J. Wainscoat (IfA, University of Hawaii), S. J. Smartt, K. W. Smith (University of Oxford / Queen's University Belfast), S. Srivastav (University of Oxford), D. R. Young, M. Fulton, M. Nicholl, T. Moore, J. Weston, C. R. Angus (Queen's University Belfast)",10/11/25 21:55,PS25hxj,2025TNSTR4071....1C,,10/11/25 21:55,10/11/25 21:55,,False,1021.978697031388,0.5970000000000013,-0.05400000000000027,18.1565,-70.66336348718497
AT2025zxf,field9330-2025-09-03,field9330,J,C3,/mnt/photometry/AT2025zxf/field9330-2025-09-03/J/stack/coadd.Open-J.02943265-02943301.C3.fits,/mnt/photometry/AT2025zxf/field9330-2025-09-03/J/stack/GRB_J_C3_Data_2MASS_02943301.ecsv,2025-08-30,8.58,Circle,60.0,1,10,48.0,29.73381,-24.83444,2.0,1.0,1.0,1.33,19.5,1.057,0.59807,0.46458,,,17.966,17.367,0.067,0.074,0.213,,18.167,,,,-0.587,,,-0.386,,0.076,2025-09-03,4,sci,['/mnt/photometry/AT2025zxf/field9330-2025-09-13/J/stack/coadd.Open-J.02983108-02983144.C3.fits'],['field9330-2025-09-13'],['C3'],[17.913],[0.112],[18.349],[0.08],[nan],[nan],[14],[nan],[nan],[nan],190162,AT,2025zxf,29.73376643,-24.83428369,,,,4,Pan-STARRS,4.0,Pan-STARRS,20.94,26.0,w,"K. C. Chambers, T. de Boer, J. Fairlamb, M. Huber, C.-C. Lin, T. Lowe, E. Magnier, P. Minguez, G. Paek, A. Schultz, I. A. Smith, R. J. Wainscoat (IfA, University of Hawaii), S. J. Smartt, K. W. Smith (University of Oxford / Queen's University Belfast), S. Srivastav (University of Oxford), D. R. Young, M. Fulton, M. Nicholl, T. Moore, J. Weston, C. R. Angus (Queen's University Belfast)",10/11/25 21:53,PS25hxb,2025TNSTR4071....1C,,10/11/25 21:53,10/11/25 21:53,,True,183.58922290017836,0.8000000000000007,-0.5459999999999994,17.6665,-74.96562587681804
AT2025zid,field9331-2025-09-03,field9331,J,C4,/mnt/photometry/AT2025zid/field9331-2025-09-03/J/stack/coadd.Open-J.02943305-02943341.C4.fits,/mnt/photometry/AT2025zid/field9331-2025-09-03/J/stack/GRB_J_C4_Data_VHS_02943341.ecsv,2025-08-29,8.58,Circle,60.0,1,10,48.0,31.59215,-24.72446,1.0,2.0,2.0,1.22,34.81,1.078,0.56525,0.14158,,,18.038,17.48,0.036,0.036,0.686,,18.143,,,,0.023,,,0.128,,0.052,2025-09-03,5,sci,['/mnt/photometry/AT2025zid/field9331-2025-09-13/J/stack/coadd.Open-J.02983148-02983184.C4.fits'],['field9331-2025-09-13'],['C4'],[17.51],[0.044],[18.139],[0.038],[18.01],[0.035],[15],[2.0],[1.0],[2.0],189767,AT,2025zid,31.5923171,-24.7244921,,,,48,ZTF,48.0,ZTF,20.0893,110.0,g,"Jesper Sollerman (SU), Christoffer Fremling (Caltech), Daniel Perley (LJMU), Theophile du Laz (Caltech) on behalf of ZTF",10/1/25 12:55,ZTF25abmydre,2025TNSTR3950....1S,,10/1/25 12:55,10/1/25 12:55,,False,900.2474466895219,0.6630000000000003,-0.0010000000000012221,17.759,-73.29117516443712
AT2025zee,field4476-2025-10-06,field4476,J,C4,/mnt/photometry/AT2025zee/field4476-2025-10-06/J/stack/coadd.Open-J.03058306-03058342.C4.fits,/mnt/photometry/AT2025zee/field4476-2025-10-06/J/stack/GRB_J_C4_Data_2MASS_03058342.ecsv,2025-09-29,8.58,Circle,60.0,1,10,48.0,75.78202,-46.00353,3.0,3.0,3.0,0.81,12.19,1.214,0.54107,-1.0,,,19.116,19.028,0.11,0.089,99.0,,19.119,,,,99.0,,,99.0,,0.174,2025-10-06,7,sci,['/mnt/photometry/AT2025zee/field4476-2024-12-29/J/stack/coadd.Open-J.02032127-02032143.C4.fits'],['field4476-2024-12-29'],['C4'],[nan],[nan],[nan],[nan],[nan],[nan],[-274],[nan],[nan],[nan],189663,AT,2025zee,75.78208411,-46.00367488,,,,135,GW-MMADS,135.0,GW-MMADS,20.8648,22.0,r,"Xander J. Hall (CMU), Tomás Cabrera (CMU), Lei Hu (CMU), Antonella Palmese (CMU), Igor Andreoni (UMD), Brendan O’Connor (CMU), Robert Stein (Caltech), Michael Coughlin (UMN), Theo Jegou Du Laz (Caltech), Keerthi Kunnumkai (CMU), on behalf of GW-MMADS",9/30/25 21:01,A202509290503077m460013,2025TNSTR3927....1H,,9/30/25 21:03,9/30/25 21:03,,False,831.6090913180351,0.09100000000000108,,19.072,-37.68183297574245
AT2025ykf,field11089-2025-08-06,field11089,J,C2,/mnt/photometry/AT2025ykf/field11089-2025-08-06/J/stack/coadd.Open-J.02806274-02806310.C2.fits,/mnt/photometry/AT2025ykf/field11089-2025-08-06/J/stack/GRB_J_C2_Data_2MASS_02806310.ecsv,2025-08-25,8.58,Circle,60.0,1,10,48.0,17.53755,-16.85252,2.0,2.0,2.0,3.07,475.62,1.194,2.98597,1.44442,,,14.54,12.823,0.006,0.034,1.251,,14.447,,,,-0.373,,,-0.466,,0.005,2025-08-06,-19,sci,['/mnt/photometry/AT2025ykf/field11089-2025-12-13/J/stack/coadd.Open-J.03287650-03287686.C2.fits'],['field11089-2025-12-13'],['C2'],[12.881],[0.005],[15.741],[0.078],[14.636],[0.008],[110],[2.0],[2.0],[2.0],189128,AT,2025ykf,17.5366934,-16.8523998,,,,48,ZTF,48.0,ZTF,19.481,111.0,r,"Jesper Sollerman (SU), Christoffer Fremling (Caltech), Daniel Perley (LJMU), Theophile du Laz (Caltech) on behalf of ZTF",9/24/25 10:28,ZTF25abruqtr,2025TNSTR3850....1S,,9/24/25 10:28,9/24/25 10:28,,False,622.2206810318467,1.6239999999999988,-0.07699999999999996,13.6815,-79.09202256159801
AT2025xya,field4702-2025-09-14,field4702,J,C3,/mnt/photometry/AT2025xya/field4702-2025-09-14/J/stack/coadd.Open-J.02986196-02986232.C3.fits,/mnt/photometry/AT2025xya/field4702-2025-09-14/J/stack/GRB_J_C3_Data_VHS_02986232.ecsv,2025-09-16,8.58,Circle,60.0,1,10,48.0,80.99245,-45.19171,2.0,2.0,2.0,0.97,16.0,1.656,0.48817,0.16999,,,18.98,18.801,0.081,0.072,0.697,,19.141,,,,0.356,,,0.518,,0.12,2025-09-14,-2,sci,['/mnt/photometry/AT2025xya/field4702-2024-12-29/J/stack/coadd.Open-J.02032295-02032311.C3.fits'],['field4702-2024-12-29'],['C3'],[19.045],[0.416],[18.17],[0.229],[18.834],[0.339],[-261],[0.0],[0.0],[0.0],188809,AT,2025xya,80.99264,-45.19168692,,,,18,ATLAS,18.0,ATLAS,19.015,72.0,orange,"J. Tonry, L. Denneau, H. Weiland, R. Siverd (IfA, University of Hawaii), N. Erasmus, W. Koorts (South African Astronomical Observatory), A. Jordan, V. Suc (UAI, Obstech), M. R. Alarcón, J. Licandro, P. Nichita (IAC), S. J. Smartt, K. W. Smith (Oxford/QUB), D. R. Young, M. Nicholl, M. Fulton, M. McCollum, T. Moore, J. Weston, X. Sheng, C. R. Angus, A. Wilson, A. Aamer, D. Magill, P. J. Broda (QUB), P. Ramsden (Birmingham/QUB), L. Shingles (GSI/QUB), S. Srivastav, J. H. Gillanders, H. Stevance, A. J. Cooper, F. Stoppa, J. Tweddle (Oxford), L. Rhodes (TSI/McGill), A. Rest (STScI), T.-W. Chen (NCU), C. Stubbs (Harvard), J. S. Sommer (LMU), B. P. Schmidt (ANU)",9/18/25 20:27,"ATLAS25lqj, GOTO25hks",2025TNSTR3753....1T,,9/18/25 20:27,9/18/25 20:27,,False,1294.7969183995392,0.33999999999999986,-0.049000000000001265,18.8905,-33.9910666913035
AT2025wdq,field9335-2025-09-03,field9335,J,C3,/mnt/photometry/AT2025wdq/field9335-2025-09-03/J/stack/coadd.Open-J.02943465-02943501.C3.fits,/mnt/photometry/AT2025wdq/field9335-2025-09-03/J/stack/GRB_J_C3_Data_2MASS_02943501.ecsv,2025-08-29,8.58,Circle,60.0,1,10,48.0,36.13579,-24.35244,3.0,3.0,3.0,1.12,10.34,1.295,0.36823,-1.0,,,19.509,19.084,0.127,0.097,99.0,,19.423,,,,99.0,,,99.0,,0.15,2025-09-03,5,sci,['/mnt/photometry/AT2025wdq/field9335-2025-09-13/J/stack/coadd.Open-J.02983308-02983344.C3.fits'],['field9335-2025-09-13'],['C3'],[19.378],[0.111],[19.638],[0.084],[19.443],[0.098],[15],[3.0],[3.0],[3.0],187540,AT,2025wdq,36.1358721,-24.35250843,,,,18,ATLAS,18.0,ATLAS,19.28,73.0,wide,"J. Tonry, L. Denneau, H. Weiland, R. Siverd (IfA, University of Hawaii), N. Erasmus, W. Koorts (South African Astronomical Observatory), A. Jordan, V. Suc (UAI, Obstech), M. R. Alarcón, J. Licandro, P. Nichita (IAC), S. J. Smartt, K. W. Smith (Oxford/QUB), D. R. Young, M. Nicholl, M. Fulton, M. McCollum, T. Moore, J. Weston, X. Sheng, C. R. Angus, A. Wilson, A. Aamer, D. Magill (QUB), P. Ramsden (Birmingham/QUB), L. Shingles (GSI/QUB), S. Srivastav, J. H. Gillanders, H. Stevance, A. J. Cooper, F. Stoppa, J. Tweddle (Oxford), L. Rhodes (TSI/McGill), A. Rest (STScI), T.-W. Chen (NCU), C. Stubbs (Harvard), J. S. Sommer (LMU), B. P. Schmidt (ANU)",8/29/25 9:34,"ATLAS25ksf, PS25hoa",2025TNSTR3431....1T,,8/29/25 9:35,9/18/25 18:30,,False,940.6771227212062,0.33899999999999864,-0.11400000000000077,19.2965,-69.1703011577807
AT2025xfk,field13211-2025-09-01,field13211,J,C1,/mnt/photometry/AT2025xfk/field13211-2025-09-01/J/stack/coadd.Open-J.02929813-02929849.C1.fits,/mnt/photometry/AT2025xfk/field13211-2025-09-01/J/stack/GRB_Multisource_J_C4_Data_VHS_02929849.ecsv,2025-08-30,8.58,Circle,60.0,1,10,48.0,345.33367,-10.94866,1.0,2.0,2.0,1.48,23.91,1.293,1.93694,0.14942,,,18.219,17.608,0.056,0.061,0.805,,18.247,,,,0.166,,,0.194,,0.066,2025-09-01,2,sci,"['/mnt/photometry/AT2025xfk/field13211-2025-11-17/J/stack/coadd.Open-J.03200975-03201074.C4.fits', '/mnt/photometry/AT2025xfk/field13211-2025-12-14/J/stack/coadd.Open-J.03290910-03290946.C4.fits', '/mnt/photometry/AT2025xfk/field13211-2025-12-17/J/stack/coadd.Open-J.03303394-03303430.C4.fits', '/mnt/photometry/AT2025xfk/field13211-2025-11-13/J/stack/coadd.Open-J.03186205-03186304.C4.fits']","['field13211-2025-11-17', 'field13211-2025-12-14', 'field13211-2025-12-17', 'field13211-2025-11-13']","['C4', 'C4', 'C4', 'C4']","[nan, 16.028, 17.739, 17.775]","[nan, 0.027, 0.115, 0.073]","[nan, 16.392, 18.481, 18.327]","[nan, 0.024, 0.095, 0.076]","[nan, 16.297, 18.498, 18.275]","[nan, 0.021, 0.109, 0.056]","[79, 106, 109, 75]","[nan, 2.0, 2.0, 2.0]","[nan, 2.0, 1.0, 1.0]","[nan, 2.0, 1.0, 1.0]",188310,AT,2025xfk,345.3341064,-10.9489869,,,,48,ZTF,48.0,ZTF,20.6649,110.0,g,"Daniel Perley (LJMU), Christoffer Fremling (Caltech), Theophile du Laz (Caltech) on behalf of ZTF",9/11/25 9:03,ZTF25abpzsix,2025TNSTR3656....1P,,9/11/25 9:03,9/11/25 9:03,,True,-2809.16197620017,0.6389999999999993,0.4781666666666684,17.9135,-59.29237356137753
AT2025wog,field16066-2025-08-17,field16066,J,C4,/mnt/photometry/AT2025wog/field16066-2025-08-17/J/stack/coadd.Open-J.02858726-02858762.C4.fits,/mnt/photometry/AT2025wog/field16066-2025-08-17/J/stack/GRB_J_C4_Data_VHS_02858762.ecsv,2025-09-01,8.58,Circle,60.0,1,10,48.0,10.69493,0.30044,2.0,2.0,2.0,2.19,172.21,1.245,0.54442,0.04729,,,15.995,14.913,0.009,0.029,1.211,,15.956,,,,0.169,,,0.129,,0.01,2025-08-17,-15,sci,"['/mnt/photometry/AT2025wog/field16066-2025-12-14/J/stack/coadd.Open-J.03291310-03291346.C4.fits', '/mnt/photometry/AT2025wog/field16066-2025-12-17/J/stack/coadd.Open-J.03303794-03303830.C4.fits']","['field16066-2025-12-14', 'field16066-2025-12-17']","['C4', 'C4']","[14.884, 14.813]","[0.013, 0.016]","[15.905, 15.894]","[0.024, 0.051]","[16.012, 15.93]","[0.011, 0.016]","[104, 107]","[2.0, 2.0]","[2.0, 2.0]","[2.0, 2.0]",187819,AT,2025wog,10.69480719,0.300350807,,,,139,LAST,139.0,LAST,18.9,1.0,Clear,"E. O. Ofek (WIS), R. Konno (WIS), E. A. Zimmerman (WIS), A. Horowicz (WIS), S. Garrappa (WIS), S. Ben-Ami (WIS), D. Polishook (WIS), O. Yaron (WIS), P. Chen (WIS), A. Krassilchtchikov (WIS), Y. M. Shani (WIS), E. Segre (WIS), A. Gal-Yam (WIS), S. Spitzer (WIS), and K. Rybicki (WIS) on behalf of the LAST Collaboration",9/1/25 10:15,,2025TNSTR3499....1O,,9/1/25 10:15,9/1/25 10:15,,False,729.5650664210921,1.0429999999999993,0.04424999999999901,15.454,-62.608871651043806
AT2025whd,field11097-2025-08-06,field11097,J,C2,/mnt/photometry/AT2025whd/field11097-2025-08-06/J/stack/coadd.Open-J.02806594-02806630.C2.fits,/mnt/photometry/AT2025whd/field11097-2025-08-06/J/stack/GRB_J_C2_Data_2MASS_02806630.ecsv,2025-08-25,8.58,Circle,60.0,1,10,48.0,26.89538,-17.29208,3.0,3.0,3.0,1.39,37.43,2.373,0.82301,-1.0,,,18.111,17.374,0.037,0.052,99.0,,18.379,,,,99.0,,,99.0,,0.036,2025-08-06,-19,sci,['/mnt/photometry/AT2025whd/field11097-2025-12-13/J/stack/coadd.Open-J.03287730-03287766.C2.fits'],['field11097-2025-12-13'],['C2'],[17.377],[0.068],[18.618],[0.147],[18.125],[0.053],[110],[3.0],[3.0],[3.0],187632,AT,2025whd,26.89560647,-17.29200033,,,,74,ALeRCE,48.0,ZTF,20.3476,110.0,g,"A. Munoz-Arancibia, F.E. Bauer, G. Pignata, F. Forster, A. Mourao, S. Jurado, L. Hernandez-Garcia, L. Galbany, J. Silva-Farfan, R. Dastidar, J.P. Brandt, A. Alvarez, F. Andrades, G. Cabrera-Vives, R. Carrasco-Davis, P.A. Estevez, P. Huijse, H. Larranaga, C. Mansilla, K. Medina, D. Moreno, E. Munoz, I. Reyes, P. Sanchez-Saez, D. Rodriguez-Mancini, M. Catelan, S. Eyheramendy, M.J. Graham on behalf of the ALeRCE broker",8/29/25 20:39,"ZTF25abmdmzv, ATLAS25kvh",2025TNSTR3430....1M,,8/29/25 20:39,8/29/25 20:39,,False,823.0567022746939,1.0050000000000026,-0.00849999999999973,17.7425,-74.03773579535365
AT2025vmj,field10497-2025-09-02,field10497,J,C1,/mnt/photometry/AT2025vmj/field10497-2025-09-02/J/stack/coadd.Open-J.02937261-02937297.C1.fits,/mnt/photometry/AT2025vmj/field10497-2025-09-02/J/stack/GRB_J_C1_Data_VHS_02937297.ecsv,2025-08-17,8.58,Circle,60.0,1,10,48.0,24.34695,-19.41145,2.0,2.0,2.0,2.26,60.93,1.415,0.42371,0.31874,,,17.533,16.49,0.029,0.025,1.324,,17.341,,,,0.473,,,0.282,,0.029,2025-09-02,16,sci,['/mnt/photometry/AT2025vmj/field10497-2025-12-13/J/stack/coadd.Open-J.03287470-03287506.C1.fits'],['field10497-2025-12-13'],['C1'],[16.534],[0.035],[17.752],[0.039],[17.671],[0.028],[118],[2.0],[1.0],[2.0],187084,AT,2025vmj,24.3470288,-19.4113589,,,,48,ZTF,48.0,ZTF,20.0184,110.0,g,"Daniel Perley (LJMU), Christoffer Fremling (Caltech), Theophile du Laz (Caltech) on behalf of ZTF",8/26/25 11:29,ZTF21absjxqc,2025TNSTR3380....1P,,8/26/25 11:29,8/26/25 11:29,,False,960.6364454302354,0.8510000000000026,-0.0909999999999993,17.011499999999998,-77.25437187733442
AT2025vjl,field11087-2025-08-06,field11087,J,C4,/mnt/photometry/AT2025vjl/field11087-2025-08-06/J/stack/coadd.Open-J.02806194-02806230.C4.fits,/mnt/photometry/AT2025vjl/field11087-2025-08-06/J/stack/GRB_J_C4_Data_VHS_02806230.ecsv,2025-08-23,8.58,Circle,60.0,1,10,48.0,14.73475,-17.7807,2.0,2.0,2.0,2.46,212.92,2.965,0.7654,0.0942,,,15.658,14.425,0.008,0.012,1.316,,15.393,,,,0.348,,,0.083,,0.006,2025-08-06,-17,sci,['/mnt/photometry/AT2025vjl/field11087-2025-12-13/J/stack/coadd.Open-J.03287570-03287606.C4.fits'],['field11087-2025-12-13'],['C4'],[14.462],[0.009],[15.512],[0.017],[15.609],[0.009],[112],[2.0],[2.0],[2.0],187008,AT,2025vjl,14.7345721,-17.7805657,,,,48,ZTF,48.0,ZTF,19.9985,110.0,g,"Nabeel Rehemtulla (CIERA, NU), Christoffer Fremling (Caltech), Daniel Perley (LJMU), Theophile du Laz (Caltech) on behalf of ZTF",8/25/25 14:18,ZTF25ablddjx,2025TNSTR3372....1R,,8/25/25 14:18,8/25/25 14:18,,False,785.9381464650705,0.968,0.006000000000000227,15.0415,-80.6832926134957
AT2025vbw,field12738-2025-04-28,field12738,J,C3,/mnt/photometry/AT2025vbw/field12738-2025-04-28/J/stack/coadd.Open-J.02365138-02365174.C3.fits,/mnt/photometry/AT2025vbw/field12738-2025-04-28/J/stack/GRB_J_C3_Data_VHS_02365174.ecsv,2025-04-25,8.58,Circle,60.0,1,10,48.0,156.6769,-12.20563,1.0,1.0,2.0,1.11,10.07,1.292,0.81256,0.38147,,,19.335,18.884,0.132,0.146,0.548,,19.525,,,,-0.093,,,0.097,,0.16,2025-04-28,3,sci,['/mnt/photometry/AT2025vbw/field12738-2025-04-16/J/stack/coadd.Open-J.02309615-02309651.C3.fits'],['field12738-2025-04-16'],['C3'],[19.194],[0.194],[19.436],[0.107],[19.326],[0.117],[-9],[1.0],[1.0],[1.0],186811,AT,2025vbw,156.6767053,-12.20550645,,,,4,Pan-STARRS,4.0,Pan-STARRS,20.11,26.0,w,"K. C. Chambers, T. de Boer, J. Fairlamb, M. Huber, C.-C. Lin, T. Lowe, E. Magnier, P. Minguez, G. Paek, A. Schultz, I. A. Smith, R. J. Wainscoat (IfA, University of Hawaii), S. J. Smartt, K. W. Smith (University of Oxford / Queen's University Belfast), S. Srivastav (University of Oxford), D. R. Young, M. Fulton, M. Nicholl, T. Moore, J. Weston, C. R. Angus (Queen's University Belfast)",8/23/25 9:50,PS25gvk,2025TNSTR3340....1C,,8/23/25 9:50,8/23/25 9:50,,False,886.7322189895863,0.6409999999999982,-0.1504999999999992,19.1095,37.17398347651737
AT2025uwd,field9289-2025-09-03,field9289,J,C2,/mnt/photometry/AT2025uwd/field9289-2025-09-03/J/stack/coadd.Open-J.02941705-02941741.C2.fits,/mnt/photometry/AT2025uwd/field9289-2025-09-03/J/stack/GRB_J_C2_Data_VHS_02941741.ecsv,2025-08-17,8.58,Circle,60.0,1,10,48.0,339.59168,-25.14088,2.0,2.0,2.0,2.59,64.7,3.448,2.77747,0.20955,,,16.966,15.81,0.025,0.03,1.378,,16.939,,,,0.249,,,0.222,,0.023,2025-09-03,17,sci,"['/mnt/photometry/AT2025uwd/field9289-2025-09-13/J/stack/coadd.Open-J.02981468-02981504.C2.fits', '/mnt/photometry/AT2025uwd/field9289-2025-12-14/J/stack/coadd.Open-J.03290990-03291026.C2.fits']","['field9289-2025-09-13', 'field9289-2025-12-14']","['C2', 'C2']","[nan, 15.819]","[nan, 0.034]","[nan, 17.429]","[nan, 0.068]","[nan, 17.091]","[nan, 0.029]","[27, 119]","[nan, 2.0]","[nan, 2.0]","[nan, 2.0]",186662,AT,2025uwd,339.5925323,-25.1408247,,,,48,ZTF,48.0,ZTF,20.3227,111.0,r,"Jesper Sollerman (SU), Christoffer Fremling (Caltech), Daniel Perley (LJMU), Theophile du Laz (Caltech) on behalf of ZTF",8/22/25 9:14,"ZTF25abkrrpe, ATLAS25kgz",2025TNSTR3324....1S,,8/22/25 9:14,8/22/25 9:14,,False,687.7786409214186,1.1289999999999996,-0.06700000000000017,16.388,-59.86004229673426
AT2025uwd,field9290-2025-09-03,field9290,J,C1,/mnt/photometry/AT2025uwd/field9290-2025-09-03/J/stack/coadd.Open-J.02941745-02941781.C1.fits,/mnt/photometry/AT2025uwd/field9290-2025-09-03/J/stack/GRB_J_C1_Data_VHS_02941781.ecsv,2025-08-17,8.58,Circle,60.0,1,10,48.0,339.59171,-25.14087,2.0,2.0,2.0,2.84,50.23,3.752,2.6935,0.14435,,,17.006,15.747,0.034,0.035,1.441,,16.935,,,,0.253,,,0.182,,0.027,2025-09-03,17,sci,['/mnt/photometry/AT2025uwd/field9290-2025-09-13/J/stack/coadd.Open-J.02981508-02981544.C1.fits'],['field9290-2025-09-13'],['C1'],[nan],[nan],[nan],[nan],[nan],[nan],[27],[nan],[nan],[nan],186662,AT,2025uwd,339.5925323,-25.1408247,,,,48,ZTF,48.0,ZTF,20.3227,111.0,r,"Jesper Sollerman (SU), Christoffer Fremling (Caltech), Daniel Perley (LJMU), Theophile du Laz (Caltech) on behalf of ZTF",8/22/25 9:14,"ZTF25abkrrpe, ATLAS25kgz",2025TNSTR3324....1S,,8/22/25 9:14,8/22/25 9:14,,True,269.54597458106855,1.1879999999999988,,16.3765,-59.86004229673426
AT2025umc,field13537-2025-08-30,field13537,J,C3,/mnt/photometry/AT2025umc/field13537-2025-08-30/J/stack/coadd.Open-J.02917946-02917982.C3.fits,/mnt/photometry/AT2025umc/field13537-2025-08-30/J/stack/GRB_J_C3_Data_VHS_02917982.ecsv,2025-08-16,8.58,Circle,60.0,1,10,48.0,1.10261,-8.65013,0.0,0.0,0.0,1.17,26.61,1.277,1.31869,-1.0,,,18.342,17.857,0.049,0.052,99.0,,18.464,,,,99.0,,,99.0,,0.065,2025-08-30,14,sci,"['/mnt/photometry/AT2025umc/field13537-2025-12-14/J/stack/coadd.Open-J.03291270-03291306.C3.fits', '/mnt/photometry/AT2025umc/field13537-2025-12-17/J/stack/coadd.Open-J.03303674-03303710.C3.fits']","['field13537-2025-12-14', 'field13537-2025-12-17']","['C3', 'C3']","[18.005, 17.954]","[0.092, 0.099]","[18.526, 18.317]","[0.07, 0.068]","[18.462, 18.298]","[0.074, 0.077]","[120, 123]","[0.0, 0.0]","[0.0, 0.0]","[0.0, 0.0]",186401,AT,2025umc,1.10245,-8.650464,,,,81,SGLF,48.0,ZTF,20.403,112.0,i,"I. Pérez-Fournon (IAC and ULL), B. Armas-Chinea, D. Cano-Morales, I. Correa-Plasencia, A.E. Hernández-Díaz,  M. Quintana-Ansaldo E. Lekaroz-Urriza (ULL), F. Poidevin (IAC and ULL), C. Jiménez Ángel (GRANTECAN), R. Shirley (MPE), R. Marques-Chaves (Univ. of Geneva), and S. Geier (GRANTECAN & IAC) on behalf of SGLF",8/18/25 19:06,ZTF25abjpiwx,2025TNSTR3258....1P,,8/18/25 19:06,8/18/25 19:06,,False,1865.5744503536484,0.6069999999999993,-0.08025000000000126,18.0995,-68.39373983649324
AT2025pjf,field11045-2025-07-14,field11045,J,C2,/mnt/photometry/AT2025pjf/field11045-2025-07-14/J/stack/coadd.Open-J.02692742-02692778.C2.fits,/mnt/photometry/AT2025pjf/field11045-2025-07-14/J/stack/GRB_J_C2_Data_VHS_02692778.ecsv,2025-06-29,8.58,Circle,60.0,1,10,48.0,324.43741,-18.18664,2.0,2.0,2.0,1.71,48.65,1.426,0.66076,0.03292,,,17.724,16.702,0.031,0.043,1.26,,17.814,,,,0.148,,,0.238,,0.039,2025-07-14,15,sci,"['/mnt/photometry/AT2025pjf/field11045-2025-12-17/J/stack/coadd.Open-J.03302958-03302994.C2.fits', '/mnt/photometry/AT2025pjf/field11045-2025-12-14/J/stack/coadd.Open-J.03290430-03290466.C2.fits']","['field11045-2025-12-17', 'field11045-2025-12-14']","['C2', 'C2']","[16.843, 16.761]","[0.078, 0.071]","[17.972, 17.734]","[0.178, 0.117]","[17.778, 17.711]","[0.076, 0.061]","[171, 168]","[2.0, 2.0]","[1.0, 1.0]","[1.0, 2.0]",182801,AT,2025pjf,324.4374438,-18.18646161,0.054,,,74,ALeRCE,48.0,ZTF,19.4928,110.0,g,"F. Forster, F.E. Bauer, G. Pignata, A. Munoz-Arancibia, A. Mourao, L. Hernandez-Garcia, L. Galbany, J. Silva-Farfan, R. Dastidar, J.P. Brandt, A. Alvarez, G. Cabrera-Vives, R. Carrasco-Davis, P.A. Estevez, B. Gamboa, P. Huijse, H. Larranaga, C. Mansilla, K. Medina, D. Moreno, E. Munoz, E. Pizarro, I. Reyes, P. Sanchez-Saez, D. Rodriguez-Mancini, M. Catelan, S. Eyheramendy, M.J. Graham on behalf of the ALeRCE broker",6/30/25 2:33,"ZTF25aawyyyn, ATLAS25gxn, PS25fmc",2025TNSTR2484....1F,2025TNSCR3202....1v,6/30/25 2:34,8/15/25 0:05,,False,833.9854298210957,1.1119999999999983,-0.06024999999999814,17.213,-44.423206187347716
SN2025tpu,field1811-2025-08-31,field1811,Z,C4,/mnt/photometry/SN2025tpu/field1811-2025-08-31/Z/stack/coadd.Z-Open.02923556-02923601.C4.fits,/mnt/photometry/SN2025tpu/field1811-2025-08-31/Z/stack/GRB_Z_C4_Data_Skymapper_02923601.ecsv,2025-08-12,11.44,Circle,60.0,1,10,48.0,281.91892,-63.16085,0.0,0.0,0.0,1.08,73.81,1.103,0.49083,-1.0,,,16.271,16.266,0.018,0.016,99.0,,16.262,,,,99.0,,,99.0,,0.019,2025-08-31,19,sci,"['/mnt/photometry/SN2025tpu/field1811-2025-09-13/Z/stack/coadd.Z-Open.02981346-02981391.C4.fits', '/mnt/photometry/SN2025tpu/field1811-2025-08-17/Z/stack/coadd.Z-Open.02857877-02857897.C4.fits', '/mnt/photometry/SN2025tpu/field1811-2025-09-09/Z/stack/coadd.Z-Open.02963873-02963918.C4.fits', '/mnt/photometry/SN2025tpu/field1811-2025-08-19/Z/stack/coadd.Z-Open.02871217-02871262.C4.fits', '/mnt/photometry/SN2025tpu/field1811-2025-08-30/Z/stack/coadd.Z-Open.02916656-02916701.C4.fits', '/mnt/photometry/SN2025tpu/field1811-2025-09-01/Z/stack/coadd.Z-Open.02929323-02929368.C4.fits', '/mnt/photometry/SN2025tpu/field1811-2025-09-03/Z/stack/coadd.Z-Open.02941619-02941664.C4.fits', '/mnt/photometry/SN2025tpu/field1811-2025-08-29/Z/stack/coadd.Z-Open.02909013-02909058.C4.fits', '/mnt/photometry/SN2025tpu/field1811-2025-08-18/Z/stack/coadd.Z-Open.02864543-02864588.C4.fits', '/mnt/photometry/SN2025tpu/field1811-2025-08-20/Z/stack/coadd.Z-Open.02874953-02874998.C4.fits']","['field1811-2025-09-13', 'field1811-2025-08-17', 'field1811-2025-09-09', 'field1811-2025-08-19', 'field1811-2025-08-30', 'field1811-2025-09-01', 'field1811-2025-09-03', 'field1811-2025-08-29', 'field1811-2025-08-18', 'field1811-2025-08-20']","['C4', 'C4', 'C4', 'C4', 'C4', 'C4', 'C4', 'C4', 'C4', 'C4']","[nan, 18.085, 16.584, 17.347, 16.304, 16.403, nan, 16.345, 17.468, 17.031]","[nan, 0.103, 0.027, 0.035, 0.019, 0.034, nan, 0.018, 0.038, 0.033]","[nan, 17.904, 16.339, 17.342, 16.303, 16.474, nan, 16.346, 17.459, 17.132]","[nan, 0.071, 0.022, 0.026, 0.019, 0.026, nan, 0.016, 0.029, 0.025]","[nan, 17.945, 16.498, 17.374, 16.292, 16.543, nan, 16.362, 17.505, 17.171]","[nan, 0.071, 0.022, 0.028, 0.018, 0.026, nan, 0.016, 0.031, 0.026]","[32, 5, 28, 7, 18, 20, 22, 17, 6, 8]","[nan, 0.0, 0.0, 0.0, 0.0, 0.0, nan, 0.0, 0.0, 0.0]","[nan, 0.0, 0.0, 0.0, 0.0, 0.0, nan, 0.0, 0.0, 0.0]","[nan, 0.0, 0.0, 0.0, 0.0, 0.0, nan, 0.0, 0.0, 0.0]",185818,SN,2025tpu,281.918767,-63.160972,0.015,13.0,SN IIn,60,BlackGEM,60.0,BlackGEM,19.25,118.0,BG-q,"P. Groot, H. Tranin, F. Stoppa, D. Pieterse, G. Ramsay, S. Faris, P. Vreeswijk, N. Blagorodnova, J. van Roestel, H. Wichern, S. Scaringi",8/12/25 8:40,"BGEM J184740.50-630939.4, ATLAS25jhf, GOTO25ger, MASTER OT J184740.60-630939.0, MASTER OT J184740.64-630939.3",2025TNSTR3159....1G,2025TNSCR3202....1v,8/12/25 8:42,8/14/25 6:38,,False,1754.475000022463,0.003999999999997783,-0.685062499999999,16.2685,-23.331391422678468
SN2025tpu,field1811-2025-08-31,field1811,J,C4,/mnt/photometry/SN2025tpu/field1811-2025-08-31/J/stack/coadd.Open-J.02923406-02923451.C4.fits,/mnt/photometry/SN2025tpu/field1811-2025-08-31/J/stack/GRB_J_C4_Data_VHS_02923451.ecsv,2025-08-12,11.44,Circle,60.0,1,10,48.0,281.91897,-63.16084,0.0,0.0,0.0,1.13,78.31,1.06,0.5699,-1.0,,,16.611,16.511,0.017,0.014,99.0,,16.571,,,,99.0,,,99.0,,0.025,2025-08-31,19,sci,"['/mnt/photometry/SN2025tpu/field1811-2025-09-13/J/stack/coadd.Open-J.02981276-02981321.C4.fits', '/mnt/photometry/SN2025tpu/field1811-2025-08-17/J/stack/coadd.Open-J.02857767-02857787.C4.fits', '/mnt/photometry/SN2025tpu/field1811-2025-09-09/J/stack/coadd.Open-J.02963818-02963863.C4.fits', '/mnt/photometry/SN2025tpu/field1811-2025-08-19/J/stack/coadd.Open-J.02871077-02871122.C4.fits', '/mnt/photometry/SN2025tpu/field1811-2025-08-30/J/stack/coadd.Open-J.02916524-02916569.C4.fits', '/mnt/photometry/SN2025tpu/field1811-2025-09-01/J/stack/coadd.Open-J.02929173-02929218.C4.fits', '/mnt/photometry/SN2025tpu/field1811-2025-09-03/J/stack/coadd.Open-J.02941469-02941514.C4.fits', '/mnt/photometry/SN2025tpu/field1811-2025-08-29/J/stack/coadd.Open-J.02908933-02908978.C4.fits', '/mnt/photometry/SN2025tpu/field1811-2025-08-18/J/stack/coadd.Open-J.02864453-02864498.C4.fits', '/mnt/photometry/SN2025tpu/field1811-2025-08-20/J/stack/coadd.Open-J.02874808-02874853.C4.fits', '/mnt/photometry/SN2025tpu/field1811-2024-08-06/J/stack/coadd.Open-J.01517380-01517416.C4.fits']","['field1811-2025-09-13', 'field1811-2025-08-17', 'field1811-2025-09-09', 'field1811-2025-08-19', 'field1811-2025-08-30', 'field1811-2025-09-01', 'field1811-2025-09-03', 'field1811-2025-08-29', 'field1811-2025-08-18', 'field1811-2025-08-20', 'field1811-2024-08-06']","['C4', 'C4', 'C4', 'C4', 'C4', 'C4', 'C4', 'C4', 'C4', 'C4', 'C4']","[16.87, 17.963, 16.696, 17.576, 16.595, 16.538, 16.347, 16.647, 17.767, 17.421, nan]","[0.023, 0.09, 0.023, 0.045, 0.019, 0.026, 0.027, 0.022, 0.057, 0.04, nan]","[16.857, 18.0, 16.685, 17.594, 16.662, 16.519, 16.447, 16.671, 17.888, 17.434, nan]","[0.015, 0.044, 0.014, 0.024, 0.013, 0.015, 0.017, 0.016, 0.028, 0.023, nan]","[16.869, 18.035, 16.706, 17.641, 16.649, 16.526, 16.481, 16.683, 17.886, 17.463, nan]","[0.016, 0.056, 0.016, 0.027, 0.014, 0.017, 0.019, 0.016, 0.035, 0.026, nan]","[32, 5, 28, 7, 18, 20, 22, 17, 6, 8, -371]","[0.0, 0.0, 0.0, 0.0, 0.0, 0.0, 0.0, 0.0, 0.0, 0.0, nan]","[0.0, 0.0, 0.0, 0.0, 0.0, 0.0, 0.0, 0.0, 0.0, 0.0, nan]","[0.0, 0.0, 0.0, 0.0, 0.0, 0.0, 0.0, 0.0, 0.0, 0.0, nan]",185818,SN,2025tpu,281.918767,-63.160972,0.015,13.0,SN IIn,60,BlackGEM,60.0,BlackGEM,19.25,118.0,BG-q,"P. Groot, H. Tranin, F. Stoppa, D. Pieterse, G. Ramsay, S. Faris, P. Vreeswijk, N. Blagorodnova, J. van Roestel, H. Wichern, S. Scaringi",8/12/25 8:40,"BGEM J184740.50-630939.4, ATLAS25jhf, GOTO25ger, MASTER OT J184740.60-630939.0, MASTER OT J184740.64-630939.3",2025TNSTR3159....1G,2025TNSCR3202....1v,8/12/25 8:42,8/14/25 6:38,,False,1752.6042426671684,0.060000000000002274,-0.506949999999998,16.561,-23.331391422678468
SN2025tpu,field1811-2025-08-18,field1811,H,C4,/mnt/photometry/SN2025tpu/field1811-2025-08-18/H/stack/coadd.Open-H.02864118-02864346.C4.fits,/mnt/photometry/SN2025tpu/field1811-2025-08-18/H/stack/GRB_H_C4_Data_2MASS_02864346.ecsv,2025-08-12,31.46,Circle,60.0,2,20,48.0,281.91918,-63.16092,3.0,3.0,3.0,0.78,34.07,1.153,0.69039,-1.0,,,18.238,18.145,0.04,0.037,99.0,,18.148,,,,99.0,,,99.0,,0.077,2025-08-18,6,sci,"['/mnt/photometry/SN2025tpu/field1811-2025-08-17/H/stack/coadd.Open-H.02857591-02857735.C4.fits', '/mnt/photometry/SN2025tpu/field1811-2025-08-19/H/stack/coadd.Open-H.02870807-02871035.C4.fits']","['field1811-2025-08-17', 'field1811-2025-08-19']","['C4', 'C4']","[18.207, nan]","[0.106, nan]","[18.429, nan]","[0.042, nan]","[18.563, nan]","[0.05, nan]","[5, 7]","[3.0, nan]","[3.0, nan]","[3.0, nan]",185818,SN,2025tpu,281.918767,-63.160972,0.015,13.0,SN IIn,60,BlackGEM,60.0,BlackGEM,19.25,118.0,BG-q,"P. Groot, H. Tranin, F. Stoppa, D. Pieterse, G. Ramsay, S. Faris, P. Vreeswijk, N. Blagorodnova, J. van Roestel, H. Wichern, S. Scaringi",8/12/25 8:40,"BGEM J184740.50-630939.4, ATLAS25jhf, GOTO25ger, MASTER OT J184740.60-630939.0, MASTER OT J184740.64-630939.3",2025TNSTR3159....1G,2025TNSCR3202....1v,8/12/25 8:42,8/14/25 6:38,,False,1809.8364051057501,0.0030000000000001137,-0.19350000000000023,18.191499999999998,-23.330923906578725
AT2025toy,field21112-2025-03-11,field21112,J,C4,/mnt/photometry/AT2025toy/field21112-2025-03-11/J/stack/coadd.Open-J.02187166-02187202.C4.fits,/mnt/photometry/AT2025toy/field21112-2025-03-11/J/stack/GRB_J_C4_Data_2MASS_02187202.ecsv,2025-02-25,8.58,Circle,60.0,1,10,48.0,108.36698,18.90001,1.0,1.0,2.0,2.31,44.29,2.8,0.5952,0.62894,,,17.479,16.224,0.034,0.039,1.008,,17.573,,,,-0.341,,,-0.247,,0.034,2025-03-11,14,sci,['/mnt/photometry/AT2025toy/field21112-2026-01-11/J/stack/coadd.Open-J.03363417-03363453.C4.fits'],['field21112-2026-01-11'],['C4'],[16.161],[0.036],[17.524],[0.046],[17.545],[0.041],[320],[2.0],[1.0],[1.0],185796,AT,2025toy,108.3668553,18.89990116,,,,4,Pan-STARRS,4.0,Pan-STARRS,19.72,26.0,w,"K. C. Chambers, T. de Boer, J. Fairlamb, M. Huber, C.-C. Lin, T. Lowe, E. Magnier, P. Minguez, G. Paek, A. Schultz, I. A. Smith, R. J. Wainscoat (IfA, University of Hawaii), S. J. Smartt, K. W. Smith (University of Oxford / Queen's University Belfast), S. Srivastav (University of Oxford), D. R. Young, M. Fulton, M. Nicholl, T. Moore, J. Weston, C. R. Angus (Queen's University Belfast)",8/11/25 22:47,PS25ggs,2025TNSTR3143....1C,,8/11/25 22:47,8/11/25 22:47,,False,923.4402572805484,1.3490000000000002,-0.0015000000000018332,16.8515,12.906803449977012
AT2025rpa,field11990-2025-07-22,field11990,J,C1,/mnt/photometry/AT2025rpa/field11990-2025-07-22/J/stack/coadd.Open-J.02732530-02732566.C1.fits,/mnt/photometry/AT2025rpa/field11990-2025-07-22/J/stack/GRB_J_C1_Data_2MASS_02732566.ecsv,2025-07-12,8.58,Circle,60.0,1,10,48.0,3.66381,-13.6191,3.0,3.0,3.0,0.84,9.7,1.598,0.34309,-1.0,,,19.672,19.57,0.132,0.112,99.0,,19.801,,,,99.0,,,99.0,,0.189,2025-07-22,10,sci,['/mnt/photometry/AT2025rpa/field11990-2025-12-14/J/stack/coadd.Open-J.03291350-03291386.C1.fits'],['field11990-2025-12-14'],['C1'],[nan],[nan],[nan],[nan],[nan],[nan],[155],[nan],[nan],[nan],184385,AT,2025rpa,3.663907503,-13.61909907,,,,48,ZTF,48.0,ZTF,19.1808,111.0,r,"Jesper Sollerman (SU), Christoffer Fremling (Caltech), Daniel Perley (LJMU), Theophile du Laz (Caltech) on behalf of ZTF",7/20/25 18:43,"ZTF25abbawjj, GOTO25fid, PS25fsw, ATLAS25khk",2025TNSTR2791....1S,,7/20/25 18:43,8/2/25 16:14,,False,1248.0838054670055,0.2309999999999981,,19.621000000000002,-73.9463527284046
AT2025foi,field11845-2025-04-04,field11845,J,C4,/mnt/photometry/AT2025foi/field11845-2025-04-04/J/stack/coadd.Open-J.02277029-02277065.C4.fits,/mnt/photometry/AT2025foi/field11845-2025-04-04/J/stack/GRB_J_C4_Data_VHS_02277065.ecsv,2025-03-19,8.58,Circle,60.0,1,10,48.0,193.38042,-15.49013,2.0,1.0,2.0,1.43,23.94,1.447,0.27197,0.38979,,,18.387,17.741,0.056,0.085,0.681,,18.017,,,,0.405,,,0.035,,0.072,2025-04-04,16,sci,['/mnt/photometry/AT2025foi/field11845-2025-12-13/J/stack/coadd.Open-J.03289702-03289738.C4.fits'],['field11845-2025-12-13'],['C4'],[17.798],[0.065],[17.737],[0.034],[17.723],[0.045],[269],[1.0],[1.0],[1.0],175967,AT,2025foi,193.3803469,-15.49011289,,,,74,ALeRCE,48.0,ZTF,20.0194,111.0,r,"F. Forster, F.E. Bauer, G. Pignata, A. Munoz-Arancibia, A. Mourao, L. Hernandez-Garcia, L. Galbany, J. Silva-Farfan, R. Dastidar, J.P. Brandt, A. Alvarez, G. Cabrera-Vives, R. Carrasco-Davis, P.A. Estevez, B. Gamboa, P. Huijse, H. Larranaga, C. Mansilla, K. Medina, D. Moreno, E. Munoz, E. Pizarro, I. Reyes, P. Sanchez-Saez, D. Rodriguez-Mancini, M. Catelan, S. Eyheramendy, M.J. Graham on behalf of the ALeRCE broker",3/23/25 20:09,"ZTF25aajnimi, PS25frf",2025TNSTR1093....1F,,3/23/25 20:10,8/2/25 11:49,,False,894.9960212062442,0.2759999999999998,0.30350000000000144,18.064,47.5209600602068
AT2025syx,field8448-2025-07-12,field8448,J,C2,/mnt/photometry/AT2025syx/field8448-2025-07-12/J/stack/coadd.Open-J.02678702-02678738.C2.fits,/mnt/photometry/AT2025syx/field8448-2025-07-12/J/stack/GRB_J_C2_Data_VIKING_02678738.ecsv,2025-07-29,8.58,Circle,60.0,1,10,48.0,353.15127,-28.52474,2.0,2.0,2.0,4.29,414.98,1.235,2.61748,0.30463,,,14.927,12.928,0.007,0.022,2.163,,14.605,,,,0.485,,,0.163,,0.004,2025-07-12,-17,sci,['/mnt/photometry/AT2025syx/field8448-2025-12-13/J/stack/coadd.Open-J.03286750-03286786.C2.fits'],['field8448-2025-12-13'],['C2'],[12.95],[0.005],[14.829],[0.023],[14.963],[0.006],[137],[2.0],[2.0],[2.0],185363,AT,2025syx,353.1505671,-28.5251264,,,,48,ZTF,48.0,ZTF,18.6149,111.0,r,"Jesper Sollerman (SU), Christoffer Fremling (Caltech), Daniel Perley (LJMU), Theophile du Laz (Caltech) on behalf of ZTF",8/2/25 11:11,ZTF25abfmary,2025TNSTR3044....1S,,8/2/25 11:11,8/2/25 11:11,,False,771.8718345493999,1.6769999999999996,-0.028999999999999027,13.9275,-72.23399618558852
AT2025ssh,field6390-2025-07-28,field6390,J,C1,/mnt/photometry/AT2025ssh/field6390-2025-07-28/J/stack/coadd.Open-J.02770973-02771281.C1.fits,/mnt/photometry/AT2025ssh/field6390-2025-07-28/J/stack/GRB_J_C1_Data_2MASS_02771281.ecsv,2025-07-29,60.06,Random,90.0,1,15,48.0,97.33981,-36.60039,3.0,3.0,3.0,1.51,19.17,1.544,0.63962,-1.0,,,18.04,17.746,0.081,0.184,99.0,,17.934,,,,99.0,,,99.0,,0.057,2025-07-28,-1,sci,['/mnt/photometry/AT2025ssh/field6390-2023-12-24/J/stack/coadd.Open-J.00797674-00797710.C1.fits'],['field6390-2023-12-24'],['C1'],[17.746],[0.172],[17.849],[0.19],[17.929],[0.106],[-583],[3.0],[3.0],[3.0],185189,AT,2025ssh,97.339644,-36.600508,,,,71,DESGW,71.0,DESGW,21.08,23.0,i,Isaac McMahon,7/31/25 11:34,,2025TNSTR3000....1M,,7/31/25 11:34,7/31/25 11:34,,True,152.49101320824047,0.1880000000000024,0.05550000000000033,17.893,-20.07334122822074
AT2025sox,field10481-2025-08-06,field10481,J,C4,/mnt/photometry/AT2025sox/field10481-2025-08-06/J/stack/coadd.Open-J.02806794-02806830.C4.fits,/mnt/photometry/AT2025sox/field10481-2025-08-06/J/stack/GRB_J_C4_Data_VHS_02806830.ecsv,2025-07-20,8.58,Circle,60.0,1,10,48.0,5.688,-20.06874,0.0,0.0,0.0,1.57,144.97,1.941,0.22981,-1.0,,,16.203,15.331,0.01,0.03,99.0,,13.605,,,,99.0,,,99.0,,0.009,2025-08-06,17,sci,['/mnt/photometry/AT2025sox/field10481-2025-12-13/J/stack/coadd.Open-J.03287390-03287426.C4.fits'],['field10481-2025-12-13'],['C4'],[15.382],[0.014],[16.068],[0.022],[16.161],[0.013],[146],[0.0],[0.0],[0.0],185091,AT,2025sox,5.6879835,-20.0686733,,,,48,ZTF,48.0,ZTF,18.4991,111.0,r,"Jesper Sollerman (SU), Christoffer Fremling (Caltech), Daniel Perley (LJMU), Theophile du Laz (Caltech) on behalf of ZTF",7/29/25 15:02,"ZTF25abchqde, , GOTO25foi",2025TNSTR2976....1S,,7/29/25 15:02,7/29/25 15:02,,False,849.669017126495,1.725999999999999,-0.004500000000001059,15.767,-80.2592085486948
AT2025qrw,field12121-2025-04-12,field12121,J,C1,/mnt/photometry/AT2025qrw/field12121-2025-04-12/J/stack/coadd.Open-J.02295899-02295935.C1.fits,/mnt/photometry/AT2025qrw/field12121-2025-04-12/J/stack/GRB_J_C1_Data_VHS_02295935.ecsv,2025-03-25,8.58,Circle,60.0,1,10,48.0,156.92675,-13.90293,1.0,1.0,2.0,1.39,10.95,3.089,1.1013,0.94132,,,18.993,18.209,0.148,0.136,0.643,,18.945,,,,-0.094,,,-0.141,,0.145,2025-04-12,18,sci,['/mnt/photometry/AT2025qrw/field12121-2026-01-12/J/stack/coadd.Open-J.03365133-03365169.C1.fits'],['field12121-2026-01-12'],['C1'],[18.081],[0.088],[18.826],[0.074],[18.79],[0.072],[293],[2.0],[1.0],[1.0],183730,AT,2025qrw,156.9267134,-13.90262562,,,,4,Pan-STARRS,4.0,Pan-STARRS,21.16,26.0,w,"K. C. Chambers, T. de Boer, J. Fairlamb, M. Huber, C.-C. Lin, T. Lowe, E. Magnier, P. Minguez, G. Paek, A. Schultz, I. A. Smith, R. J. Wainscoat (IfA, University of Hawaii), S. J. Smartt, K. W. Smith (University of Oxford / Queen's University Belfast), S. Srivastav (University of Oxford), D. R. Young, M. Fulton, M. Nicholl, T. Moore, J. Weston, C. R. Angus (Queen's University Belfast)",7/10/25 0:10,PS25esh,2025TNSTR2642....1C,,7/10/25 0:10,7/10/25 0:10,,False,596.4786093727851,0.7360000000000007,0.16549999999999976,18.601,36.05641889840857
AT2025qnv,field12281-2025-07-23,field12281,J,C1,/mnt/photometry/AT2025qnv/field12281-2025-07-23/J/stack/coadd.Open-J.02738782-02738818.C1.fits,/mnt/photometry/AT2025qnv/field12281-2025-07-23/J/stack/GRB_J_C1_Data_2MASS_02738818.ecsv,2025-07-05,8.58,Circle,60.0,1,10,48.0,344.71191,-13.48132,1.0,1.0,2.0,1.67,83.44,1.147,0.93238,0.36924,,,16.987,16.104,0.018,0.029,0.7,,17.02,,,,-0.216,,,-0.183,,0.021,2025-07-23,18,sci,"['/mnt/photometry/AT2025qnv/field12281-2025-12-14/J/stack/coadd.Open-J.03290950-03290986.C1.fits', '/mnt/photometry/AT2025qnv/field12281-2025-12-17/J/stack/coadd.Open-J.03303354-03303390.C1.fits']","['field12281-2025-12-14', 'field12281-2025-12-17']","['C1', 'C1']","[17.068, 17.175]","[0.029, 0.029]","[17.794, 17.781]","[0.028, 0.026]","[nan, nan]","[nan, nan]","[162, 165]","[nan, nan]","[nan, nan]","[nan, nan]",183623,AT,2025qnv,344.7116735,-13.4811983,,,,48,ZTF,48.0,ZTF,20.1601,110.0,g,"Jesper Sollerman (SU), Christoffer Fremling (Caltech), Daniel Perley (LJMU), Theophile du Laz (Caltech) on behalf of ZTF",7/7/25 14:25,ZTF25aazvkmx,2025TNSTR2599....1S,,7/7/25 14:25,7/7/25 14:25,,False,1004.690027140945,0.9160000000000004,-1.0175000000000018,16.545499999999997,-60.17993559977242
AT2025pym,field12765-2025-04-28,field12765,J,C4,/mnt/photometry/AT2025pym/field12765-2025-04-28/J/stack/coadd.Open-J.02366218-02366254.C4.fits,/mnt/photometry/AT2025pym/field12765-2025-04-28/J/stack/GRB_J_C4_Data_VHS_02366254.ecsv,2025-04-28,8.58,Circle,60.0,1,10,48.0,188.58353,-12.19437,2.0,1.0,2.0,1.91,18.58,1.057,2.01009,0.29978,,,18.791,17.678,0.082,0.236,1.201,,12.008,,,,6.871,,,0.088,,0.085,2025-04-28,0,sci,['/mnt/photometry/AT2025pym/field12765-2025-04-16/J/stack/coadd.Open-J.02310695-02310731.C4.fits'],['field12765-2025-04-16'],['C4'],[17.845],[0.074],[18.861],[0.064],[18.77],[0.07],[-12],[2.0],[1.0],[1.0],183216,AT,2025pym,188.5836217,-12.19492011,,,,4,Pan-STARRS,4.0,Pan-STARRS,21.1,26.0,w,"K. C. Chambers, T. de Boer, J. Fairlamb, M. Huber, C.-C. Lin, T. Lowe, E. Magnier, P. Minguez, G. Paek, A. Schultz, I. A. Smith, R. J. Wainscoat (IfA, University of Hawaii), S. J. Smartt, K. W. Smith (University of Oxford / Queen's University Belfast), S. Srivastav (University of Oxford), D. R. Young, M. Fulton, M. Nicholl, T. Moore, J. Weston, C. R. Angus (Queen's University Belfast)",7/1/25 19:37,PS25egv,2025TNSTR2511....1C,,7/1/25 19:37,7/1/25 19:37,,False,981.4389952411775,5.670000000000002,-0.07299999999999862,18.2345,50.56443686506199
AT2025pwa,field16206-2025-05-31,field16206,J,C1,/mnt/photometry/AT2025pwa/field16206-2025-05-31/J/stack/coadd.Open-J.02512017-02512053.C1.fits,/mnt/photometry/AT2025pwa/field16206-2025-05-31/J/stack/GRB_J_C1_Data_VIKING_02512053.ecsv,2025-06-13,8.58,Circle,60.0,1,10,48.0,169.76316,1.29541,2.0,2.0,2.0,2.72,40.47,1.583,0.73264,0.23924,,,17.751,16.596,0.048,0.036,1.637,,17.551,,,,0.681,,,0.481,,0.042,2025-05-31,-13,sci,['/mnt/photometry/AT2025pwa/field16206-2026-01-12/J/stack/coadd.Open-J.03365613-03365649.C1.fits'],['field16206-2026-01-12'],['C1'],[16.515],[0.038],[18.112],[0.052],[17.958],[0.037],[213],[2.0],[1.0],[2.0],183152,AT,2025pwa,169.7632573,1.295587884,,,,4,Pan-STARRS,4.0,Pan-STARRS,20.42,26.0,w,"K. C. Chambers, T. de Boer, J. Fairlamb, M. Huber, C.-C. Lin, T. Lowe, E. Magnier, P. Minguez, G. Paek, A. Schultz, I. A. Smith, R. J. Wainscoat (IfA, University of Hawaii), S. J. Smartt, K. W. Smith (University of Oxford / Queen's University Belfast), S. Srivastav (University of Oxford), D. R. Young, M. Fulton, M. Nicholl, T. Moore, J. Weston, C. R. Angus (Queen's University Belfast)",7/1/25 14:17,PS25edy,2025TNSTR2511....1C,,7/1/25 14:17,7/1/25 14:17,,False,1238.8662117240283,0.9549999999999983,-0.06299999999999883,17.1735,55.8742527799817
AT2025plk,field12752-2025-04-16,field12752,J,C1,/mnt/photometry/AT2025plk/field12752-2025-04-16/J/stack/coadd.Open-J.02310175-02310211.C1.fits,/mnt/photometry/AT2025plk/field12752-2025-04-16/J/stack/GRB_J_C1_Data_VHS_02310211.ecsv,2025-03-28,8.58,Circle,60.0,1,10,48.0,173.10496,-11.63218,0.0,0.0,0.0,2.13,17.66,1.148,0.10577,-1.0,,,19.248,18.041,0.088,0.092,99.0,,19.471,,,,99.0,,,99.0,,0.097,2025-04-16,19,sci,['/mnt/photometry/AT2025plk/field12752-2025-04-28/J/stack/coadd.Open-J.02365698-02365734.C1.fits'],['field12752-2025-04-28'],['C1'],[17.826],[0.085],[19.465],[0.096],[19.321],[0.103],[31],[0.0],[0.0],[0.0],182876,AT,2025plk,173.1049753,-11.63215947,,,,4,Pan-STARRS,4.0,Pan-STARRS,21.05,26.0,w,"K. C. Chambers, T. de Boer, J. Fairlamb, M. Huber, C.-C. Lin, T. Lowe, E. Magnier, P. Minguez, G. Paek, A. Schultz, I. A. Smith, R. J. Wainscoat (IfA, University of Hawaii), S. J. Smartt, K. W. Smith (University of Oxford / Queen's University Belfast), S. Srivastav (University of Oxford), D. R. Young, M. Fulton, M. Nicholl, T. Moore, J. Weston, C. R. Angus (Queen's University Belfast)",6/30/25 20:40,PS25dsi,2025TNSTR2493....1C,,6/30/25 20:40,6/30/25 20:40,,False,535.4374520388596,1.4299999999999997,0.07099999999999973,18.6445,46.744987882264006
AT2025ope,field13674-2025-04-15,field13674,J,C4,/mnt/photometry/AT2025ope/field13674-2025-04-15/J/stack/coadd.Open-J.02305463-02305499.C4.fits,/mnt/photometry/AT2025ope/field13674-2025-04-15/J/stack/GRB_J_C4_Data_VHS_02305499.ecsv,2025-03-29,8.58,Circle,60.0,1,10,48.0,159.19055,-8.78531,1.0,2.0,2.0,0.85,15.19,1.36,0.74101,0.30223,,,18.549,18.507,0.08,0.48,0.403,,18.883,,,,0.026,,,0.36,,0.12,2025-04-15,17,sci,['/mnt/photometry/AT2025ope/field13674-2026-01-12/J/stack/coadd.Open-J.03365293-03365369.C4.fits'],['field13674-2026-01-12'],['C4'],[18.552],[0.064],[18.706],[0.038],[18.595],[0.05],[289],[2.0],[2.0],[2.0],182277,AT,2025ope,159.1906109,-8.785509764,,,,114,DESIRT,114.0,DESIRT,22.1318,21.0,g,"Xander J. Hall (Carnegie Mellon U.), Lei Hu (Carnegie Mellon U.), Antonella Palmese (Carnegie Mellon U.), Brendan O'Connor (Carnegie Mellon U.), Yuhan Chen (UC Berkeley), Aidan Catalano (Carnegie Mellon U.), Xingzhuo Chen (Texas A&M U.), Lifan Wang (Texas A&M U.), Tomás Cabrera (Carnegie Mellon U.), Keerthi Kunnumkai (Carnegie Mellon U.) on behalf of the DECam DESI Transients Survey team",6/22/25 5:15,C202503291036457m084708,2025TNSTR2347....1H,,6/22/25 5:15,6/22/25 5:15,,False,1011.4503946841337,0.37599999999999767,-0.045499999999998764,18.528,41.37146859803056
AT2025nvd,field15896-2025-05-27,field15896,J,C1,/mnt/photometry/AT2025nvd/field15896-2025-05-27/J/stack/coadd.Open-J.02494299-02494335.C1.fits,/mnt/photometry/AT2025nvd/field15896-2025-05-27/J/stack/GRB_J_C1_Data_VIKING_02494335.ecsv,2025-06-14,8.58,Circle,60.0,1,10,48.0,176.68342,-0.20286,1.0,1.0,2.0,1.24,27.36,1.177,2.34905,0.14511,,,18.243,17.655,0.048,0.06,0.691,,18.437,,,,-0.091,,,0.103,,0.071,2025-05-27,-18,sci,['/mnt/photometry/AT2025nvd/field15896-2026-01-12/J/stack/coadd.Open-J.03365693-03365729.C1.fits'],['field15896-2026-01-12'],['C1'],[17.687],[0.066],[18.311],[0.05],[18.237],[0.049],[212],[2.0],[1.0],[1.0],181753,AT,2025nvd,176.682833,-0.203136,,,,154,WFST,154.0,WFST,22.85,152.0,g,"Zelin Xu, Dezheng Meng, Ji-an Jiang, Weiyu Wu, Zhengyan Liu, Junhan Zhao, Ziqing Jia (USTC) on behalf of the WFST collaboration",6/17/25 13:05,WFST0636qml,2025TNSTR2260....1X,,6/17/25 13:07,6/17/25 13:07,,False,755.9916877932594,0.782,-0.0129999999999999,17.948999999999998,58.52117626415942
AT2025lbx,field16523-2025-06-01,field16523,J,C2,/mnt/photometry/AT2025lbx/field16523-2025-06-01/J/stack/coadd.Open-J.02519569-02519605.C2.fits,/mnt/photometry/AT2025lbx/field16523-2025-06-01/J/stack/GRB_J_C2_Data_VIKING_02519605.ecsv,2025-05-19,8.58,Circle,60.0,1,10,48.0,171.27176,2.18061,1.0,2.0,2.0,1.05,19.43,1.17,0.67556,0.28614,,,18.434,17.939,0.062,0.059,0.779,,18.664,,,,0.054,,,0.284,,0.092,2025-06-01,13,sci,['/mnt/photometry/AT2025lbx/field16523-2026-01-12/J/stack/coadd.Open-J.03365653-03365689.C2.fits'],['field16523-2026-01-12'],['C2'],[18.861],[0.073],[18.79],[0.344],[18.747],[0.083],[238],[1.0],[1.0],[1.0],179872,AT,2025lbx,171.2716444,2.180764517,,,,154,WFST,154.0,WFST,20.03,152.0,g,"Zelin Xu, Dezheng Meng, Ji-an Jiang, Weiyu Wu, Zhengyan Liu, Junhan Zhao, Ziqing Jia (USTC) on behalf of the WFST collaboration",5/22/25 8:57,"WFST0606bnne, ATLAS25fmw, ZTF25aarnynr, PS25dhl",2025TNSTR1900....1X,,5/22/25 8:58,6/14/25 19:42,,False,499.27799566914655,0.7250000000000014,-0.6174999999999997,18.186500000000002,57.507346632650936
AT2025nfv,field15257-2025-05-23,field15257,J,C3,/mnt/photometry/AT2025nfv/field15257-2025-05-23/J/stack/coadd.Open-J.02468199-02468235.C3.fits,/mnt/photometry/AT2025nfv/field15257-2025-05-23/J/stack/GRB_J_C3_Data_VIKING_02468235.ecsv,2025-06-11,8.58,Circle,60.0,1,10,48.0,168.56327,-3.11008,1.0,1.0,2.0,1.08,36.29,1.178,0.15015,0.07332,,,17.788,17.439,0.034,0.034,0.313,,17.653,,,,0.1,,,-0.035,,0.049,2025-05-23,-19,sci,['/mnt/photometry/AT2025nfv/field15257-2025-12-13/J/stack/coadd.Open-J.03289582-03289618.C3.fits'],['field15257-2025-12-13'],['C3'],[17.578],[0.057],[17.79],[0.041],[17.751],[0.043],[185],[2.0],[1.0],[1.0],181336,AT,2025nfv,168.5632331,-3.1101019,,,,74,ALeRCE,48.0,ZTF,18.7633,110.0,g,"A. Munoz-Arancibia, F.E. Bauer, G. Pignata, F. Forster, A. Mourao, S. Jurado, L. Hernandez-Garcia, L. Galbany, J. Silva-Farfan, R. Dastidar, J.P. Brandt, A. Alvarez, F. Andrades, G. Cabrera-Vives, R. Carrasco-Davis, P.A. Estevez, P. Huijse, H. Larranaga, C. Mansilla, K. Medina, D. Moreno, E. Munoz, I. Reyes, P. Sanchez-Saez, D. Rodriguez-Mancini, M. Catelan, S. Eyheramendy, M.J. Graham on behalf of the ALeRCE broker",6/11/25 14:06,"ZTF25aaumykp, GOTO25dmq",2025TNSTR2177....1M,,6/11/25 14:06,6/11/25 14:06,,False,737.4732319421248,0.21399999999999864,-0.051000000000000156,17.613500000000002,51.660714808850834
AT2025kov,field12771-2025-04-28,field12771,J,C3,/mnt/photometry/AT2025kov/field12771-2025-04-28/J/stack/coadd.Open-J.02366458-02366494.C3.fits,/mnt/photometry/AT2025kov/field12771-2025-04-28/J/stack/GRB_J_C3_Data_VHS_02366494.ecsv,2025-05-17,8.58,Circle,60.0,1,10,48.0,194.84889,-12.08209,1.0,2.0,2.0,3.25,193.95,1.165,0.57594,0.23161,,,16.486,14.451,0.014,0.046,2.136,,16.455,,,,0.132,,,0.101,,0.008,2025-04-28,-19,sci,['/mnt/photometry/AT2025kov/field12771-2025-04-16/J/stack/coadd.Open-J.02310935-02310971.C3.fits'],['field12771-2025-04-16'],['C3'],[14.362],[0.008],[16.219],[0.064],[16.736],[0.017],[-31],[2.0],[2.0],[2.0],179525,AT,2025kov,194.8487877,-12.08220875,,,,59,GOTO,59.0,GOTO,17.88,120.0,L,"G. Ramsay, D. O'Neill, K. Ackley, M. Dyer, J. Lyman, K. Ulaczyk, D. Steeghs, D. Galloway, V. Dhillon, P. O'Brien, K. Noysena, R. Kotak, R. Breton, J. Casares, L. Nuttall, B. Godson, T. Killestein, A. Kumar, M. Pursiainen, on behalf of GOTO collaboration",5/17/25 12:23,"GOTO25crr, ATLAS25fhi, PS25dbc, ZTF23aahmpnb",2025TNSTR1817....1R,,5/17/25 12:23,5/31/25 20:46,,False,571.6802037232269,2.003999999999998,-0.0804999999999998,15.4685,50.89585177557251
AT2025kov,field12770-2025-04-28,field12770,J,C4,/mnt/photometry/AT2025kov/field12770-2025-04-28/J/stack/coadd.Open-J.02366418-02366454.C4.fits,/mnt/photometry/AT2025kov/field12770-2025-04-28/J/stack/GRB_J_C4_Data_VHS_02366454.ecsv,2025-05-17,8.58,Circle,60.0,1,10,48.0,194.84913,-12.08196,1.0,2.0,2.0,3.03,143.7,1.218,1.52157,0.88155,,,16.519,14.559,0.017,0.05,2.025,,16.481,,,,0.103,,,0.064,,0.012,2025-04-28,-19,sci,['/mnt/photometry/AT2025kov/field12770-2025-04-16/J/stack/coadd.Open-J.02310895-02310931.C4.fits'],['field12770-2025-04-16'],['C4'],[14.465],[0.011],[9.547],[0.084],[16.485],[0.016],[-31],[2.0],[2.0],[2.0],179525,AT,2025kov,194.8487877,-12.08220875,,,,59,GOTO,59.0,GOTO,17.88,120.0,L,"G. Ramsay, D. O'Neill, K. Ackley, M. Dyer, J. Lyman, K. Ulaczyk, D. Steeghs, D. Galloway, V. Dhillon, P. O'Brien, K. Noysena, R. Kotak, R. Breton, J. Casares, L. Nuttall, B. Godson, T. Killestein, A. Kumar, M. Pursiainen, on behalf of GOTO collaboration",5/17/25 12:23,"GOTO25crr, ATLAS25fhi, PS25dbc, ZTF23aahmpnb",2025TNSTR1817....1R,,5/17/25 12:23,5/31/25 20:46,,False,425.25954584322994,1.9220000000000024,0.06399999999999917,15.538999999999998,50.89585177557251
AT2025lri,field13385-2025-05-06,field13385,J,C1,/mnt/photometry/AT2025lri/field13385-2025-05-06/J/stack/coadd.Open-J.02398621-02398657.C1.fits,/mnt/photometry/AT2025lri/field13385-2025-05-06/J/stack/GRB_J_C1_Data_VHS_02398657.ecsv,2025-05-20,8.58,Circle,60.0,1,10,48.0,185.91005,-9.23984,2.0,2.0,2.0,1.06,141.19,1.192,3.18231,0.87621,,,15.897,15.5,0.009,0.018,0.522,,15.949,,,,0.073,,,0.125,,0.01,2025-05-06,-14,sci,['/mnt/photometry/AT2025lri/field13385-2025-05-04/J/stack/coadd.Open-J.02383261-02383297.C1.fits'],['field13385-2025-05-04'],['C1'],[15.526],[0.011],[15.946],[0.017],[15.897],[0.009],[-16],[2.0],[2.0],[2.0],180273,AT,2025lri,185.9091512,-9.239855645,,,,114,DESIRT,114.0,DESIRT,19.3347,22.0,r,"Xander J. Hall (Carnegie Mellon U.), Tomás Ahumada (Caltech), Lei Hu (Carnegie Mellon U.), Antonella Palmese (Carnegie Mellon U.), Brendan O'Connor (Carnegie Mellon U.), Tomás Cabrera (Carnegie Mellon U.), Keerthi Kunnumkai (Carnegie Mellon U.) on behalf of 2DTS/ZTF",5/23/25 21:13,T202505201223382m091423,2025TNSTR1913....1H,,5/23/25 21:16,5/23/25 21:16,,False,1332.563543141772,0.44899999999999984,-0.0129999999999999,15.6985,53.093194293858055
AT2025lnp,field13384-2025-05-04,field13384,J,C4,/mnt/photometry/AT2025lnp/field13384-2025-05-04/J/stack/coadd.Open-J.02383221-02383257.C4.fits,/mnt/photometry/AT2025lnp/field13384-2025-05-04/J/stack/GRB_J_C4_Data_VHS_02383257.ecsv,2025-05-20,8.58,Circle,60.0,1,10,48.0,185.07994,-9.69515,0.0,0.0,0.0,0.78,172.61,1.112,0.51564,-1.0,,,14.98,14.975,0.007,0.265,99.0,,17.302,,,,99.0,,,99.0,,0.007,2025-05-04,-16,sci,['/mnt/photometry/AT2025lnp/field13384-2025-05-06/J/stack/coadd.Open-J.02398581-02398617.C4.fits'],['field13384-2025-05-06'],['C4'],[15.522],[0.012],[15.943],[0.022],[15.826],[0.01],[-14],[0.0],[0.0],[0.0],180176,AT,2025lnp,185.0798268,-9.695057992,,,,114,DESIRT,114.0,DESIRT,16.9812,22.0,r,"Xander J. Hall (Carnegie Mellon U.), Tomás Ahumada (Caltech), Lei Hu (Carnegie Mellon U.), Antonella Palmese (Carnegie Mellon U.), Brendan O'Connor (Carnegie Mellon U.), Tomás Cabrera (Carnegie Mellon U.), Keerthi Kunnumkai (Carnegie Mellon U.) on behalf of 2DTS/ZTF",5/23/25 21:13,T202505201220192m094142,2025TNSTR1913....1H,,5/23/25 21:14,5/23/25 21:14,,False,1056.2008877068934,2.327,-0.6965000000000003,14.9775,52.48589338042579
AT2025lne,field13383-2025-05-06,field13383,J,C3,/mnt/photometry/AT2025lne/field13383-2025-05-06/J/stack/coadd.Open-J.02398541-02398577.C3.fits,/mnt/photometry/AT2025lne/field13383-2025-05-06/J/stack/GRB_J_C3_Data_VHS_02398577.ecsv,2025-05-20,8.58,Circle,60.0,1,10,48.0,183.66913,-9.63951,1.0,2.0,2.0,1.2,60.99,1.583,0.99265,0.91201,,,17.028,16.602,0.022,0.024,0.515,,17.06,,,,0.058,,,0.09,,0.029,2025-05-06,-14,sci,['/mnt/photometry/AT2025lne/field13383-2025-05-04/J/stack/coadd.Open-J.02383181-02383217.C3.fits'],['field13383-2025-05-04'],['C3'],[16.613],[0.031],[17.161],[0.027],[17.096],[0.022],[-16],[2.0],[1.0],[1.0],180165,AT,2025lne,183.6692092,-9.639776417,,,,114,DESIRT,114.0,DESIRT,21.1375,22.0,r,"Xander J. Hall (Carnegie Mellon U.), Tomás Ahumada (Caltech), Lei Hu (Carnegie Mellon U.), Antonella Palmese (Carnegie Mellon U.), Brendan O'Connor (Carnegie Mellon U.), Tomás Cabrera (Carnegie Mellon U.), Keerthi Kunnumkai (Carnegie Mellon U.) on behalf of 2DTS/ZTF",5/23/25 21:13,A202505201214406m093823,2025TNSTR1913....1H,,5/23/25 21:14,5/23/25 21:14,,False,772.0841853627203,0.4579999999999984,-0.03950000000000031,16.814999999999998,52.22946373201108
AT2025kqj,field13674-2025-04-15,field13674,J,C4,/mnt/photometry/AT2025kqj/field13674-2025-04-15/J/stack/coadd.Open-J.02305463-02305499.C4.fits,/mnt/photometry/AT2025kqj/field13674-2025-04-15/J/stack/GRB_J_C4_Data_VHS_02305499.ecsv,2025-05-04,8.58,Circle,60.0,1,10,48.0,159.08456,-8.57217,0.0,0.0,0.0,1.73,35.4,1.184,0.57844,-1.0,,,17.614,16.647,0.042,0.15,99.0,,15.508,,,,99.0,,,99.0,,0.043,2025-04-15,-19,sci,['/mnt/photometry/AT2025kqj/field13674-2026-01-12/J/stack/coadd.Open-J.03365293-03365369.C4.fits'],['field13674-2026-01-12'],['C4'],[16.623],[0.061],[18.295],[0.066],[18.243],[0.057],[253],[0.0],[0.0],[0.0],179565,AT,2025kqj,159.0844129,-8.572238494,,,,114,DESIRT,114.0,DESIRT,21.4227,23.0,i,"Xander J. Hall (Carnegie Mellon U.), Lei Hu (Carnegie Mellon U.), Antonella Palmese (Carnegie Mellon U.), Brendan O'Connor (Carnegie Mellon U.), Yuhan Chen (UC Berkeley), Aidan Catalano (Carnegie Mellon U.), Xingzhuo Chen (Texas A&M U.), Lifan Wang (Texas A&M U.), Tomás Cabrera (Carnegie Mellon U.), Keerthi Kunnumkai (Carnegie Mellon U.) on behalf of the DECam DESI Transients Survey team",5/18/25 19:30,C202504181036203m083420,2025TNSTR1825....1H,,5/18/25 19:30,5/18/25 19:30,,True,351.56931364803404,1.1389999999999993,-0.3025000000000002,17.130499999999998,41.46091847405398
AT2025kjv,field18073-2025-03-28,field18073,J,C4,/mnt/photometry/AT2025kjv/field18073-2025-03-28/J/stack/coadd.Open-J.02241564-02241762.C4.fits,/mnt/photometry/AT2025kjv/field18073-2025-03-28/J/stack/GRB_J_C4_Data_UKIDSS_J_02241762.ecsv,2025-03-29,60.06,Circle,240.0,1,10,48.0,143.0776,7.3849,1.0,2.0,2.0,1.64,53.29,1.483,1.97722,0.18074,,,18.168,17.348,0.029,0.084,1.048,,18.465,,,,-0.069,,,0.228,,0.038,2025-03-28,-1,sci,['/mnt/photometry/AT2025kjv/field18073-2025-04-01/J/stack/coadd.Open-J.02265489-02265687.C4.fits'],['field18073-2025-04-01'],['C4'],[17.361],[0.032],[18.858],[0.125],[18.196],[0.03],[3],[2.0],[2.0],[2.0],179381,AT,2025kjv,143.077064,7.385021,,,,71,DESGW,71.0,DESGW,22.3,22.0,r,Isaac McMahon,5/13/25 17:23,,2025TNSTR1768....1M,,5/13/25 17:23,5/13/25 17:23,,False,1377.0365410001314,1.1170000000000009,-0.02050000000000196,17.758,38.70047405537394
SN2025ihl,field12740-2025-04-28,field12740,J,C4,/mnt/photometry/SN2025ihl/field12740-2025-04-28/J/stack/coadd.Open-J.02365218-02365254.C4.fits,/mnt/photometry/SN2025ihl/field12740-2025-04-28/J/stack/GRB_J_C4_Data_VHS_02365254.ecsv,2025-04-21,8.58,Circle,60.0,1,10,48.0,159.60042,-11.95352,2.0,2.0,2.0,1.32,147.94,1.736,0.15609,0.11561,,,15.808,15.248,0.009,0.053,0.682,,15.319,,,,0.611,,,0.122,,0.01,2025-04-28,7,sci,['/mnt/photometry/SN2025ihl/field12740-2025-04-16/J/stack/coadd.Open-J.02309695-02309731.C4.fits'],['field12740-2025-04-16'],['C4'],[15.265],[0.01],[15.717],[0.023],[15.811],[0.009],[-5],[2.0],[2.0],[2.0],177884,SN,2025ihl,159.6004048,-11.95356356,0.062,3.0,SN Ia,74,ALeRCE,48.0,ZTF,18.4125,110.0,g,"A. Munoz-Arancibia, F.E. Bauer, G. Pignata, F. Forster, A. Mourao, S. Jurado, L. Hernandez-Garcia, L. Galbany, J. Silva-Farfan, R. Dastidar, J.P. Brandt, A. Alvarez, G. Cabrera-Vives, R. Carrasco-Davis, P.A. Estevez, B. Gamboa, P. Huijse, H. Larranaga, C. Mansilla, K. Medina, D. Moreno, E. Munoz, I. Reyes, P. Sanchez-Saez, D. Rodriguez-Mancini, M. Catelan, S. Eyheramendy, M.J. Graham on behalf of the ALeRCE broker",4/24/25 14:03,"ZTF19aahfevh, GOTO25cqk",2025TNSTR1515....1M,2025TNSCR1747....1C,4/24/25 14:03,5/10/25 19:59,,False,1329.0670701879053,0.0710000000000015,-0.010000000000000675,15.527999999999999,39.22585647113169
AT2025jxs,field19291-2025-03-06,field19291,J,C1,/mnt/photometry/AT2025jxs/field19291-2025-03-06/J/stack/coadd.Open-J.02167102-02167138.C1.fits,/mnt/photometry/AT2025jxs/field19291-2025-03-06/J/stack/GRB_J_C1_Data_2MASS_02167138.ecsv,2025-02-21,8.58,Circle,60.0,1,10,48.0,112.10052,12.33552,0.0,0.0,0.0,1.38,7.78,1.154,3.95182,-1.0,,,19.1,18.725,0.123,0.137,99.0,,19.517,,,,99.0,,,99.0,,0.127,2025-03-06,13,sci,['/mnt/photometry/AT2025jxs/field19291-2026-01-11/J/stack/coadd.Open-J.03363457-03363493.C1.fits'],['field19291-2026-01-11'],['C1'],[18.76],[0.144],[19.274],[0.103],[19.355],[0.15],[324],[0.0],[0.0],[0.0],179058,AT,2025jxs,112.101569,12.33592679,,,,4,Pan-STARRS,4.0,Pan-STARRS,19.93,26.0,w,"K. C. Chambers, T. de Boer, J. Fairlamb, M. Huber, C.-C. Lin, T. Lowe, E. Magnier, P. Minguez, G. Paek, A. Schultz, I. A. Smith, R. J. Wainscoat (IfA, University of Hawaii), S. J. Smartt, K. W. Smith (University of Oxford / Queen's University Belfast), S. Srivastav (University of Oxford), D. R. Young, M. Fulton, M. Nicholl, T. Moore, J. Weston, C. R. Angus (Queen's University Belfast)",5/6/25 22:30,PS25ckm,2025TNSTR1689....1C,,5/6/25 22:30,5/6/25 22:30,,False,461.3267028027326,0.791999999999998,-0.14499999999999957,18.9125,13.421175193377787
AT2025crt,field13095-2025-03-09,field13095,H,C2,/mnt/photometry/AT2025crt/field13095-2025-03-09/H/stack/coadd.Open-H.02175654-02176950.C2.fits,/mnt/photometry/AT2025crt/field13095-2025-03-09/H/stack/GRB_H_C2_Data_VHS_02176950.ecsv,2025-02-20,8.58,Random,90.0,1,10,48.0,211.46646,-10.43512,2.0,2.0,2.0,2.94,99.63,2.603,2.81813,0.1299,,,16.495,15.144,0.016,0.021,1.663,,16.3,,,,0.506,,,0.311,,0.019,2025-03-09,17,sci,['/mnt/photometry/AT2025crt/field13095-2025-03-12/H/stack/coadd.Open-H.02193666-02193702.C2.fits'],['field13095-2025-03-12'],['C2'],[15.162],[0.019],[16.605],[0.05],[16.517],[0.018],[20],[2.0],[2.0],[2.0],173440,AT,2025crt,211.466041,-10.43578455,,,,48,ZTF,48.0,ZTF,20.1492,110.0,g,"Jesper Sollerman (SU), Christoffer Fremling (Caltech), Daniel Perley (LJMU), Theophile du Laz (Caltech) on behalf of ZTF",2/25/25 11:03,"ZTF25aaggnbe, BGEM J140551.84-102608.9, PS20euk",2025TNSTR.781....1S,,2/25/25 11:03,5/4/25 23:30,,False,1070.2593607713989,1.1560000000000006,-0.019999999999999574,15.819500000000001,48.57768718593572
AT2025crt,field13095-2025-03-09,field13095,J,C2,/mnt/photometry/AT2025crt/field13095-2025-03-09/J/stack/coadd.Open-J.02175614-02176906.C2.fits,/mnt/photometry/AT2025crt/field13095-2025-03-09/J/stack/GRB_J_C2_Data_VHS_02176906.ecsv,2025-02-20,8.58,Random,90.0,1,10,48.0,211.46645,-10.43512,2.0,2.0,2.0,3.09,102.45,2.86,2.80569,0.10985,,,16.803,15.411,0.017,0.021,1.691,,16.649,,,,0.453,,,0.299,,0.014,2025-03-09,17,sci,"['/mnt/photometry/AT2025crt/field13095-2025-03-12/J/stack/coadd.Open-J.02193622-02193658.C2.fits', '/mnt/photometry/AT2025crt/field13095-2025-04-17/J/stack/coadd.Open-J.02316423-02316459.C2.fits']","['field13095-2025-03-12', 'field13095-2025-04-17']","['C2', 'C2']","[15.425, 15.35]","[0.02, 0.017]","[16.799, 16.712]","[0.028, 0.027]","[16.874, 16.877]","[0.022, 0.021]","[20, 56]","[2.0, 2.0]","[2.0, 2.0]","[2.0, 2.0]",173440,AT,2025crt,211.466041,-10.43578455,,,,48,ZTF,48.0,ZTF,20.1492,110.0,g,"Jesper Sollerman (SU), Christoffer Fremling (Caltech), Daniel Perley (LJMU), Theophile du Laz (Caltech) on behalf of ZTF",2/25/25 11:03,"ZTF25aaggnbe, BGEM J140551.84-102608.9, PS20euk",2025TNSTR.781....1S,,2/25/25 11:03,5/4/25 23:30,,False,1037.1147999183454,1.2380000000000013,-0.024499999999998856,16.107,48.57768718593572
AT2025iyx,field12444-2025-04-14,field12444,J,C3,/mnt/photometry/AT2025iyx/field12444-2025-04-14/J/stack/coadd.Open-J.02302923-02302959.C3.fits,/mnt/photometry/AT2025iyx/field12444-2025-04-14/J/stack/GRB_J_C3_Data_VHS_02302959.ecsv,2025-04-30,8.58,Circle,60.0,1,10,48.0,174.7936,-13.0814,2.0,2.0,2.0,2.63,41.71,1.368,0.72475,0.2287,,,17.938,16.589,0.047,0.065,1.517,,17.38,,,,0.726,,,0.168,,0.038,2025-04-14,-16,sci,['/mnt/photometry/AT2025iyx/field12444-2025-12-13/J/stack/coadd.Open-J.03289542-03289578.C3.fits'],['field12444-2025-12-13'],['C3'],[16.435],[0.045],[17.809],[0.045],[17.907],[0.044],[227],[2.0],[2.0],[2.0],178367,AT,2025iyx,174.7936057,-13.0812031,,,,48,ZTF,48.0,ZTF,20.05,110.0,g,"Jesper Sollerman (SU), Christoffer Fremling (Caltech), Daniel Perley (LJMU), Theophile du Laz (Caltech) on behalf of ZTF",5/2/25 9:48,ZTF25aapgruc,2025TNSTR1632....1S,,5/2/25 9:48,5/2/25 9:48,,False,1777.7986821545892,0.7910000000000004,0.09249999999999936,17.2635,46.13645311365986
AT2025irr,field10031-2025-04-06,field10031,J,C3,/mnt/photometry/AT2025irr/field10031-2025-04-06/J/stack/coadd.Open-J.02283586-02283622.C3.fits,/mnt/photometry/AT2025irr/field10031-2025-04-06/J/stack/GRB_J_C3_Data_VHS_02283622.ecsv,2025-04-23,8.58,Circle,60.0,1,10,48.0,176.44961,-22.15016,2.0,2.0,2.0,1.87,67.86,1.277,0.14384,0.2134,,,16.627,16.02,0.025,0.054,0.898,,16.211,,,,0.707,,,0.292,,0.024,2025-04-06,-17,sci,['/mnt/photometry/AT2025irr/field10031-2025-12-13/J/stack/coadd.Open-J.03289462-03289498.C3.fits'],['field10031-2025-12-13'],['C3'],[16.041],[0.02],[16.555],[0.021],[16.731],[0.022],[234],[2.0],[2.0],[2.0],178151,AT,2025irr,176.4495789,-22.1501265,,,,48,ZTF,48.0,ZTF,19.4244,110.0,g,"Jesper Sollerman (SU), Christoffer Fremling (Caltech), Daniel Perley (LJMU), Theophile du Laz (Caltech) on behalf of ZTF",4/30/25 1:46,ZTF25aaobval,2025TNSTR1604....1S,,4/30/25 1:46,4/30/25 1:46,,False,1235.9390568027209,0.19099999999999895,-0.06250000000000178,16.3235,38.267144296662266
AT2025imq,field13358-2025-05-14,field13358,J,C1,/mnt/photometry/AT2025imq/field13358-2025-05-14/J/stack/coadd.Open-J.02435663-02435699.C1.fits,/mnt/photometry/AT2025imq/field13358-2025-05-14/J/stack/GRB_J_C1_Data_2MASS_02435699.ecsv,2025-04-27,8.58,Circle,60.0,1,10,48.0,154.57541,-9.16611,2.0,1.0,2.0,1.7,44.35,2.379,0.80352,1.17228,,,17.936,16.92,0.034,0.049,0.712,,18.165,,,,-0.532,,,-0.303,,0.036,2025-05-14,17,sci,['/mnt/photometry/AT2025imq/field13358-2026-01-12/J/stack/coadd.Open-J.03365013-03365049.C1.fits'],['field13358-2026-01-12'],['C1'],[16.928],[0.034],[18.013],[0.047],[17.941],[0.034],[260],[2.0],[1.0],[1.0],178020,AT,2025imq,154.5751862,-9.1660701,,,,18,ATLAS,18.0,ATLAS,18.686,72.0,orange,"J. Tonry, L. Denneau, H. Weiland, R. Siverd (IfA, University of Hawaii), N. Erasmus, W. Koorts (South African Astronomical Observatory), A. Jordan, V. Suc (UAI, Obstech), S. J. Smartt, K. W. Smith (Oxford/QUB), D. R. Young, M. Nicholl, M. Fulton, M. McCollum, T. Moore, J. Weston, X. Sheng, C. R. Angus, A. Wilson, A. Aamer, D. Magill (QUB), P. Ramsden (Birmingham/QUB), L. Shingles (GSI/QUB), S. Srivastav, J. H. Gillanders, H. Stevance, A. J. Cooper, F. Stoppa, J. Tweddle (Oxford), L. Rhodes (TSI/McGill), A. Rest (STScI), T.-W. Chen (NCU), C. Stubbs (Harvard), J. S. Sommer (LMU), B. P. Schmidt (ANU)",4/27/25 19:50,"ATLAS25ehr, ZTF25aanmrsq, GOTO25cnd",2025TNSTR1548....1T,,4/27/25 19:50,4/30/25 1:46,,False,1860.3727046187464,1.2449999999999974,-0.006499999999999062,17.428,37.972349781495105
SN2025gzd,field9176-2025-04-25,field9176,J,C3,/mnt/photometry/SN2025gzd/field9176-2025-04-25/J/stack/coadd.Open-J.02343382-02343418.C3.fits,/mnt/photometry/SN2025gzd/field9176-2025-04-25/J/stack/GRB_J_C3_Data_VHS_02343418.ecsv,2025-04-06,8.58,Circle,60.0,1,10,48.0,196.81603,-25.83172,1.0,2.0,2.0,2.05,99.11,1.263,1.59377,0.10925,,,16.68,15.528,0.015,0.032,1.308,,16.813,,,,0.023,,,0.156,,0.017,2025-04-25,19,sci,['/mnt/photometry/SN2025gzd/field9176-2025-12-13/J/stack/coadd.Open-J.03289622-03289658.C3.fits'],['field9176-2025-12-13'],['C3'],[15.582],[0.02],[16.402],[0.021],[16.569],[0.021],[251],[2.0],[2.0],[2.0],176952,SN,2025gzd,196.8156465,-25.8314528,0.059828,3.0,SN Ia,48,ZTF,48.0,ZTF,18.3846,110.0,g,"Nabeel Rehemtulla (CIERA, NU), Christoffer Fremling (Caltech), Daniel Perley (LJMU), Theophile du Laz (Caltech) on behalf of ZTF",4/8/25 7:09,ZTF25aalrums,2025TNSTR1329....1R,2025TNSCR1590....1W,4/8/25 7:09,4/29/25 10:43,,False,1228.7538859965132,1.2849999999999984,0.028500000000000192,16.104,37.06432554645449
AT2025ccq,field18366-2025-03-05,field18366,J,C4,/mnt/photometry/AT2025ccq/field18366-2025-03-05/J/stack/coadd.Open-J.02161826-02161862.C4.fits,/mnt/photometry/AT2025ccq/field18366-2025-03-05/J/stack/GRB_J_C4_Data_UHS_02161862.ecsv,2025-02-18,8.58,Circle,60.0,1,10,48.0,120.81657,8.64467,2.0,2.0,2.0,1.08,111.48,1.469,0.39412,0.0563,,,16.294,15.857,0.011,0.018,0.569,,16.265,,,,0.161,,,0.132,,0.013,2025-03-05,15,sci,['/mnt/photometry/AT2025ccq/field18366-2025-12-13/J/stack/coadd.Open-J.03288782-03288818.C4.fits'],['field18366-2025-12-13'],['C4'],[15.833],[0.015],[15.629],[0.024],[16.121],[0.013],[298],[2.0],[2.0],[1.0],172978,AT,2025ccq,120.8164897,8.644742639,,,,74,ALeRCE,48.0,ZTF,19.3552,111.0,r,"S. Jurado, F.E. Bauer, F. Forster, G. Pignata, A. Munoz-Arancibia, A. Mourao, L. Hernandez-Garcia, L. Galbany, J. Silva-Farfan, R. Dastidar, J.P. Brandt, A. Alvarez, G. Cabrera-Vives, R. Carrasco-Davis, P.A. Estevez, B. Gamboa, P. Huijse, H. Larranaga, C. Mansilla, K. Medina, D. Moreno, E. Munoz, E. Pizarro, I. Reyes, P. Sanchez-Saez, D. Rodriguez-Mancini, M. Catelan, S. Eyheramendy, M.J. Graham on behalf of the ALeRCE broker",2/20/25 3:28,"ZTF18aagfngu, ATLAS25cda, PS25bnv",2025TNSTR.688....1J,,2/20/25 3:28,4/20/25 20:15,,False,977.6266526975137,0.40800000000000125,0.09850000000000048,16.075499999999998,19.588488569791803
AT2025hqm,field13673-2025-04-15,field13673,J,C4,/mnt/photometry/AT2025hqm/field13673-2025-04-15/J/stack/coadd.Open-J.02305423-02305459.C4.fits,/mnt/photometry/AT2025hqm/field13673-2025-04-15/J/stack/GRB_J_C4_Data_VHS_02305459.ecsv,2025-04-01,8.58,Circle,60.0,1,10,48.0,158.01001,-8.59776,0.0,0.0,0.0,0.98,17.45,1.887,0.09842,-1.0,,,18.431,18.223,0.075,0.072,99.0,,18.505,,,,99.0,,,99.0,,0.101,2025-04-15,14,sci,['/mnt/photometry/AT2025hqm/field13673-2026-01-12/J/stack/coadd.Open-J.03365213-03365289.C4.fits'],['field13673-2026-01-12'],['C4'],[nan],[nan],[nan],[nan],[nan],[nan],[286],[nan],[nan],[nan],177433,AT,2025hqm,158.0100309,-8.597781827,,,,114,DESIRT,114.0,DESIRT,20.9567,22.0,r,"Xander J. Hall (Carnegie Mellon U.), Lei Hu (Carnegie Mellon U.), Antonella Palmese (Carnegie Mellon U.), Brendan O'Connor (Carnegie Mellon U.), Yuhan Chen (UC Berkeley), Aidan Catalano (Carnegie Mellon U.), Xingzhuo Chen (Texas A&M U.), Lifan Wang (Texas A&M U.), Tomás Cabrera (Carnegie Mellon U.), Keerthi Kunnumkai (Carnegie Mellon U.) on behalf of the DECam DESI Transients Survey team",4/19/25 16:45,A202504011032024m083552,2025TNSTR1431....1H,,4/19/25 16:45,4/19/25 16:45,,False,898.1171036757005,0.28200000000000003,,18.326999999999998,40.72833376567526
AT2025gwl,field18699-2025-03-30,field18699,H,C4,/mnt/photometry/AT2025gwl/field18699-2025-03-30/H/stack/coadd.Open-H.02254875-02255270.C4.fits,/mnt/photometry/AT2025gwl/field18699-2025-03-30/H/stack/GRB_H_C4_Data_LAS_02255270.ecsv,2025-03-29,11.44,Circle,240.0,8,80,48.0,145.57963,9.81381,2.0,2.0,2.0,1.75,61.36,1.26,0.84154,0.10572,,,17.611,16.956,0.023,0.024,0.85,,17.518,,,,0.288,,,0.196,,0.027,2025-03-30,1,sci,['/mnt/photometry/AT2025gwl/field18699-2025-04-19/H/stack/coadd.Open-H.02328680-02329290.C4.fits'],['field18699-2025-04-19'],['C4'],[17.188],[0.052],[17.925],[0.047],[17.939],[0.038],[21],[2.0],[1.0],[2.0],176879,AT,2025gwl,145.5797669,9.814007194,,,,135,GW-MMADS,135.0,GW-MMADS,21.9126,22.0,r,"Xander J. Hall (CMU), Tomás Cabrera (CMU), Lei Hu (CMU), Antonella Palmese (CMU), Igor Andreoni (UMD), Brendan O’Connor (CMU), Robert Stein (Caltech), Michael Coughlin (UMN), Theo Jegou Du Laz (Caltech), Keerthi Kunnumkai (CMU), on behalf of GW-MMADS",4/6/25 16:17,T202503290942191p094850,2025TNSTR1299....1H,,4/6/25 16:17,4/6/25 16:17,,False,886.3676187476494,0.5620000000000012,-0.27999999999999936,17.2835,42.03003940275831
AT2025gwd,field18698-2025-04-01,field18698,J,C4,/mnt/photometry/AT2025gwd/field18698-2025-04-01/J/stack/coadd.Open-J.02264169-02264367.C4.fits,/mnt/photometry/AT2025gwd/field18698-2025-04-01/J/stack/GRB_J_C4_Data_LAS_02264367.ecsv,2025-04-06,60.06,Circle,240.0,1,10,48.0,143.96334,9.66793,1.0,1.0,2.0,1.25,28.44,1.268,0.29288,0.07812,,,18.657,18.131,0.048,0.101,0.531,,18.694,,,,-0.032,,,0.005,,0.088,2025-04-01,-5,sci,['/mnt/photometry/AT2025gwd/field18698-2025-03-28/J/stack/coadd.Open-J.02240114-02240378.C4.fits'],['field18698-2025-03-28'],['C4'],[18.164],[0.071],[19.369],[0.266],[18.618],[0.061],[-9],[2.0],[1.0],[1.0],176871,AT,2025gwd,143.9633625,9.668008032,,,,135,GW-MMADS,135.0,GW-MMADS,21.4054,22.0,r,"Xander J. Hall (CMU), Tomás Cabrera (CMU), Lei Hu (CMU), Antonella Palmese (CMU), Igor Andreoni (UMD), Brendan O’Connor (CMU), Robert Stein (Caltech), Michael Coughlin (UMN), Theo Jegou Du Laz (Caltech), Keerthi Kunnumkai (CMU), on behalf of GW-MMADS",4/6/25 16:17,T202503300935512p094005,2025TNSTR1299....1H,,4/6/25 16:17,4/6/25 16:17,,False,1175.0481953126273,0.5629999999999988,0.0030000000000001137,18.394,40.549951325025255
AT2025gex,field19320-2025-03-30,field19320,H,C4,/mnt/photometry/AT2025gex/field19320-2025-03-30/H/stack/coadd.Open-H.02255275-02255670.C4.fits,/mnt/photometry/AT2025gex/field19320-2025-03-30/H/stack/GRB_H_C4_Data_2MASS_02255670.ecsv,2025-03-29,11.44,Circle,240.0,8,80,48.0,146.07125,11.83976,1.0,1.0,2.0,1.33,224.8,1.288,0.57543,0.21992,,,16.312,16.009,0.007,0.009,0.37,,16.263,,,,0.116,,,0.066,,0.01,2025-03-30,1,sci,['/mnt/photometry/AT2025gex/field19320-2025-04-19/H/stack/coadd.Open-H.02329295-02329690.C4.fits'],['field19320-2025-04-19'],['C4'],[16.069],[0.013],[16.343],[0.011],[16.32],[0.008],[21],[2.0],[1.0],[1.0],176401,AT,2025gex,146.071329,11.839902,,,,71,DESGW,71.0,DESGW,21.892,22.0,r,Isaac McMahon,3/29/25 22:09,,2025TNSTR1199....1M,,3/29/25 22:10,3/29/25 22:10,,False,1242.6305603496608,0.25400000000000134,-0.03399999999999892,16.1605,43.376591448597814
AT2025fsz,field1139-2025-02-12,field1139,J,C3,/mnt/photometry/AT2025fsz/field1139-2025-02-12/J/stack/coadd.Open-J.02112927-02113235.C3.fits,/mnt/photometry/AT2025fsz/field1139-2025-02-12/J/stack/GRB_J_C3_Data_VHS_02113235.ecsv,2025-02-13,60.06,Circle,120.0,1,15,48.0,248.12814,-68.71641,3.0,3.0,3.0,0.99,5.74,1.014,0.49804,-1.0,,,20.712,20.592,0.213,0.178,99.0,,20.747,,,,99.0,,,99.0,,0.258,2025-02-12,-1,sci,['/mnt/photometry/AT2025fsz/field1139-2025-02-15/J/stack/coadd.Open-J.02129203-02129511.C3.fits'],['field1139-2025-02-15'],['C3'],[nan],[nan],[nan],[nan],[nan],[nan],[2],[nan],[nan],[nan],176089,AT,2025fsz,248.1278649,-68.71631103,,,,135,GW-MMADS,135.0,GW-MMADS,23.0779,23.0,i,"Xander J. Hall (CMU), Tomás Cabrera (CMU), Lei Hu (CMU), Antonella Palmese (CMU), Igor Andreoni (UMD), Brendan O’Connor (CMU), Robert Stein (Caltech), Michael Coughlin (UMN), Theo Jegou Du Laz (Caltech), Keerthi Kunnumkai (CMU), on behalf of GW-MMADS",3/25/25 3:51,T202502131632307m684259,2025TNSTR1127....1H,,3/25/25 3:51,3/25/25 3:51,,False,614.7840003357887,0.15500000000000114,,20.652,-13.725120019409472
AT2025fof,field11847-2025-04-04,field11847,J,C2,/mnt/photometry/AT2025fof/field11847-2025-04-04/J/stack/coadd.Open-J.02277109-02277145.C2.fits,/mnt/photometry/AT2025fof/field11847-2025-04-04/J/stack/GRB_J_C2_Data_VHS_02277145.ecsv,2025-03-19,8.58,Circle,60.0,1,10,48.0,196.13044,-14.92836,1.0,2.0,2.0,1.13,18.93,1.218,0.31627,0.2701,,,18.595,18.246,0.067,0.063,0.663,,18.734,,,,0.175,,,0.314,,0.086,2025-04-04,16,sci,['/mnt/photometry/AT2025fof/field11847-2025-12-13/J/stack/coadd.Open-J.03289742-03289778.C2.fits'],['field11847-2025-12-13'],['C2'],[18.653],[0.189],[19.139],[0.188],[18.747],[0.124],[269],[1.0],[1.0],[1.0],175964,AT,2025fof,196.1305264,-14.92838049,,,,74,ALeRCE,48.0,ZTF,19.7898,110.0,g,"F. Forster, F.E. Bauer, G. Pignata, A. Munoz-Arancibia, A. Mourao, L. Hernandez-Garcia, L. Galbany, J. Silva-Farfan, R. Dastidar, J.P. Brandt, A. Alvarez, G. Cabrera-Vives, R. Carrasco-Davis, P.A. Estevez, B. Gamboa, P. Huijse, H. Larranaga, C. Mansilla, K. Medina, D. Moreno, E. Munoz, E. Pizarro, I. Reyes, P. Sanchez-Saez, D. Rodriguez-Mancini, M. Catelan, S. Eyheramendy, M.J. Graham on behalf of the ALeRCE broker",3/23/25 20:09,ZTF25aajwcap,2025TNSTR1093....1F,,3/23/25 20:10,3/23/25 20:10,,False,949.3764794950057,0.4880000000000031,-0.2795000000000005,18.420499999999997,47.98489344738805
AT2025fdc,field21995-2025-03-24,field21995,J,C3,/mnt/photometry/AT2025fdc/field21995-2025-03-24/J/stack/coadd.Open-J.02223992-02224028.C3.fits,/mnt/photometry/AT2025fdc/field21995-2025-03-24/J/stack/GRB_J_C3_Data_2MASS_02224028.ecsv,2025-03-10,8.58,Circle,60.0,1,10,48.0,103.51111,22.19307,1.0,1.0,2.0,1.66,58.94,1.823,2.14553,0.06817,,,17.015,16.22,0.023,0.03,0.627,,17.026,,,,-0.179,,,-0.167,,0.029,2025-03-24,14,sci,['/mnt/photometry/AT2025fdc/field21995-2026-01-11/J/stack/coadd.Open-J.03363297-03363333.C3.fits'],['field21995-2026-01-11'],['C3'],[16.365],[0.031],[16.977],[0.031],[17.005],[0.027],[307],[2.0],[1.0],[1.0],175672,AT,2025fdc,103.5116322,22.1927139,,,,48,ZTF,48.0,ZTF,19.1075,110.0,g,"Jesper Sollerman (SU), Christoffer Fremling (Caltech), Daniel Perley (LJMU), Theophile du Laz (Caltech) on behalf of ZTF",3/22/25 4:12,ZTF25aajsuvd,2025TNSTR1091....1S,,3/22/25 4:12,3/22/25 4:12,,False,2047.078933321989,0.8060000000000009,-0.067499999999999,16.6175,10.157908728811412
AT2025epv,field11517-2025-04-02,field11517,J,C2,/mnt/photometry/AT2025epv/field11517-2025-04-02/J/stack/coadd.Open-J.02268929-02268965.C2.fits,/mnt/photometry/AT2025epv/field11517-2025-04-02/J/stack/GRB_J_C2_Data_VHS_02268965.ecsv,2025-03-16,8.58,Circle,60.0,1,10,48.0,166.56282,-15.80383,0.0,0.0,0.0,2.33,49.07,1.161,0.94997,-1.0,,,17.065,16.043,0.035,0.135,99.0,,17.766,,,,99.0,,,99.0,,0.034,2025-04-02,17,sci,['/mnt/photometry/AT2025epv/field11517-2025-12-13/J/stack/coadd.Open-J.03289302-03289338.C2.fits'],['field11517-2025-12-13'],['C2'],[16.098],[0.03],[17.629],[0.108],[17.227],[0.035],[272],[0.0],[0.0],[0.0],175320,AT,2025epv,166.5626199,-15.8036557,,,,48,ZTF,48.0,ZTF,19.0871,111.0,r,"Jesper Sollerman (SU), Christoffer Fremling (Caltech), Daniel Perley (LJMU), Theophile du Laz (Caltech) on behalf of ZTF",3/16/25 9:26,ZTF25aaiymyq,2025TNSTR1003....1S,,3/16/25 9:26,3/16/25 9:26,,False,1233.6728805637258,1.722999999999999,-0.10849999999999937,16.554000000000002,40.016363448010594
AT2024ahxv,field3828-2025-01-09,field3828,Y,C4,/mnt/photometry/AT2024ahxv/field3828-2025-01-09/Y/stack/coadd.Open-Y.02044342-02044358.C4.fits,/mnt/photometry/AT2024ahxv/field3828-2025-01-09/Y/stack/GRB_Y_C4_Data_DES_02044358.ecsv,2024-12-27,20.02,Random,90.0,1,3,9223372036854775807:9223372036854775807:000NaN,59.54093,-49.43637,3.0,3.0,3.0,0.61,-1.34,9.0,0.81542,-1.0,,,123.686,20.618,99.0,0.994,99.0,,20.248,,,,99.0,,,99.0,,0.364,2025-01-09,13,sci,"['/mnt/photometry/AT2024ahxv/field3828-2025-01-22/Y/stack/coadd.Open-Y.02097993-02098009.C4.fits', '/mnt/photometry/AT2024ahxv/field3828-2025-01-15/Y/stack/coadd.Open-Y.02071621-02071637.C4.fits']","['field3828-2025-01-22', 'field3828-2025-01-15']","['C4', 'C4']","[nan, nan]","[nan, nan]","[nan, nan]","[nan, nan]","[nan, nan]","[nan, nan]","[26, 19]","[nan, nan]","[nan, nan]","[nan, nan]",174894,AT,2024ahxv,59.540621,-49.436267,,,,83,YSE,83.0,YSE,23.861,23.0,i,"C. T. Murphey, G. Nair, G. Narayan (UIUC), R. J. Foley (UCSC), A. Rest (JHU, STScI), D. O. Jones (UH, IfA), K. de Soto (Harvard, CfA), C. Ni (KITP), H. Perkins (UIUC), K. Patra (UCSC), C. Ransome, Y. Dong (Harvard, CfA), Y. Chen (U Toronto), K. Auchettl (U. Melbourne, UCSC), K. Taggert (UCSC), C. Kilpatrick (Northwestern), A. Zenteno, W. Liu, K. Vivas (NOIRLab), S. Sharief (U. Montreal), A. Wasserman, M. Verrico, A. Agarwal (UIUC), Q. Wang (STScI, MIT), R. Angulo (JHU, STScI), H. Abunemeh, N. Earl, K. D. French, A. Mitra, J. O'Brien, M. Shepherd (UIUC), M. Grayling, E. Hayes, K. S. Mandel (Cambridge), D. Farías, C. Gall, A. Hajela, J. Hjorth, L. Izzo, D. Langeroodi, A. Sedgewick, R. Wojtak (DARK, NBI), S. Raimunda (DARK, NBI, U. Southampton), A. Gagliano, S. Gomez, S. Rankin, V. A. Villar, A. Tartaglia, A. Nugent, S. K. Yadavalli (Harvard, CfA), S. Smartt, K. Smith (QUB, Oxford), D. Coulter, J. Pierel, M. Seibert (STScI), P. Arunachalam, K. W. Davis, R. Kaur, P. Macias, C. Rojas-Bravo, E. Ramirez-Ruiz (UCSC), K. C. Chambers, M. E. Huber, E. G. Magnier, R. J. Wainscoat (UH, IfA), M. Drout (U. Toronto), V. Baldasarre, A. Messick (WSU), C. Angus (QUB), S. Thorpe (Stockholm U.), Y.-C. Pan (NCU)",3/13/25 20:24,,2025TNSTR.975....1M,,3/13/25 20:26,3/13/25 20:26,,True,325.52841004468974,0.36999999999999744,,72.152,-48.12768815192919
AT2024ahxv,field3828-2024-12-25,field3828,J,C4,/mnt/photometry/AT2024ahxv/field3828-2024-12-25/J/stack/coadd.Open-J.02023265-02023281.C4.fits,/mnt/photometry/AT2024ahxv/field3828-2024-12-25/J/stack/GRB_J_C4_Data_VHS_02023281.ecsv,2024-12-27,20.02,Random,90.0,1,3,9223372036854775807:9223372036854775807:000NaN,59.54129,-49.4358,0.0,0.0,0.0,1.31,143.13,4.264,2.2842,-1.0,,,14.132,13.865,0.01,0.232,99.0,,14.687,,,,99.0,,,99.0,,0.008,2024-12-25,-2,sci,['/mnt/photometry/AT2024ahxv/field3828-2025-10-15/J/stack/coadd.Open-J.03091664-03091700.C4.fits'],['field3828-2025-10-15'],['C4'],[nan],[nan],[nan],[nan],[nan],[nan],[292],[nan],[nan],[nan],174894,AT,2024ahxv,59.540621,-49.436267,,,,83,YSE,83.0,YSE,23.861,23.0,i,"C. T. Murphey, G. Nair, G. Narayan (UIUC), R. J. Foley (UCSC), A. Rest (JHU, STScI), D. O. Jones (UH, IfA), K. de Soto (Harvard, CfA), C. Ni (KITP), H. Perkins (UIUC), K. Patra (UCSC), C. Ransome, Y. Dong (Harvard, CfA), Y. Chen (U Toronto), K. Auchettl (U. Melbourne, UCSC), K. Taggert (UCSC), C. Kilpatrick (Northwestern), A. Zenteno, W. Liu, K. Vivas (NOIRLab), S. Sharief (U. Montreal), A. Wasserman, M. Verrico, A. Agarwal (UIUC), Q. Wang (STScI, MIT), R. Angulo (JHU, STScI), H. Abunemeh, N. Earl, K. D. French, A. Mitra, J. O'Brien, M. Shepherd (UIUC), M. Grayling, E. Hayes, K. S. Mandel (Cambridge), D. Farías, C. Gall, A. Hajela, J. Hjorth, L. Izzo, D. Langeroodi, A. Sedgewick, R. Wojtak (DARK, NBI), S. Raimunda (DARK, NBI, U. Southampton), A. Gagliano, S. Gomez, S. Rankin, V. A. Villar, A. Tartaglia, A. Nugent, S. K. Yadavalli (Harvard, CfA), S. Smartt, K. Smith (QUB, Oxford), D. Coulter, J. Pierel, M. Seibert (STScI), P. Arunachalam, K. W. Davis, R. Kaur, P. Macias, C. Rojas-Bravo, E. Ramirez-Ruiz (UCSC), K. C. Chambers, M. E. Huber, E. G. Magnier, R. J. Wainscoat (UH, IfA), M. Drout (U. Toronto), V. Baldasarre, A. Messick (WSU), C. Angus (QUB), S. Thorpe (Stockholm U.), Y.-C. Pan (NCU)",3/13/25 20:24,,2025TNSTR.975....1M,,3/13/25 20:26,3/13/25 20:26,,True,333.05353636972177,0.8219999999999992,,13.9985,-48.12808450800746
AT2025egk,field3828-2024-12-25,field3828,J,C1,/mnt/photometry/AT2025egk/field3828-2024-12-25/J/stack/coadd.Open-J.02023265-02023281.C1.fits,/mnt/photometry/AT2025egk/field3828-2024-12-25/J/stack/GRB_J_C1_Data_VHS_02023281.ecsv,2025-01-06,20.02,Random,90.0,1,3,9223372036854775807:9223372036854775807:000NaN,58.87116,-48.92298,1.0,1.0,2.0,0.76,5.33,2.485,0.87751,0.56516,,,19.344,19.636,0.251,0.982,-0.942,,19.149,,,,-0.455,,,-0.65,,0.263,2024-12-25,-12,sci,['/mnt/photometry/AT2025egk/field3828-2025-10-15/J/stack/coadd.Open-J.03091664-03091700.C1.fits'],['field3828-2025-10-15'],['C1'],[18.442],[0.089],[18.661],[0.046],[18.657],[0.057],[282],[1.0],[1.0],[1.0],174826,AT,2025egk,58.870792,-48.922986,,,,83,YSE,83.0,YSE,22.628,22.0,r,"C. T. Murphey, G. Nair, G. Narayan (UIUC), R. J. Foley (UCSC), A. Rest (JHU, STScI), D. O. Jones (UH, IfA), K. de Soto (Harvard, CfA), C. Ni (KITP), H. Perkins (UIUC), K. Patra (UCSC), C. Ransome, Y. Dong (Harvard, CfA), Y. Chen (U Toronto), K. Auchettl (U. Melbourne, UCSC), K. Taggert (UCSC), C. Kilpatrick (Northwestern), A. Zenteno, W. Liu, K. Vivas (NOIRLab), S. Sharief (U. Montreal), A. Wasserman, M. Verrico, A. Agarwal (UIUC), Q. Wang (STScI, MIT), R. Angulo (JHU, STScI), H. Abunemeh, N. Earl, K. D. French, A. Mitra, J. O'Brien, M. Shepherd (UIUC), M. Grayling, E. Hayes, K. S. Mandel (Cambridge), D. Farías, C. Gall, A. Hajela, J. Hjorth, L. Izzo, D. Langeroodi, A. Sedgewick, R. Wojtak (DARK, NBI), S. Raimunda (DARK, NBI, U. Southampton), A. Gagliano, S. Gomez, S. Rankin, V. A. Villar, A. Tartaglia, A. Nugent, S. K. Yadavalli (Harvard, CfA), S. Smartt, K. Smith (QUB, Oxford), D. Coulter, J. Pierel, M. Seibert (STScI), P. Arunachalam, K. W. Davis, R. Kaur, P. Macias, C. Rojas-Bravo, E. Ramirez-Ruiz (UCSC), K. C. Chambers, M. E. Huber, E. G. Magnier, R. J. Wainscoat (UH, IfA), M. Drout (U. Toronto), V. Baldasarre, A. Messick (WSU), C. Angus (QUB), S. Thorpe (Stockholm U.), Y.-C. Pan (NCU)",3/13/25 20:24,,2025TNSTR.975....1M,,3/13/25 20:25,3/13/25 20:25,,False,1749.00831857688,0.4869999999999983,0.9405000000000001,19.490000000000002,-48.6835709611704
AT2025efu,field3829-2025-01-09,field3829,H,C1,/mnt/photometry/AT2025efu/field3829-2025-01-09/H/stack/coadd.Open-H.02043864-02043884.C1.fits,/mnt/photometry/AT2025efu/field3829-2025-01-09/H/stack/GRB_H_C1_Data_2MASS_02043884.ecsv,2025-01-25,11.44,Random,90.0,1,5,9223372036854775807:9223372036854775807:000NaN,60.5948,-48.79312,3.0,3.0,3.0,1.66,10.47,1.666,0.52675,-1.0,,,18.535,17.759,0.185,0.274,99.0,,18.087,,,,99.0,,,99.0,,0.169,2025-01-09,-16,sci,"['/mnt/photometry/AT2025efu/field3829-2025-01-21/H/stack/coadd.Open-H.02095944-02095964.C1.fits', '/mnt/photometry/AT2025efu/field3829-2025-01-15/H/stack/coadd.Open-H.02071123-02071143.C1.fits']","['field3829-2025-01-21', 'field3829-2025-01-15']","['C1', 'C1']","[19.277, 17.821]","[0.248, 0.163]","[18.487, 18.377]","[0.213, 0.23]","[18.874, 18.355]","[0.21, 0.138]","[-4, -10]","[3.0, 3.0]","[3.0, 3.0]","[3.0, 3.0]",174739,AT,2025efu,60.594917,-48.792994,,,,83,YSE,83.0,YSE,23.994,22.0,r,"C. T. Murphey, G. Nair, G. Narayan (UIUC), R. J. Foley (UCSC), A. Rest (JHU, STScI), D. O. Jones (UH, IfA), K. de Soto (Harvard, CfA), C. Ni (KITP), H. Perkins (UIUC), K. Patra (UCSC), C. Ransome, Y. Dong (Harvard, CfA), Y. Chen (U Toronto), K. Auchettl (U. Melbourne, UCSC), K. Taggert (UCSC), C. Kilpatrick (Northwestern), A. Zenteno, W. Liu, K. Vivas (NOIRLab), S. Sharief (U. Montreal), A. Wasserman, M. Verrico, A. Agarwal (UIUC), Q. Wang (STScI, MIT), R. Angulo (JHU, STScI), H. Abunemeh, N. Earl, K. D. French, A. Mitra, J. O'Brien, M. Shepherd (UIUC), M. Grayling, E. Hayes, K. S. Mandel (Cambridge), D. Farías, C. Gall, A. Hajela, J. Hjorth, L. Izzo, D. Langeroodi, A. Sedgewick, R. Wojtak (DARK, NBI), S. Raimunda (DARK, NBI, U. Southampton), A. Gagliano, S. Gomez, S. Rankin, V. A. Villar, A. Tartaglia, A. Nugent, S. K. Yadavalli (Harvard, CfA), S. Smartt, K. Smith (QUB, Oxford), D. Coulter, J. Pierel, M. Seibert (STScI), P. Arunachalam, K. W. Davis, R. Kaur, P. Macias, C. Rojas-Bravo, E. Ramirez-Ruiz (UCSC), K. C. Chambers, M. E. Huber, E. G. Magnier, R. J. Wainscoat (UH, IfA), M. Drout (U. Toronto), V. Baldasarre, A. Messick (WSU), C. Angus (QUB), S. Thorpe (Stockholm U.), Y.-C. Pan (NCU)",3/13/25 20:20,,2025TNSTR.975....1M,,3/13/25 20:22,3/13/25 20:22,,False,902.3806750677159,0.3279999999999994,-0.4347499999999993,18.147,-47.614856362923994
AT2024ahtd,field9934-2024-11-30,field9934,H,C4,/mnt/photometry/AT2024ahtd/field9934-2024-11-30/H/stack/coadd.Open-H.02004354-02005145.C4.fits,/mnt/photometry/AT2024ahtd/field9934-2024-11-30/H/stack/GRB_H_C4_Data_2MASS_02005145.ecsv,2024-11-26,11.44,Random,10.0,1,12,9223372036854775807:9223372036854775807:000NaN,57.94443,-22.32336,3.0,3.0,3.0,1.23,14.94,1.472,2.11039,-1.0,,,19.055,18.685,0.089,0.098,99.0,,18.622,,,,99.0,,,99.0,,0.093,2024-11-30,4,sci,['/mnt/photometry/AT2024ahtd/field9934-2024-11-28/H/stack/coadd.Open-H.01996172-01996227.C4.fits'],['field9934-2024-11-28'],['C4'],[19.059],[0.231],[18.675],[0.298],[18.91],[0.256],[2],[3.0],[3.0],[3.0],174737,AT,2024ahtd,57.943804,-22.323472,,,,83,YSE,83.0,YSE,23.411,21.0,g,"C. T. Murphey, G. Nair, G. Narayan (UIUC), R. J. Foley (UCSC), A. Rest (JHU, STScI), D. O. Jones (UH, IfA), K. de Soto (Harvard, CfA), C. Ni (KITP), H. Perkins (UIUC), K. Patra (UCSC), C. Ransome, Y. Dong (Harvard, CfA), Y. Chen (U Toronto), K. Auchettl (U. Melbourne, UCSC), K. Taggert (UCSC), C. Kilpatrick (Northwestern), A. Zenteno, W. Liu, K. Vivas (NOIRLab), S. Sharief (U. Montreal), A. Wasserman, M. Verrico, A. Agarwal (UIUC), Q. Wang (STScI, MIT), R. Angulo (JHU, STScI), H. Abunemeh, N. Earl, K. D. French, A. Mitra, J. O'Brien, M. Shepherd (UIUC), M. Grayling, E. Hayes, K. S. Mandel (Cambridge), D. Farías, C. Gall, A. Hajela, J. Hjorth, L. Izzo, D. Langeroodi, A. Sedgewick, R. Wojtak (DARK, NBI), S. Raimunda (DARK, NBI, U. Southampton), A. Gagliano, S. Gomez, S. Rankin, V. A. Villar, A. Tartaglia, A. Nugent, S. K. Yadavalli (Harvard, CfA), S. Smartt, K. Smith (QUB, Oxford), D. Coulter, J. Pierel, M. Seibert (STScI), P. Arunachalam, K. W. Davis, R. Kaur, P. Macias, C. Rojas-Bravo, E. Ramirez-Ruiz (UCSC), K. C. Chambers, M. E. Huber, E. G. Magnier, R. J. Wainscoat (UH, IfA), M. Drout (U. Toronto), V. Baldasarre, A. Messick (WSU), C. Angus (QUB), S. Thorpe (Stockholm U.), Y.-C. Pan (NCU)",3/13/25 20:20,,2025TNSTR.975....1M,,3/13/25 20:22,3/13/25 20:22,,False,426.90957051181886,0.06299999999999883,-0.11450000000000138,18.869999999999997,-49.24833512218734
AT2025dbp,field1587-2025-02-16,field1587,J,C4,/mnt/photometry/AT2025dbp/field1587-2025-02-16/J/stack/coadd.Open-J.02132575-02132611.C4.fits,/mnt/photometry/AT2025dbp/field1587-2025-02-16/J/stack/GRB_J_C4_Data_VHS_02132611.ecsv,2025-03-01,8.58,Circle,60.0,1,10,48.0,73.88519,-64.32412,1.0,1.0,2.0,1.61,12.76,2.007,2.15464,0.75372,,,18.864,18.088,0.129,0.244,0.523,,18.171,,,,0.44,,,-0.253,,0.114,2025-02-16,-13,sci,['/mnt/photometry/AT2025dbp/field1587-2026-01-11/J/stack/coadd.Open-J.03362817-03362853.C4.fits'],['field1587-2026-01-11'],['C4'],[18.16],[0.095],[18.335],[0.098],[18.444],[0.102],[316],[2.0],[1.0],[1.0],173702,AT,2025dbp,73.885354,-64.32353,,,,59,GOTO,59.0,GOTO,19.63,120.0,L,"D. O'Neill, G. Ramsay, K. Ackley, M. Dyer, F. Jiménez-Ibarra, J. Lyman, K. Ulaczyk, D. Steeghs, D. Galloway, V. Dhillon, P. O'Brien, K. Noysena, R. Kotak, R. Breton, L. Nuttall, E. Pallé, D. Pollacco, T. Killestein, A. Kumar, on behalf of GOTO collaboration",3/1/25 13:42,GOTO25ayw,2025TNSTR.845....1O,,3/1/25 13:42,3/1/25 13:42,,False,1321.2579029581398,0.08299999999999841,0.17400000000000126,18.476,-36.72111003138654
AT2025cyq,field19916-2025-03-09,field19916,J,C3,/mnt/photometry/AT2025cyq/field19916-2025-03-09/J/stack/coadd.Open-J.02174694-02174730.C3.fits,/mnt/photometry/AT2025cyq/field19916-2025-03-09/J/stack/GRB_J_C3_Data_2MASS_02174730.ecsv,2025-02-18,8.58,Circle,60.0,1,10,48.0,123.66869,14.11753,1.0,1.0,2.0,1.9,66.08,1.359,0.95607,0.06737,,,16.84,16.265,0.025,0.069,0.422,,16.626,,,,0.061,,,-0.153,,0.023,2025-03-09,19,sci,['/mnt/photometry/AT2025cyq/field19916-2025-12-13/J/stack/coadd.Open-J.03288902-03288938.C3.fits'],['field19916-2025-12-13'],['C3'],[16.328],[0.027],[16.708],[0.02],[16.771],[0.029],[298],[2.0],[1.0],[1.0],173623,AT,2025cyq,123.6689131,14.1173791,,,,48,ZTF,48.0,ZTF,19.8229,111.0,r,"Daniel Perley (LJMU), Christoffer Fremling (Caltech), Theophile du Laz (Caltech) on behalf of ZTF",2/28/25 11:53,ZTF18aaglgid,2025TNSTR.831....1P,,2/28/25 11:53,2/28/25 11:53,,False,1229.6280258814013,0.36100000000000065,0.0030000000000001137,16.552500000000002,24.412586335073325
TDE2025chm,field20517-2025-03-10,field20517,J,C4,/mnt/photometry/TDE2025chm/field20517-2025-03-10/J/stack/coadd.Open-J.02180746-02180782.C4.fits,/mnt/photometry/TDE2025chm/field20517-2025-03-10/J/stack/GRB_J_C4_Data_UHS_02180782.ecsv,2025-02-20,8.58,Circle,60.0,1,10,48.0,115.24595,16.53154,2.0,2.0,2.0,1.52,25.64,1.036,0.13492,0.11342,,,17.812,17.361,0.053,0.045,1.014,,17.79,,,,0.585,,,0.563,,0.061,2025-03-10,18,sci,['/mnt/photometry/TDE2025chm/field20517-2025-12-13/J/stack/coadd.Open-J.03288982-03289018.C4.fits'],['field20517-2025-12-13'],['C4'],[17.777],[0.102],[18.407],[0.072],[18.459],[0.073],[296],[2.0],[1.0],[1.0],173105,TDE,2025chm,115.2459858,16.5315623,0.101,120.0,TDE,48,ZTF,48.0,ZTF,19.5231,110.0,g,"Jesper Sollerman (SU), Christoffer Fremling (Caltech), Daniel Perley (LJMU), Theophile du Laz (Caltech) on behalf of ZTF",2/22/25 6:38,"ZTF25aagevje, GOTO25asg, ATLAS25bzy",2025TNSTR.725....1S,2025TNSCR.836....1C,2/22/25 6:38,2/28/25 11:19,,False,1151.9504040013237,0.4289999999999985,-0.5314999999999994,17.5865,17.929433813318933
AT2025cmh,field2182-2025-02-18,field2182,J,C3,/mnt/photometry/AT2025cmh/field2182-2025-02-18/J/stack/coadd.Open-J.02144155-02144191.C3.fits,/mnt/photometry/AT2025cmh/field2182-2025-02-18/J/stack/GRB_J_C3_Data_VHS_02144191.ecsv,2025-02-23,8.58,Circle,60.0,1,10,48.0,70.49265,-59.73866,2.0,1.0,2.0,1.54,20.26,1.27,0.50178,0.30812,,,17.857,17.676,0.068,0.055,0.354,,17.844,,,,0.187,,,0.173,,0.09,2025-02-18,-5,sci,['/mnt/photometry/AT2025cmh/field2182-2025-01-13/J/stack/coadd.Open-J.02062999-02063015.C3.fits'],['field2182-2025-01-13'],['C3'],[17.589],[0.093],[18.362],[0.189],[17.968],[0.071],[-41],[2.0],[1.0],[1.0],173296,AT,2025cmh,70.49273,-59.73852667,,,,18,ATLAS,18.0,ATLAS,19.54,71.0,cyan,"J. Tonry, L. Denneau, H. Weiland, R. Siverd (IfA, University of Hawaii), N. Erasmus, W. Koorts (South African Astronomical Observatory), A. Jordan, V. Suc (UAI, Obstech), S. J. Smartt, K. W. Smith (Oxford/QUB), D. R. Young, M. Nicholl, M. Fulton, M. McCollum, T. Moore, J. Weston, X. Sheng, C. R. Angus, A. Wilson, A. Aamer, D. Magill (QUB), P. Ramsden (Birmingham/QUB), L. Shingles (GSI/QUB), S. Srivastav, J. H. Gillanders, H. Stevance, A. J. Cooper, F. Stoppa (Oxford), L. Rhodes (TSI/McGill), A. Rest (STScI), T.-W. Chen (NCU), C. Stubbs (Harvard), J. S. Sommer (LMU), B. P. Schmidt (ANU)",2/23/25 21:17,ATLAS25bzl,2025TNSTR.734....1T,,2/23/25 21:17,2/23/25 21:17,,False,1172.6214147885248,0.1680000000000028,-0.012000000000000455,17.7665,-39.380847670818774
AT2024ahec,field9934-2024-12-03,field9934,H,C1,/mnt/photometry/AT2024ahec/field9934-2024-12-03/H/stack/coadd.Open-H.02016198-02016253.C1.fits,/mnt/photometry/AT2024ahec/field9934-2024-12-03/H/stack/GRB_H_C1_Data_2MASS_02016253.ecsv,2024-12-06,11.44,Random,10.0,1,12,9223372036854775807:9223372036854775807:000NaN,57.27732,-21.6939,3.0,3.0,3.0,2.37,20.28,1.286,0.7417,-1.0,,,18.96,17.317,0.085,0.116,99.0,,19.401,,,,99.0,,,99.0,,0.057,2024-12-03,-3,sci,"['/mnt/photometry/AT2024ahec/field9934-2024-10-23/H/stack/coadd.Open-H.01862821-01862876.C1.fits', '/mnt/photometry/AT2024ahec/field9934-2025-01-17/H/stack/coadd.Open-H.02077104-02077159.C1.fits', '/mnt/photometry/AT2024ahec/field9934-2024-11-28/H/stack/coadd.Open-H.01996172-01996227.C1.fits', '/mnt/photometry/AT2024ahec/field9934-2024-10-10/H/stack/coadd.Open-H.01808543-01808598.C1.fits', '/mnt/photometry/AT2024ahec/field9934-2024-11-11/H/stack/coadd.Open-H.01932422-01932477.C1.fits', '/mnt/photometry/AT2024ahec/field9934-2024-10-07/H/stack/coadd.Open-H.01792358-01792413.C1.fits', '/mnt/photometry/AT2024ahec/field9934-2024-11-17/H/stack/coadd.Open-H.01955058-01955113.C1.fits', '/mnt/photometry/AT2024ahec/field9934-2024-11-30/H/stack/coadd.Open-H.02004354-02005145.C1.fits', '/mnt/photometry/AT2024ahec/field9934-2024-11-14/H/stack/coadd.Open-H.01944625-01944680.C1.fits', '/mnt/photometry/AT2024ahec/field9934-2024-10-30/H/stack/coadd.Open-H.01887857-01887912.C1.fits', '/mnt/photometry/AT2024ahec/field9934-2024-10-24/H/stack/coadd.Open-H.01867661-01867716.C1.fits', '/mnt/photometry/AT2024ahec/field9934-2024-11-10/H/stack/coadd.Open-H.01924735-01924790.C1.fits', '/mnt/photometry/AT2024ahec/field9934-2024-09-26/H/stack/coadd.Open-H.01744582-01744637.C1.fits', '/mnt/photometry/AT2024ahec/field9934-2025-01-09/H/stack/coadd.Open-H.02042749-02042804.C1.fits', '/mnt/photometry/AT2024ahec/field9934-2024-11-22/H/stack/coadd.Open-H.01972310-01972365.C1.fits', '/mnt/photometry/AT2024ahec/field9934-2024-11-06/H/stack/coadd.Open-H.01909623-01909678.C1.fits']","['field9934-2024-10-23', 'field9934-2025-01-17', 'field9934-2024-11-28', 'field9934-2024-10-10', 'field9934-2024-11-11', 'field9934-2024-10-07', 'field9934-2024-11-17', 'field9934-2024-11-30', 'field9934-2024-11-14', 'field9934-2024-10-30', 'field9934-2024-10-24', 'field9934-2024-11-10', 'field9934-2024-09-26', 'field9934-2025-01-09', 'field9934-2024-11-22', 'field9934-2024-11-06']","['C1', 'C1', 'C1', 'C1', 'C1', 'C1', 'C1', 'C1', 'C1', 'C1', 'C1', 'C1', 'C1', 'C1', 'C1', 'C1']","[17.617, 17.51, 18.233, nan, nan, 18.093, 17.673, 17.349, 17.495, nan, 17.809, nan, 17.712, 17.418, 17.549, nan]","[0.077, 0.098, 0.117, nan, nan, 0.093, 0.095, 0.037, 0.098, nan, 0.117, nan, 0.077, 0.113, 0.128, nan]","[18.797, 18.89, 18.411, nan, nan, 18.578, 19.218, 18.93, 19.097, nan, 19.342, nan, 19.477, 18.504, 18.568, nan]","[0.079, 0.114, 0.114, nan, nan, 0.105, 0.145, 0.063, 0.123, nan, 0.128, nan, 0.117, 0.089, 0.105, nan]","[18.828, 18.864, 18.546, nan, nan, 18.745, 18.924, 18.803, 18.841, nan, 19.174, nan, 19.018, 18.708, 18.585, nan]","[0.087, 0.115, 0.143, nan, nan, 0.139, 0.119, 0.046, 0.115, nan, 0.116, nan, 0.089, 0.11, 0.114, nan]","[-44, 42, -8, -57, -25, -60, -19, -6, -22, -37, -43, -26, -71, 34, -14, -30]","[3.0, 0.0, 0.0, nan, nan, 0.0, 0.0, 3.0, 0.0, nan, 0.0, nan, 3.0, 3.0, 3.0, nan]","[3.0, 0.0, 0.0, nan, nan, 0.0, 0.0, 3.0, 0.0, nan, 0.0, nan, 3.0, 3.0, 3.0, nan]","[3.0, 0.0, 0.0, nan, nan, 0.0, 0.0, 3.0, 0.0, nan, 0.0, nan, 3.0, 3.0, 3.0, nan]",172678,AT,2024ahec,57.27754075,-21.69394136,,,,4,Pan-STARRS,4.0,Pan-STARRS,20.46,26.0,w,"K. C. Chambers, T. de Boer, J. Fairlamb, M. Huber, C.-C. Lin, T. Lowe, E. Magnier, A. Schultz, R. J. Wainscoat, H. Gao, P. Minguez (IfA, University of Hawaii), K. W. Smith, D. R. Young, S. Srivastav, M. Fulton, S. J. Smartt, M. Nicholl, T. Moore, J. Weston, C. R. Angus, S. Sim (Queen's University Belfast), D. E. Wright (University of Minnesota)",2/16/25 21:51,PS24opp,2025TNSTR.629....1C,,2/16/25 21:51,2/16/25 21:51,,False,505.6365919840964,2.0839999999999996,-0.11122727272727317,18.1385,-49.6645718529513
AT2024ahec,field9933-2024-12-03,field9933,H,C2,/mnt/photometry/AT2024ahec/field9933-2024-12-03/H/stack/coadd.Open-H.02015472-02015527.C2.fits,/mnt/photometry/AT2024ahec/field9933-2024-12-03/H/stack/GRB_H_C2_Data_2MASS_02015527.ecsv,2024-12-06,11.44,Random,10.0,1,12,9223372036854775807:9223372036854775807:000NaN,57.2773,-21.69395,3.0,3.0,3.0,2.32,16.74,1.204,0.80668,-1.0,,,18.957,17.251,0.116,0.114,99.0,,18.981,,,,99.0,,,99.0,,0.107,2024-12-03,-3,sci,"['/mnt/photometry/AT2024ahec/field9933-2024-10-23/H/stack/coadd.Open-H.01862521-01862576.C2.fits', '/mnt/photometry/AT2024ahec/field9933-2024-09-26/H/stack/coadd.Open-H.01744282-01744337.C2.fits', '/mnt/photometry/AT2024ahec/field9933-2025-01-09/H/stack/coadd.Open-H.02042449-02042504.C2.fits', '/mnt/photometry/AT2024ahec/field9933-2024-10-30/H/stack/coadd.Open-H.01887557-01887612.C2.fits', '/mnt/photometry/AT2024ahec/field9933-2024-11-11/H/stack/coadd.Open-H.01932122-01932177.C2.fits', '/mnt/photometry/AT2024ahec/field9933-2025-01-17/H/stack/coadd.Open-H.02076804-02076859.C2.fits', '/mnt/photometry/AT2024ahec/field9933-2024-11-30/H/stack/coadd.Open-H.02004054-02004845.C2.fits', '/mnt/photometry/AT2024ahec/field9933-2024-10-24/H/stack/coadd.Open-H.01867361-01867416.C2.fits', '/mnt/photometry/AT2024ahec/field9933-2024-11-17/H/stack/coadd.Open-H.01954758-01954813.C2.fits', '/mnt/photometry/AT2024ahec/field9933-2024-11-22/H/stack/coadd.Open-H.01972010-01972065.C2.fits', '/mnt/photometry/AT2024ahec/field9933-2024-11-06/H/stack/coadd.Open-H.01909323-01909378.C2.fits', '/mnt/photometry/AT2024ahec/field9933-2024-11-14/H/stack/coadd.Open-H.01944325-01944380.C2.fits', '/mnt/photometry/AT2024ahec/field9933-2024-10-10/H/stack/coadd.Open-H.01808243-01808298.C2.fits', '/mnt/photometry/AT2024ahec/field9933-2024-11-28/H/stack/coadd.Open-H.01995872-01995927.C2.fits', '/mnt/photometry/AT2024ahec/field9933-2024-10-07/H/stack/coadd.Open-H.01792058-01792113.C2.fits', '/mnt/photometry/AT2024ahec/field9933-2024-11-09/H/stack/coadd.Open-H.01922638-01922693.C2.fits']","['field9933-2024-10-23', 'field9933-2024-09-26', 'field9933-2025-01-09', 'field9933-2024-10-30', 'field9933-2024-11-11', 'field9933-2025-01-17', 'field9933-2024-11-30', 'field9933-2024-10-24', 'field9933-2024-11-17', 'field9933-2024-11-22', 'field9933-2024-11-06', 'field9933-2024-11-14', 'field9933-2024-10-10', 'field9933-2024-11-28', 'field9933-2024-10-07', 'field9933-2024-11-09']","['C2', 'C2', 'C2', 'C2', 'C2', 'C2', 'C2', 'C2', 'C2', 'C2', 'C2', 'C2', 'C2', 'C2', 'C2', 'C2']","[17.927, 17.558, 17.633, 17.554, 18.119, 17.695, 17.477, nan, nan, nan, nan, nan, 18.537, 17.689, nan, nan]","[0.118, 0.114, 0.122, 0.14, 0.181, 0.142, 0.07, nan, nan, nan, nan, nan, 0.202, 0.108, nan, nan]","[19.122, 19.326, 19.273, 19.16, 18.498, 19.295, 18.868, nan, nan, nan, nan, nan, 18.839, 19.068, nan, nan]","[0.306, 0.21, 0.302, 0.379, 0.33, 0.253, 0.167, nan, nan, nan, nan, nan, 0.26, 0.269, nan, nan]","[18.875, 19.004, 18.998, 18.748, 18.088, 18.951, 18.869, nan, nan, nan, nan, nan, 18.835, 18.931, nan, nan]","[0.118, 0.104, 0.15, 0.168, 0.165, 0.137, 0.079, nan, nan, nan, nan, nan, 0.184, 0.131, nan, nan]","[-44, -71, 34, -37, -25, 42, -6, -43, -19, -14, -30, -22, -57, -8, -60, -27]","[0.0, 3.0, 3.0, 3.0, 3.0, 3.0, 3.0, nan, nan, nan, nan, nan, 3.0, 3.0, nan, nan]","[0.0, 3.0, 3.0, 3.0, 3.0, 3.0, 3.0, nan, nan, nan, nan, nan, 3.0, 3.0, nan, nan]","[0.0, 3.0, 3.0, 3.0, 3.0, 3.0, 3.0, nan, nan, nan, nan, nan, 3.0, 3.0, nan, nan]",172678,AT,2024ahec,57.27754075,-21.69394136,,,,4,Pan-STARRS,4.0,Pan-STARRS,20.46,26.0,w,"K. C. Chambers, T. de Boer, J. Fairlamb, M. Huber, C.-C. Lin, T. Lowe, E. Magnier, A. Schultz, R. J. Wainscoat, H. Gao, P. Minguez (IfA, University of Hawaii), K. W. Smith, D. R. Young, S. Srivastav, M. Fulton, S. J. Smartt, M. Nicholl, T. Moore, J. Weston, C. R. Angus, S. Sim (Queen's University Belfast), D. E. Wright (University of Minnesota)",2/16/25 21:51,PS24opp,2025TNSTR.629....1C,,2/16/25 21:51,2/16/25 21:51,,True,240.04661465763184,1.7300000000000004,-0.2008888888888869,18.104,-49.6645718529513
AT2025btm,field915-2025-02-13,field915,J,C4,/mnt/photometry/AT2025btm/field915-2025-02-13/J/stack/coadd.Open-J.02116085-02116393.C4.fits,/mnt/photometry/AT2025btm/field915-2025-02-13/J/stack/GRB_J_C4_Data_VHS_02116393.ecsv,2025-02-13,60.06,Circle,120.0,1,15,48.0,247.96789,-71.21108,2.0,2.0,2.0,2.15,78.59,1.158,3.51696,0.17197,,,17.235,16.51,0.022,0.02,1.066,,17.03,,,,0.546,,,0.341,,0.017,2025-02-13,0,sci,['/mnt/photometry/AT2025btm/field915-2025-02-17/J/stack/coadd.Open-J.02141517-02141825.C4.fits'],['field915-2025-02-17'],['C4'],[16.528],[0.021],[17.29],[0.027],[17.368],[0.022],[4],[2.0],[2.0],[2.0],172626,AT,2025btm,247.9699308,-71.2117987,,,,135,GW-MMADS,135.0,GW-MMADS,21.3795,23.0,i,"Xander J. Hall (CMU), Tomás Cabrera (CMU), Lei Hu (CMU), Antonella Palmese (CMU), Igor Andreoni (UMD), Brendan O’Connor (CMU), Robert Stein (Caltech), Michael Coughlin (UMN), Theo Jegou Du Laz (Caltech), Keerthi Kunnumkai (CMU), on behalf of GW-MMADS",2/16/25 18:24,T202502131631528m711242,2025TNSTR.628....1H,,2/16/25 18:24,2/16/25 18:24,,False,1979.361272219311,0.5199999999999996,-0.07549999999999812,16.872500000000002,-15.326579296527127
AT2025btk,field1134-2025-02-14,field1134,J,C3,/mnt/photometry/AT2025btk/field1134-2025-02-14/J/stack/coadd.Open-J.02122779-02123087.C3.fits,/mnt/photometry/AT2025btk/field1134-2025-02-14/J/stack/GRB_J_C3_Data_VHS_02123087.ecsv,2025-02-13,60.06,Circle,120.0,1,15,48.0,232.86066,-68.77918,2.0,2.0,2.0,1.16,63.85,1.309,0.849,0.58371,,,17.278,16.927,0.021,0.024,0.642,,17.283,,,,0.285,,,0.291,,0.025,2025-02-14,1,sci,['/mnt/photometry/AT2025btk/field1134-2025-02-17/J/stack/coadd.Open-J.02139867-02140175.C3.fits'],['field1134-2025-02-17'],['C3'],[nan],[nan],[nan],[nan],[nan],[nan],[4],[nan],[nan],[nan],172624,AT,2025btk,232.8601572,-68.77932367,,,,135,GW-MMADS,135.0,GW-MMADS,20.4663,23.0,i,"Xander J. Hall (CMU), Tomás Cabrera (CMU), Lei Hu (CMU), Antonella Palmese (CMU), Igor Andreoni (UMD), Brendan O’Connor (CMU), Robert Stein (Caltech), Michael Coughlin (UMN), Theo Jegou Du Laz (Caltech), Keerthi Kunnumkai (CMU), on behalf of GW-MMADS",2/16/25 18:24,T202502131531264m684646,2025TNSTR.628....1H,,2/16/25 18:24,2/16/25 18:24,,False,690.7024936718101,0.35600000000000165,,17.1025,-10.076259361197945
AT2025btj,field1257-2025-02-17,field1257,J,C1,/mnt/photometry/AT2025btj/field1257-2025-02-17/J/stack/coadd.Open-J.02138877-02139185.C1.fits,/mnt/photometry/AT2025btj/field1257-2025-02-17/J/stack/GRB_J_C1_Data_VHS_02139185.ecsv,2025-02-13,60.06,Circle,120.0,1,15,48.0,241.63354,-66.96048,0.0,0.0,0.0,1.4,20.61,1.313,2.92978,-1.0,,,18.776,18.35,0.057,0.053,99.0,,18.917,,,,99.0,,,99.0,,0.053,2025-02-17,4,sci,"['/mnt/photometry/AT2025btj/field1257-2024-09-11/J/stack/coadd.Open-J.01665063-01665099.C1.fits', '/mnt/photometry/AT2025btj/field1257-2025-02-13/J/stack/coadd.Open-J.02116435-02116743.C1.fits']","['field1257-2024-09-11', 'field1257-2025-02-13']","['C1', 'C1']","[nan, nan]","[nan, nan]","[nan, nan]","[nan, nan]","[nan, nan]","[nan, nan]","[-155, 0]","[nan, nan]","[nan, nan]","[nan, nan]",172623,AT,2025btj,241.6325097,-66.95976982,,,,135,GW-MMADS,135.0,GW-MMADS,22.0521,23.0,i,"Xander J. Hall (CMU), Tomás Cabrera (CMU), Lei Hu (CMU), Antonella Palmese (CMU), Igor Andreoni (UMD), Brendan O’Connor (CMU), Robert Stein (Caltech), Michael Coughlin (UMN), Theo Jegou Du Laz (Caltech), Keerthi Kunnumkai (CMU), on behalf of GW-MMADS",2/16/25 18:24,T202502131606318m665735,2025TNSTR.628....1H,,2/16/25 18:24,2/16/25 18:24,,False,667.1771160378885,0.5670000000000002,,18.563000000000002,-10.74657948404239
AT2025bti,field1256-2025-02-17,field1256,J,C4,/mnt/photometry/AT2025bti/field1256-2025-02-17/J/stack/coadd.Open-J.02139207-02139515.C4.fits,/mnt/photometry/AT2025bti/field1256-2025-02-17/J/stack/GRB_J_C4_Data_2MASS_02139515.ecsv,2025-02-13,60.06,Circle,120.0,1,15,48.0,239.81495,-67.75824,3.0,3.0,3.0,1.01,26.87,1.177,1.43077,-1.0,,,18.289,18.353,0.044,0.048,99.0,,18.403,,,,99.0,,,99.0,,0.052,2025-02-17,4,sci,['/mnt/photometry/AT2025bti/field1256-2025-02-14/J/stack/coadd.Open-J.02122445-02122753.C4.fits'],['field1256-2025-02-14'],['C4'],[18.413],[0.049],[18.344],[0.036],[18.272],[0.039],[1],[3.0],[3.0],[3.0],172622,AT,2025bti,239.8147373,-67.75862824,,,,135,GW-MMADS,135.0,GW-MMADS,21.6973,23.0,i,"Xander J. Hall (CMU), Tomás Cabrera (CMU), Lei Hu (CMU), Antonella Palmese (CMU), Igor Andreoni (UMD), Brendan O’Connor (CMU), Robert Stein (Caltech), Michael Coughlin (UMN), Theo Jegou Du Laz (Caltech), Keerthi Kunnumkai (CMU), on behalf of GW-MMADS",2/16/25 18:24,T202502131559155m674531,2025TNSTR.628....1H,,2/16/25 18:24,2/16/25 18:24,,False,1447.9324780465322,0.04999999999999716,-0.021499999999997854,18.321,-10.87157551954624
AT2025bth,field1140-2025-02-15,field1140,J,C2,/mnt/photometry/AT2025bth/field1140-2025-02-15/J/stack/coadd.Open-J.02128873-02129181.C2.fits,/mnt/photometry/AT2025bth/field1140-2025-02-15/J/stack/GRB_J_C2_Data_VHS_02129181.ecsv,2025-02-13,60.06,Circle,120.0,1,15,48.0,253.01468,-68.23968,0.0,0.0,0.0,2.71,152.05,1.822,1.11971,-1.0,,,16.656,15.314,0.013,0.025,99.0,,16.673,,,,99.0,,,99.0,,0.01,2025-02-15,2,sci,['/mnt/photometry/AT2025bth/field1140-2025-02-12/J/stack/coadd.Open-J.02113367-02113565.C1.fits'],['field1140-2025-02-12'],['C1'],[nan],[nan],[nan],[nan],[nan],[nan],[-1],[nan],[nan],[nan],172621,AT,2025bth,253.0154411,-68.23954975,,,,135,GW-MMADS,135.0,GW-MMADS,20.2517,23.0,i,"Xander J. Hall (CMU), Tomás Cabrera (CMU), Lei Hu (CMU), Antonella Palmese (CMU), Igor Andreoni (UMD), Brendan O’Connor (CMU), Robert Stein (Caltech), Michael Coughlin (UMN), Theo Jegou Du Laz (Caltech), Keerthi Kunnumkai (CMU), on behalf of GW-MMADS",2/16/25 18:24,T202502131652037m681422,2025TNSTR.628....1H,,2/16/25 18:24,2/16/25 18:24,,False,1235.171033440041,1.3589999999999982,,15.985,-14.812083484993856
AT2025btg,field1258-2025-02-13,field1258,J,C4,/mnt/photometry/AT2025btg/field1258-2025-02-13/J/stack/coadd.Open-J.02116765-02117855.C4.fits,/mnt/photometry/AT2025btg/field1258-2025-02-13/J/stack/GRB_J_C4_Data_VHS_02117855.ecsv,2025-02-13,60.06,Circle,120.0,1,15,48.0,245.80904,-67.9502,2.0,2.0,2.0,1.89,45.37,1.287,0.41112,0.28052,,,17.859,17.476,0.035,0.024,0.654,,17.809,,,,0.321,,,0.27,,0.028,2025-02-13,0,sci,"['/mnt/photometry/AT2025btg/field1258-2024-09-11/J/stack/coadd.Open-J.01665103-01665139.C4.fits', '/mnt/photometry/AT2025btg/field1258-2025-02-16/J/stack/coadd.Open-J.02135379-02135687.C4.fits']","['field1258-2024-09-11', 'field1258-2025-02-16']","['C4', 'C4']","[nan, 18.29]","[nan, 0.044]","[nan, 18.297]","[nan, 0.03]","[nan, 18.213]","[nan, 0.035]","[-155, 3]","[nan, 1.0]","[nan, 1.0]","[nan, 1.0]",172620,AT,2025btg,245.808953,-67.95008865,,,,135,GW-MMADS,135.0,GW-MMADS,21.3116,23.0,i,"Xander J. Hall (CMU), Tomás Cabrera (CMU), Lei Hu (CMU), Antonella Palmese (CMU), Igor Andreoni (UMD), Brendan O’Connor (CMU), Robert Stein (Caltech), Michael Coughlin (UMN), Theo Jegou Du Laz (Caltech), Keerthi Kunnumkai (CMU), on behalf of GW-MMADS",2/16/25 18:24,C202502131623141m675700,2025TNSTR.628....1H,,2/16/25 18:24,2/16/25 18:24,,False,1649.78193916864,0.33300000000000196,-0.5839999999999996,17.6675,-12.576188453939405
AT2025bte,field915-2025-02-13,field915,J,C4,/mnt/photometry/AT2025bte/field915-2025-02-13/J/stack/coadd.Open-J.02116085-02116393.C4.fits,/mnt/photometry/AT2025bte/field915-2025-02-13/J/stack/GRB_J_C4_Data_VHS_02116393.ecsv,2025-02-13,60.06,Circle,120.0,1,15,48.0,247.40793,-71.31542,2.0,2.0,2.0,1.56,25.54,1.112,0.1837,0.12839,,,18.346,18.108,0.056,0.044,0.623,,18.244,,,,0.487,,,0.384,,0.066,2025-02-13,0,sci,['/mnt/photometry/AT2025bte/field915-2025-02-17/J/stack/coadd.Open-J.02141517-02141825.C4.fits'],['field915-2025-02-17'],['C4'],[18.287],[0.063],[18.501],[0.053],[18.57],[0.055],[4],[2.0],[2.0],[1.0],172618,AT,2025bte,247.4080844,-71.31542655,,,,135,GW-MMADS,135.0,GW-MMADS,20.9155,23.0,i,"Xander J. Hall (CMU), Tomás Cabrera (CMU), Lei Hu (CMU), Antonella Palmese (CMU), Igor Andreoni (UMD), Brendan O’Connor (CMU), Robert Stein (Caltech), Michael Coughlin (UMN), Theo Jegou Du Laz (Caltech), Keerthi Kunnumkai (CMU), on behalf of GW-MMADS",2/16/25 18:24,A202502131629379m711856,2025TNSTR.628....1H,,2/16/25 18:24,2/16/25 18:24,,False,679.6759655708556,0.13599999999999923,-0.20149999999999935,18.227,-15.259087060604307
AT2025btd,field1027-2025-02-14,field1027,J,C3,/mnt/photometry/AT2025btd/field1027-2025-02-14/J/stack/coadd.Open-J.02124099-02124407.C3.fits,/mnt/photometry/AT2025btd/field1027-2025-02-14/J/stack/GRB_J_C3_Data_VHS_02124407.ecsv,2025-02-13,60.06,Circle,120.0,1,15,48.0,255.84712,-70.37041,2.0,2.0,2.0,1.35,74.06,1.096,0.70559,0.35904,,,17.535,17.074,0.02,0.021,0.701,,17.409,,,,0.366,,,0.241,,0.018,2025-02-14,1,sci,['/mnt/photometry/AT2025btd/field1027-2024-08-19/J/stack/coadd.Open-J.01580235-01580271.C3.fits'],['field1027-2024-08-19'],['C3'],[16.674],[0.094],[17.279],[0.076],[17.392],[0.098],[-178],[2.0],[2.0],[2.0],172617,AT,2025btd,255.8473085,-70.37022193,,,,135,GW-MMADS,135.0,GW-MMADS,20.6414,23.0,i,"Xander J. Hall (CMU), Tomás Cabrera (CMU), Lei Hu (CMU), Antonella Palmese (CMU), Igor Andreoni (UMD), Brendan O’Connor (CMU), Robert Stein (Caltech), Michael Coughlin (UMN), Theo Jegou Du Laz (Caltech), Keerthi Kunnumkai (CMU), on behalf of GW-MMADS",2/16/25 18:24,C202502131703234m702213,2025TNSTR.628....1H,,2/16/25 18:24,2/16/25 18:24,,False,570.2412507959832,0.3349999999999973,0.2715000000000014,17.3045,-16.867391372520046
AT2025bob,field1256-2025-02-14,field1256,J,C4,/mnt/photometry/AT2025bob/field1256-2025-02-14/J/stack/coadd.Open-J.02122445-02122753.C4.fits,/mnt/photometry/AT2025bob/field1256-2025-02-14/J/stack/GRB_J_C4_Data_2MASS_02122753.ecsv,2025-02-13,60.06,Circle,120.0,1,15,48.0,239.56909,-67.94749,1.0,1.0,2.0,2.21,244.0,2.345,1.13322,0.16336,,,15.725,14.65,0.008,0.017,0.88,,15.553,,,,-0.023,,,-0.195,,0.006,2025-02-14,1,sci,['/mnt/photometry/AT2025bob/field1256-2025-02-17/J/stack/coadd.Open-J.02139207-02139515.C4.fits'],['field1256-2025-02-17'],['C4'],[16.863],[0.079],[17.952],[0.11],[18.202],[0.114],[4],[2.0],[2.0],[2.0],172445,AT,2025bob,239.568537,-67.94772654,,,,135,GW-MMADS,135.0,GW-MMADS,21.6559,23.0,i,"Xander Hall (CMU), Tomás Cabrera (CMU), Lei Hu (CMU), Antonella Palmese (CMU), Igor Andreoni (UMD), Brendan O’Connor (CMU), Robert Stein (Caltech), Michael Coughlin (UMN), Theo Jegou Du Laz (Caltech), Keerthi Kunnumkai (CMU), on behalf of GW-MMADS",2/13/25 20:04,T202502131558164m675652,2025TNSTR.594....1H,,2/13/25 20:05,2/13/25 20:05,,False,777.6680742621556,0.9030000000000005,-2.3450000000000006,15.1875,-10.95299161673886
AT2025boa,field1021-2025-02-12,field1021,J,C2,/mnt/photometry/AT2025boa/field1021-2025-02-12/J/stack/coadd.Open-J.02109517-02109825.C2.fits,/mnt/photometry/AT2025boa/field1021-2025-02-12/J/stack/GRB_J_C2_Data_VHS_02109825.ecsv,2025-02-13,60.06,Circle,120.0,1,15,48.0,238.31167,-69.28406,1.0,1.0,2.0,1.51,22.74,1.566,3.93711,0.17247,,,18.775,18.053,0.067,0.065,0.68,,18.764,,,,-0.031,,,-0.042,,0.095,2025-02-12,-1,sci,['/mnt/photometry/AT2025boa/field1021-2025-02-15/J/stack/coadd.Open-J.02127223-02127531.C2.fits'],['field1021-2025-02-15'],['C2'],[18.122],[0.09],[18.903],[0.063],[18.754],[0.084],[2],[2.0],[1.0],[1.0],172444,AT,2025boa,238.3136142,-69.28491305,,,,135,GW-MMADS,135.0,GW-MMADS,21.5043,23.0,i,"Xander Hall (CMU), Tomás Cabrera (CMU), Lei Hu (CMU), Antonella Palmese (CMU), Igor Andreoni (UMD), Brendan O’Connor (CMU), Robert Stein (Caltech), Michael Coughlin (UMN), Theo Jegou Du Laz (Caltech), Keerthi Kunnumkai (CMU), on behalf of GW-MMADS",2/13/25 20:04,T202502131553153m691706,2025TNSTR.594....1H,,2/13/25 20:05,2/13/25 20:05,,False,922.3245297038725,0.7109999999999985,-0.02400000000000091,18.414,-11.670054128065793
AT2025bnz,field1140-2025-02-15,field1140,J,C4,/mnt/photometry/AT2025bnz/field1140-2025-02-15/J/stack/coadd.Open-J.02128873-02129181.C4.fits,/mnt/photometry/AT2025bnz/field1140-2025-02-15/J/stack/GRB_J_C4_Data_VHS_02129181.ecsv,2025-02-13,60.06,Circle,120.0,1,15,48.0,252.64256,-69.27099,1.0,2.0,2.0,1.69,1e+30,1.709,0.37611,0.47122,,,20.47,21.968,0.001,99.0,-2.219,,123.599,,,,-103.85,,,-0.721,,0.001,2025-02-15,2,sci,['/mnt/photometry/AT2025bnz/field1140-2025-02-12/J/stack/coadd.Open-J.02113257-02113565.C4.fits'],['field1140-2025-02-12'],['C4'],[nan],[nan],[nan],[nan],[nan],[nan],[-1],[nan],[nan],[nan],172443,AT,2025bnz,252.6424491,-69.27108589,,,,135,GW-MMADS,135.0,GW-MMADS,21.0274,23.0,i,"Xander Hall (CMU), Tomás Cabrera (CMU), Lei Hu (CMU), Antonella Palmese (CMU), Igor Andreoni (UMD), Brendan O’Connor (CMU), Robert Stein (Caltech), Michael Coughlin (UMN), Theo Jegou Du Laz (Caltech), Keerthi Kunnumkai (CMU), on behalf of GW-MMADS",2/13/25 20:04,T202502131650342m691616,2025TNSTR.594....1H,,2/13/25 20:05,2/13/25 20:05,,True,328.62008379119106,101.631,,21.219,-15.32827124848606
AT2025bnx,field1137-2025-02-15,field1137,J,C4,/mnt/photometry/AT2025bnx/field1137-2025-02-15/J/stack/coadd.Open-J.02129863-02130171.C4.fits,/mnt/photometry/AT2025bnx/field1137-2025-02-15/J/stack/GRB_J_C4_Data_VHS_02130171.ecsv,2025-02-13,60.06,Circle,120.0,1,15,48.0,243.19809,-68.82788,2.0,2.0,2.0,1.85,101.26,1.213,0.52767,0.23875,,,16.775,16.041,0.015,0.016,0.968,,16.585,,,,0.423,,,0.234,,0.014,2025-02-15,2,sci,['/mnt/photometry/AT2025bnx/field1137-2025-02-12/J/stack/coadd.Open-J.02111497-02111805.C4.fits'],['field1137-2025-02-12'],['C4'],[18.704],[0.044],[18.684],[0.039],[18.757],[0.037],[-1],[1.0],[1.0],[2.0],172441,AT,2025bnx,243.1983389,-68.82776127,,,,135,GW-MMADS,135.0,GW-MMADS,20.5293,22.0,r,"Xander Hall (CMU), Tomás Cabrera (CMU), Lei Hu (CMU), Antonella Palmese (CMU), Igor Andreoni (UMD), Brendan O’Connor (CMU), Robert Stein (Caltech), Michael Coughlin (UMN), Theo Jegou Du Laz (Caltech), Keerthi Kunnumkai (CMU), on behalf of GW-MMADS",2/13/25 20:04,T202502131612476m684940,2025TNSTR.594....1H,,2/13/25 20:05,2/13/25 20:05,,False,1304.6675755010547,0.5440000000000005,-2.3225000000000016,16.408,-12.506271924636827
AT2025bnv,field1255-2025-02-14,field1255,J,C3,/mnt/photometry/AT2025bnv/field1255-2025-02-14/J/stack/coadd.Open-J.02122115-02122423.C3.fits,/mnt/photometry/AT2025bnv/field1255-2025-02-14/J/stack/GRB_J_C3_Data_VHS_02122423.ecsv,2025-02-13,60.06,Circle,120.0,1,15,48.0,235.92529,-67.68244,2.0,2.0,2.0,1.65,78.13,1.186,1.09523,0.45987,,,17.352,16.693,0.02,0.023,1.024,,17.259,,,,0.457,,,0.365,,0.019,2025-02-14,1,sci,['/mnt/photometry/AT2025bnv/field1255-2025-02-17/J/stack/coadd.Open-J.02139537-02139845.C3.fits'],['field1255-2025-02-17'],['C3'],[16.742],[0.017],[17.44],[0.03],[17.471],[0.019],[4],[0.0],[0.0],[0.0],172439,AT,2025bnv,235.9260188,-67.68256783,,,,135,GW-MMADS,135.0,GW-MMADS,20.8936,23.0,i,"Xander Hall (CMU), Tomás Cabrera (CMU), Lei Hu (CMU), Antonella Palmese (CMU), Igor Andreoni (UMD), Brendan O’Connor (CMU), Robert Stein (Caltech), Michael Coughlin (UMN), Theo Jegou Du Laz (Caltech), Keerthi Kunnumkai (CMU), on behalf of GW-MMADS",2/13/25 20:04,T202502131543422m674057,2025TNSTR.594....1H,,2/13/25 20:05,2/13/25 20:05,,False,1357.862826094546,0.565999999999999,-0.08399999999999963,17.0225,-9.87383943439737
AT2025bnu,field1140-2025-02-12,field1140,J,C4,/mnt/photometry/AT2025bnu/field1140-2025-02-12/J/stack/coadd.Open-J.02113257-02113565.C4.fits,/mnt/photometry/AT2025bnu/field1140-2025-02-12/J/stack/GRB_J_C4_Data_VHS_02113565.ecsv,2025-02-13,60.06,Circle,120.0,1,15,48.0,252.86495,-69.10798,1.0,1.0,2.0,1.14,57.24,1.451,0.16646,0.08114,,,18.037,17.64,0.022,0.024,0.501,,18.054,,,,0.087,,,0.103,,0.024,2025-02-12,-1,sci,['/mnt/photometry/AT2025bnu/field1140-2025-02-15/J/stack/coadd.Open-J.02128873-02129181.C4.fits'],['field1140-2025-02-15'],['C4'],[17.706],[0.036],[18.108],[0.028],[18.244],[0.033],[2],[2.0],[1.0],[1.0],172438,AT,2025bnu,252.8650086,-69.10794081,,,,135,GW-MMADS,135.0,GW-MMADS,21.4038,23.0,i,"Xander Hall (CMU), Tomás Cabrera (CMU), Lei Hu (CMU), Antonella Palmese (CMU), Igor Andreoni (UMD), Brendan O’Connor (CMU), Robert Stein (Caltech), Michael Coughlin (UMN), Theo Jegou Du Laz (Caltech), Keerthi Kunnumkai (CMU), on behalf of GW-MMADS",2/13/25 20:04,T202502131651276m690629,2025TNSTR.594....1H,,2/13/25 20:05,2/13/25 20:05,,False,1523.2283389654176,0.4139999999999979,-0.13649999999999984,17.8385,-15.292914172214601
AT2025bnp,field1021-2025-02-15,field1021,J,C4,/mnt/photometry/AT2025bnp/field1021-2025-02-15/J/stack/coadd.Open-J.02127223-02127531.C4.fits,/mnt/photometry/AT2025bnp/field1021-2025-02-15/J/stack/GRB_J_C4_Data_VHS_02127531.ecsv,2025-02-13,60.06,Circle,120.0,1,15,48.0,238.09303,-70.07869,2.0,2.0,2.0,2.22,69.95,2.055,0.60432,0.56746,,,17.318,16.302,0.023,0.027,1.288,,17.204,,,,0.385,,,0.271,,0.019,2025-02-15,2,sci,['/mnt/photometry/AT2025bnp/field1021-2025-02-12/J/stack/coadd.Open-J.02109517-02109825.C4.fits'],['field1021-2025-02-12'],['C4'],[16.33],[0.019],[17.459],[0.032],[17.451],[0.021],[-1],[2.0],[2.0],[2.0],172433,AT,2025bnp,238.092561,-70.07863681,,,,135,GW-MMADS,135.0,GW-MMADS,21.1413,23.0,i,"Xander Hall (CMU), Tomás Cabrera (CMU), Lei Hu (CMU), Antonella Palmese (CMU), Igor Andreoni (UMD), Brendan O’Connor (CMU), Robert Stein (Caltech), Michael Coughlin (UMN), Theo Jegou Du Laz (Caltech), Keerthi Kunnumkai (CMU), on behalf of GW-MMADS",2/13/25 20:04,T202502131552222m700443,2025TNSTR.594....1H,,2/13/25 20:05,2/13/25 20:05,,False,2125.8297269253044,0.902000000000001,-0.0804999999999989,16.810000000000002,-12.227298275927671
AT2025bno,field1137-2025-02-12,field1137,J,C2,/mnt/photometry/AT2025bno/field1137-2025-02-12/J/stack/coadd.Open-J.02111497-02111805.C2.fits,/mnt/photometry/AT2025bno/field1137-2025-02-12/J/stack/GRB_J_C2_Data_VHS_02111805.ecsv,2025-02-13,60.06,Circle,120.0,1,15,48.0,242.69985,-68.46958,1.0,1.0,2.0,1.43,16.46,1.239,3.59538,0.48084,,,19.523,18.769,0.086,0.07,1.15,,19.535,,,,0.383,,,0.396,,0.109,2025-02-12,-1,sci,['/mnt/photometry/AT2025bno/field1137-2025-02-15/J/stack/coadd.Open-J.02129863-02130171.C2.fits'],['field1137-2025-02-15'],['C2'],[nan],[nan],[nan],[nan],[nan],[nan],[2],[nan],[nan],[nan],172432,AT,2025bno,242.6984738,-68.47044491,,,,135,GW-MMADS,135.0,GW-MMADS,21.1144,23.0,i,"Xander Hall (CMU), Tomás Cabrera (CMU), Lei Hu (CMU), Antonella Palmese (CMU), Igor Andreoni (UMD), Brendan O’Connor (CMU), Robert Stein (Caltech), Michael Coughlin (UMN), Theo Jegou Du Laz (Caltech), Keerthi Kunnumkai (CMU), on behalf of GW-MMADS",2/13/25 20:04,T202502131610476m682814,2025TNSTR.594....1H,,2/13/25 20:05,2/13/25 20:05,,False,918.476447937494,0.7660000000000018,,19.146,-12.12333523884575
AT2025bnm,field1138-2025-02-15,field1138,J,C4,/mnt/photometry/AT2025bnm/field1138-2025-02-15/J/stack/coadd.Open-J.02129533-02129841.C4.fits,/mnt/photometry/AT2025bnm/field1138-2025-02-15/J/stack/GRB_J_C4_Data_VHS_02129841.ecsv,2025-02-13,60.06,Circle,120.0,1,15,48.0,245.71543,-69.02355,1.0,1.0,2.0,1.1,38.54,1.322,2.64061,0.17682,,,18.059,17.881,0.032,0.032,0.17,,18.064,,,,-0.013,,,-0.008,,0.047,2025-02-15,2,sci,['/mnt/photometry/AT2025bnm/field1138-2025-02-12/J/stack/coadd.Open-J.02112597-02112905.C4.fits'],['field1138-2025-02-12'],['C4'],[17.901],[0.068],[18.258],[0.034],[18.245],[0.037],[-1],[1.0],[2.0],[2.0],172430,AT,2025bnm,245.7173645,-69.02330694,,,,135,GW-MMADS,135.0,GW-MMADS,22.1041,23.0,i,"Xander Hall (CMU), Tomás Cabrera (CMU), Lei Hu (CMU), Antonella Palmese (CMU), Igor Andreoni (UMD), Brendan O’Connor (CMU), Robert Stein (Caltech), Michael Coughlin (UMN), Theo Jegou Du Laz (Caltech), Keerthi Kunnumkai (CMU), on behalf of GW-MMADS",2/13/25 20:04,T202502131622522m690124,2025TNSTR.594....1H,,2/13/25 20:05,2/13/25 20:05,,False,729.858363216501,0.18299999999999983,-0.10299999999999976,17.97,-13.289424164293688
AT2025bnl,field1023-2025-02-15,field1023,J,C1,/mnt/photometry/AT2025bnl/field1023-2025-02-15/J/stack/coadd.Open-J.02127883-02128191.C1.fits,/mnt/photometry/AT2025bnl/field1023-2025-02-15/J/stack/GRB_J_C1_Data_VHS_02128191.ecsv,2025-02-13,60.06,Circle,120.0,1,15,48.0,242.33114,-69.34257,0.0,0.0,0.0,1.69,20.62,1.285,2.30092,-1.0,,,18.827,18.236,0.072,0.067,99.0,,18.841,,,,99.0,,,99.0,,0.053,2025-02-15,2,sci,['/mnt/photometry/AT2025bnl/field1023-2025-02-12/J/stack/coadd.Open-J.02110177-02110485.C1.fits'],['field1023-2025-02-12'],['C1'],[nan],[nan],[nan],[nan],[nan],[nan],[-1],[nan],[nan],[nan],172429,AT,2025bnl,242.3307976,-69.34194455,,,,135,GW-MMADS,135.0,GW-MMADS,21.3403,23.0,i,"Xander Hall (CMU), Tomás Cabrera (CMU), Lei Hu (CMU), Antonella Palmese (CMU), Igor Andreoni (UMD), Brendan O’Connor (CMU), Robert Stein (Caltech), Michael Coughlin (UMN), Theo Jegou Du Laz (Caltech), Keerthi Kunnumkai (CMU), on behalf of GW-MMADS",2/13/25 20:04,T202502131609194m692031,2025TNSTR.594....1H,,2/13/25 20:05,2/13/25 20:05,,False,1434.2963604531496,0.6050000000000004,,18.5315,-12.660532106720414
AT2025bnh,field1139-2025-02-15,field1139,J,C1,/mnt/photometry/AT2025bnh/field1139-2025-02-15/J/stack/coadd.Open-J.02129203-02129511.C1.fits,/mnt/photometry/AT2025bnh/field1139-2025-02-15/J/stack/GRB_J_C1_Data_VHS_02129511.ecsv,2025-02-13,60.06,Circle,120.0,1,15,48.0,248.15977,-68.51753,2.0,2.0,2.0,1.48,52.55,1.185,0.7719,0.77721,,,17.597,17.346,0.027,0.018,0.573,,17.623,,,,0.297,,,0.323,,0.027,2025-02-15,2,sci,['/mnt/photometry/AT2025bnh/field1139-2025-02-12/J/stack/coadd.Open-J.02112927-02113235.C1.fits'],['field1139-2025-02-12'],['C1'],[nan],[nan],[nan],[nan],[nan],[nan],[-1],[nan],[nan],[nan],172425,AT,2025bnh,248.1591996,-68.51748068,,,,135,GW-MMADS,135.0,GW-MMADS,21.4456,23.0,i,"Xander Hall (CMU), Tomás Cabrera (CMU), Lei Hu (CMU), Antonella Palmese (CMU), Igor Andreoni (UMD), Brendan O’Connor (CMU), Robert Stein (Caltech), Michael Coughlin (UMN), Theo Jegou Du Laz (Caltech), Keerthi Kunnumkai (CMU), on behalf of GW-MMADS",2/13/25 20:04,T202502131632382m683103,2025TNSTR.594....1H,,2/13/25 20:05,2/13/25 20:05,,False,1193.1309049858983,0.277000000000001,,17.4715,-13.602151044168437
AT2025bnd,field1257-2025-02-17,field1257,J,C3,/mnt/photometry/AT2025bnd/field1257-2025-02-17/J/stack/coadd.Open-J.02138877-02139185.C3.fits,/mnt/photometry/AT2025bnd/field1257-2025-02-17/J/stack/GRB_J_C3_Data_VHS_02139185.ecsv,2025-02-13,60.06,Circle,120.0,1,15,48.0,241.49008,-67.78229,1.0,1.0,2.0,1.4,35.62,1.282,0.37664,0.11929,,,18.424,17.862,0.036,0.035,0.68,,18.465,,,,0.076,,,0.118,,0.037,2025-02-17,4,sci,['/mnt/photometry/AT2025bnd/field1257-2025-02-13/J/stack/coadd.Open-J.02116435-02116743.C3.fits'],['field1257-2025-02-13'],['C3'],[18.009],[0.04],[18.286],[0.033],[18.334],[0.043],[0],[2.0],[2.0],[2.0],172421,AT,2025bnd,241.4903397,-67.78225607,,,,135,GW-MMADS,135.0,GW-MMADS,22.0166,23.0,i,"Xander Hall (CMU), Tomás Cabrera (CMU), Lei Hu (CMU), Antonella Palmese (CMU), Igor Andreoni (UMD), Brendan O’Connor (CMU), Robert Stein (Caltech), Michael Coughlin (UMN), Theo Jegou Du Laz (Caltech), Keerthi Kunnumkai (CMU), on behalf of GW-MMADS",2/13/25 20:04,T202502131605577m674656,2025TNSTR.594....1H,,2/13/25 20:05,2/13/25 20:05,,False,2100.0308701020313,0.6030000000000015,-0.02850000000000108,18.143,-11.313434710288693
AT2025bnc,field1027-2025-02-14,field1027,J,C3,/mnt/photometry/AT2025bnc/field1027-2025-02-14/J/stack/coadd.Open-J.02124099-02124407.C3.fits,/mnt/photometry/AT2025bnc/field1027-2025-02-14/J/stack/GRB_J_C3_Data_VHS_02124407.ecsv,2025-02-13,60.06,Circle,120.0,1,15,48.0,256.26305,-69.87387,2.0,2.0,2.0,1.42,44.09,1.11,2.81389,0.16079,,,17.961,17.431,0.034,0.042,0.752,,17.936,,,,0.247,,,0.222,,0.043,2025-02-14,1,sci,['/mnt/photometry/AT2025bnc/field1027-2024-08-19/J/stack/coadd.Open-J.01580235-01580271.C3.fits'],['field1027-2024-08-19'],['C3'],[nan],[nan],[nan],[nan],[nan],[nan],[-178],[nan],[nan],[nan],172420,AT,2025bnc,256.2607847,-69.87382488,,,,135,GW-MMADS,135.0,GW-MMADS,22.2463,23.0,i,"Xander Hall (CMU), Tomás Cabrera (CMU), Lei Hu (CMU), Antonella Palmese (CMU), Igor Andreoni (UMD), Brendan O’Connor (CMU), Robert Stein (Caltech), Michael Coughlin (UMN), Theo Jegou Du Laz (Caltech), Keerthi Kunnumkai (CMU), on behalf of GW-MMADS",2/13/25 20:04,T202502131705026m695226,2025TNSTR.594....1H,,2/13/25 20:04,2/13/25 20:04,,False,761.2853975312628,0.504999999999999,,17.695999999999998,-16.70583486391462
AT2025bnb,field1021-2025-02-15,field1021,J,C4,/mnt/photometry/AT2025bnb/field1021-2025-02-15/J/stack/coadd.Open-J.02127223-02127531.C4.fits,/mnt/photometry/AT2025bnb/field1021-2025-02-15/J/stack/GRB_J_C4_Data_VHS_02127531.ecsv,2025-02-13,60.06,Circle,120.0,1,15,48.0,237.55449,-70.31801,2.0,2.0,2.0,1.52,119.79,1.243,0.39601,0.03759,,,16.454,15.941,0.012,0.012,0.776,,16.331,,,,0.386,,,0.262,,0.012,2025-02-15,2,sci,['/mnt/photometry/AT2025bnb/field1021-2025-02-12/J/stack/coadd.Open-J.02109517-02109825.C4.fits'],['field1021-2025-02-12'],['C4'],[15.943],[0.011],[16.381],[0.012],[16.475],[0.011],[-1],[2.0],[2.0],[2.0],172419,AT,2025bnb,237.5542781,-70.31793062,,,,135,GW-MMADS,135.0,GW-MMADS,20.6102,23.0,i,"Xander Hall (CMU), Tomás Cabrera (CMU), Lei Hu (CMU), Antonella Palmese (CMU), Igor Andreoni (UMD), Brendan O’Connor (CMU), Robert Stein (Caltech), Michael Coughlin (UMN), Theo Jegou Du Laz (Caltech), Keerthi Kunnumkai (CMU), on behalf of GW-MMADS",2/13/25 20:04,T202502131550130m701905,2025TNSTR.594....1H,,2/13/25 20:04,2/13/25 20:04,,False,988.8108678391709,0.3899999999999988,-0.011499999999999844,16.1975,-12.294115328953367
AT2025bmt,field1257-2025-02-13,field1257,J,C3,/mnt/photometry/AT2025bmt/field1257-2025-02-13/J/stack/coadd.Open-J.02116435-02116743.C3.fits,/mnt/photometry/AT2025bmt/field1257-2025-02-13/J/stack/GRB_J_C3_Data_VHS_02116743.ecsv,2025-02-13,60.06,Circle,120.0,1,15,48.0,241.70257,-68.0157,2.0,1.0,2.0,2.02,30.94,1.878,1.17563,0.8754,,,18.537,17.777,0.051,0.037,0.886,,18.322,,,,0.341,,,0.126,,0.038,2025-02-13,0,sci,['/mnt/photometry/AT2025bmt/field1257-2025-02-17/J/stack/coadd.Open-J.02138877-02139185.C3.fits'],['field1257-2025-02-17'],['C3'],[17.878],[0.047],[18.558],[0.038],[18.583],[0.041],[4],[2.0],[1.0],[1.0],172411,AT,2025bmt,241.7023754,-68.01537835,,,,135,GW-MMADS,135.0,GW-MMADS,20.9457,23.0,i,"Xander Hall (CMU), Tomás Cabrera (CMU), Lei Hu (CMU), Antonella Palmese (CMU), Igor Andreoni (UMD), Brendan O’Connor (CMU), Robert Stein (Caltech), Michael Coughlin (UMN), Theo Jegou Du Laz (Caltech), Keerthi Kunnumkai (CMU), on behalf of GW-MMADS",2/13/25 20:04,T202502131606486m680055,2025TNSTR.594....1H,,2/13/25 20:04,2/13/25 20:04,,False,1117.7123670951432,0.5449999999999982,-0.07349999999999923,18.157,-11.538914446941448
AT2025zx,field3834-2025-01-22,field3834,H,C4,/mnt/photometry/AT2025zx/field3834-2025-01-22/H/stack/coadd.Open-H.02097169-02097189.C4.fits,/mnt/photometry/AT2025zx/field3834-2025-01-22/H/stack/GRB_H_C4_Data_VHS_02097189.ecsv,2025-01-21,11.44,Random,90.0,1,5,9223372036854775807:9223372036854775807:000NaN,70.26654,-49.36227,0.0,0.0,0.0,0.48,13.59,1.088,0.92312,-1.0,,,18.772,18.324,0.199,0.105,99.0,,18.239,,,,99.0,,,99.0,,0.168,2025-01-22,1,sci,['/mnt/photometry/AT2025zx/field3834-2025-01-16/H/stack/coadd.Open-H.02073589-02073609.C4.fits'],['field3834-2025-01-16'],['C4'],[nan],[nan],[nan],[nan],[nan],[nan],[-5],[nan],[nan],[nan],171167,AT,2025zx,70.266283,-49.362075,,,,18,ATLAS,18.0,ATLAS,19.563,71.0,cyan,"J. Tonry, L. Denneau, H. Weiland, R. Siverd (IfA, University of Hawaii), N. Erasmus, W. Koorts (South African Astronomical Observatory), A. Jordan, V. Suc (UAI, Obstech), S. J. Smartt, K. W. Smith (Oxford/QUB), D. R. Young, M. Nicholl, M. Fulton, M. McCollum, T. Moore, J. Weston, X. Sheng, C. R. Angus, A. Wilson, A. Aamer, D. Magill (QUB), P. Ramsden (Birmingham/QUB), L. Shingles (GSI/QUB), S. Srivastav, J. H. Gillanders, H. Stevance, A. J. Cooper, F. Stoppa (Oxford), L. Rhodes (TSI/McGill), A. Rest (STScI), T.-W. Chen (NCU), C. Stubbs (Harvard), J. S. Sommer (LMU), B. P. Schmidt (ANU)",1/23/25 0:05,"ATLAS25aur, BGEM J044103.90-492143.4",2025TNSTR.305....1T,,1/23/25 0:05,1/23/25 8:13,,True,350.6580321666961,0.08500000000000085,,18.548000000000002,-41.275567684601796
AT2025zn,field5159-2025-01-18,field5159,H,C3,/mnt/photometry/AT2025zn/field5159-2025-01-18/H/stack/coadd.Open-H.02085437-02085457.C3.fits,/mnt/photometry/AT2025zn/field5159-2025-01-18/H/stack/GRB_H_C3_Data_2MASS_02085457.ecsv,2025-01-21,11.44,Random,90.0,1,5,9223372036854775807:9223372036854775807:000NaN,79.75044,-42.71598,3.0,3.0,3.0,0.87,7.82,1.185,0.41595,-1.0,,,18.704,18.88,0.153,0.151,99.0,,18.755,,,,99.0,,,99.0,,0.218,2025-01-18,-3,sci,"['/mnt/photometry/AT2025zn/field5159-2025-01-11/H/stack/coadd.Open-H.02055852-02055872.C3.fits', '/mnt/photometry/AT2025zn/field5159-2025-01-07/H/stack/coadd.Open-H.02037207-02037227.C3.fits']","['field5159-2025-01-11', 'field5159-2025-01-07']","['C3', 'C3']","[nan, nan]","[nan, nan]","[nan, nan]","[nan, nan]","[nan, nan]","[nan, nan]","[-10, -14]","[nan, nan]","[nan, nan]","[nan, nan]",171108,AT,2025zn,79.75041,-42.71609667,,,,18,ATLAS,18.0,ATLAS,19.43,71.0,cyan,"J. Tonry, L. Denneau, H. Weiland, R. Siverd (IfA, University of Hawaii), N. Erasmus, W. Koorts (South African Astronomical Observatory), A. Jordan, V. Suc (UAI, Obstech), S. J. Smartt, K. W. Smith (Oxford/QUB), D. R. Young, M. Nicholl, M. Fulton, M. McCollum, T. Moore, J. Weston, X. Sheng, C. R. Angus, A. Wilson, A. Aamer, D. Magill (QUB), P. Ramsden (Birmingham/QUB), L. Shingles (GSI/QUB), S. Srivastav, J. H. Gillanders, H. Stevance, A. J. Cooper, F. Stoppa (Oxford), L. Rhodes (TSI/McGill), A. Rest (STScI), T.-W. Chen (NCU), C. Stubbs (Harvard), J. S. Sommer (LMU), B. P. Schmidt (ANU)",1/22/25 14:01,"ATLAS25ars, GOTO25ou",2025TNSTR.299....1T,,1/22/25 14:01,1/22/25 14:01,,False,1471.649832201148,0.125,,18.792,-34.61898829330756
AT2024afxq,field1868-2024-12-24,field1868,J,C4,/mnt/photometry/AT2024afxq/field1868-2024-12-24/J/stack/coadd.Open-J.02018902-02018918.C4.fits,/mnt/photometry/AT2024afxq/field1868-2024-12-24/J/stack/GRB_J_C4_Data_VHS_02018918.ecsv,2024-12-29,20.02,Random,90.0,1,3,9223372036854775807:9223372036854775807:000NaN,60.90261,-62.32897,0.0,0.0,0.0,2.57,16.25,1.317,0.94033,-1.0,,,18.36,17.026,0.123,0.276,99.0,,18.825,,,,99.0,,,99.0,,0.094,2024-12-24,-5,sci,['/mnt/photometry/AT2024afxq/field1868-2024-12-27/J/stack/coadd.Open-J.02026267-02026283.C4.fits'],['field1868-2024-12-27'],['C4'],[17.71],[0.133],[18.935],[0.191],[18.699],[0.162],[-2],[0.0],[0.0],[0.0],169656,AT,2024afxq,60.903167,-62.328994,,,,18,ATLAS,18.0,ATLAS,19.178,71.0,cyan,"J. Tonry, L. Denneau, H. Weiland, R. Siverd (IfA, University of Hawaii), N. Erasmus, W. Koorts (South African Astronomical Observatory), A. Jordan, V. Suc (UAI, Obstech), S. J. Smartt, K. W. Smith (Oxford/QUB), D. R. Young, M. Nicholl, M. Fulton, M. McCollum, T. Moore, J. Weston, X. Sheng, C. R. Angus, A. Wilson, A. Aamer, D. Magill (QUB), P. Ramsden (Birmingham/QUB), L. Shingles (GSI/QUB), S. Srivastav, J. H. Gillanders, H. Stevance, A. J. Cooper, F. Stoppa (Oxford), L. Rhodes (TSI/McGill), A. Rest (STScI), T.-W. Chen (NCU), C. Stubbs (Harvard), J. S. Sommer (LMU), B. P. Schmidt (ANU)",12/30/24 3:28,"ATLAS24saj, BGEM J040336.75-621944.3, GOTO24jtx",2024TNSTR5147....1T,,12/30/24 3:28,1/22/25 5:41,,False,877.6468910111382,1.7989999999999995,-0.5115000000000016,17.692999999999998,-42.86892681303233
AT2025ht,field3047-2025-01-13,field3047,J,C2,/mnt/photometry/AT2025ht/field3047-2025-01-13/J/stack/coadd.Open-J.02062591-02062607.C2.fits,/mnt/photometry/AT2025ht/field3047-2025-01-13/J/stack/GRB_J_C2_Data_VHS_02062607.ecsv,2025-01-08,20.02,Random,90.0,1,3,9223372036854775807:9223372036854775807:000NaN,67.81944,-53.61206,2.0,2.0,2.0,1.73,72.28,1.817,0.97498,0.07039,,,16.037,15.121,0.023,0.022,1.172,,15.488,,,,0.806,,,0.257,,0.021,2025-01-13,5,sci,['/mnt/photometry/AT2025ht/field3047-2025-01-12/J/stack/coadd.Open-J.02059433-02059449.C2.fits'],['field3047-2025-01-12'],['C2'],[15.389],[0.022],[16.065],[0.091],[15.919],[0.028],[4],[2.0],[1.0],[2.0],170451,AT,2025ht,67.819676,-53.611831,,,,3,ASAS-SN,3.0,ASAS-SN,17.3,22.0,r,"K. Z. Stanek, J. Callahan, for the ASAS-SN team",1/9/25 14:31,"ASASSN-25ad, GOTO24jts",2025TNSTR.116....1S,,1/9/25 14:31,1/19/25 10:55,,False,1681.866253123169,0.3669999999999991,-0.07500000000000018,15.579,-42.16348986845052
AT2025ht,field3047-2025-01-14,field3047,Y,C2,/mnt/photometry/AT2025ht/field3047-2025-01-14/Y/stack/coadd.Open-Y.02068144-02068160.C2.fits,/mnt/photometry/AT2025ht/field3047-2025-01-14/Y/stack/GRB_Y_C2_Data_DES_02068160.ecsv,2025-01-08,20.02,Random,90.0,1,3,9223372036854775807:9223372036854775807:000NaN,67.81943,-53.61202,2.0,2.0,2.0,2.1,63.69,1.779,0.86651,0.11705,,,16.781,15.825,0.031,0.22,-0.071,,17.622,,,,-1.869,,,-1.027,,0.02,2025-01-14,6,sci,['/mnt/photometry/AT2025ht/field3047-2025-01-08/Y/stack/coadd.Open-Y.02039157-02039173.C2.fits'],['field3047-2025-01-08'],['C2'],[16.035],[0.015],[14.848],[0.295],[16.912],[0.025],[0],[2.0],[2.0],[2.0],170451,AT,2025ht,67.819676,-53.611831,,,,3,ASAS-SN,3.0,ASAS-SN,17.3,22.0,r,"K. Z. Stanek, J. Callahan, for the ASAS-SN team",1/9/25 14:31,"ASASSN-25ad, GOTO24jts",2025TNSTR.116....1S,,1/9/25 14:31,1/19/25 10:55,,False,1691.6140628832618,1.7970000000000006,-0.17050000000000054,16.302999999999997,-42.16345513933604
AT2025pn,field9637-2025-01-10,field9637,H,C1,/mnt/photometry/AT2025pn/field9637-2025-01-10/H/stack/coadd.Open-H.02047621-02047676.C1.fits,/mnt/photometry/AT2025pn/field9637-2025-01-10/H/stack/GRB_H_C1_Data_2MASS_02047676.ecsv,2025-01-13,11.44,Random,10.0,1,12,9223372036854775807:9223372036854775807:000NaN,51.52713,-22.53008,3.0,3.0,3.0,1.57,26.46,1.544,1.15868,-1.0,,,18.248,17.459,0.053,0.062,99.0,,18.261,,,,99.0,,,99.0,,0.064,2025-01-10,-3,sci,"['/mnt/photometry/AT2025pn/field9637-2024-12-02/H/stack/coadd.Open-H.02009908-02009963.C1.fits', '/mnt/photometry/AT2025pn/field9637-2024-10-23/H/stack/coadd.Open-H.01860977-01861032.C1.fits', '/mnt/photometry/AT2025pn/field9637-2024-11-13/H/stack/coadd.Open-H.01940382-01940437.C1.fits', '/mnt/photometry/AT2025pn/field9637-2025-01-11/H/stack/coadd.Open-H.02052541-02052596.C1.fits', '/mnt/photometry/AT2025pn/field9637-2024-10-31/H/stack/coadd.Open-H.01894864-01894919.C1.fits', '/mnt/photometry/AT2025pn/field9637-2024-10-25/H/stack/coadd.Open-H.01874124-01874179.C1.fits', '/mnt/photometry/AT2025pn/field9637-2024-11-07/H/stack/coadd.Open-H.01914992-01915047.C1.fits', '/mnt/photometry/AT2025pn/field9637-2024-11-21/H/stack/coadd.Open-H.01969291-01969346.C1.fits', '/mnt/photometry/AT2025pn/field9637-2024-11-29/H/stack/coadd.Open-H.02000455-02000510.C1.fits', '/mnt/photometry/AT2025pn/field9637-2024-10-05/H/stack/coadd.Open-H.01784798-01784853.C1.fits', '/mnt/photometry/AT2025pn/field9637-2024-11-24/H/stack/coadd.Open-H.01980209-01980264.C1.fits', '/mnt/photometry/AT2025pn/field9637-2024-11-14/H/stack/coadd.Open-H.01942776-01942831.C1.fits', '/mnt/photometry/AT2025pn/field9637-2024-10-09/H/stack/coadd.Open-H.01802655-01802710.C1.fits', '/mnt/photometry/AT2025pn/field9637-2025-01-18/H/stack/coadd.Open-H.02083365-02083420.C1.fits', '/mnt/photometry/AT2025pn/field9637-2024-11-20/H/stack/coadd.Open-H.01968103-01968158.C1.fits', '/mnt/photometry/AT2025pn/field9637-2024-11-16/H/stack/coadd.Open-H.01950326-01950381.C1.fits']","['field9637-2024-12-02', 'field9637-2024-10-23', 'field9637-2024-11-13', 'field9637-2025-01-11', 'field9637-2024-10-31', 'field9637-2024-10-25', 'field9637-2024-11-07', 'field9637-2024-11-21', 'field9637-2024-11-29', 'field9637-2024-10-05', 'field9637-2024-11-24', 'field9637-2024-11-14', 'field9637-2024-10-09', 'field9637-2025-01-18', 'field9637-2024-11-20', 'field9637-2024-11-16']","['C1', 'C1', 'C1', 'C1', 'C1', 'C1', 'C1', 'C1', 'C1', 'C1', 'C1', 'C1', 'C1', 'C1', 'C1', 'C1']","[17.885, 17.693, 17.521, 17.975, 17.631, 17.615, 17.825, 19.203, 17.811, 17.864, 17.908, 17.966, 17.747, 18.118, nan, 17.973]","[0.134, 0.108, 0.102, 0.112, 0.132, 0.073, 0.088, 0.227, 0.082, 0.143, 0.133, 0.098, 0.098, 0.168, nan, 0.146]","[18.487, 18.526, 18.358, 18.802, 18.37, 18.503, 18.361, 19.052, 18.513, 18.335, 18.092, 18.577, 18.716, 18.351, nan, 18.575]","[0.102, 0.073, 0.098, 0.109, 0.089, 0.06, 0.071, 0.218, 0.062, 0.103, 0.081, 0.101, 0.092, 0.113, nan, 0.109]","[18.408, 18.467, 18.422, 18.594, 18.431, 18.385, 18.3, 19.098, 18.38, 18.296, 18.165, 18.484, 18.554, 18.361, nan, 18.645]","[0.115, 0.071, 0.111, 0.096, 0.1, 0.053, 0.07, 0.212, 0.056, 0.107, 0.087, 0.101, 0.091, 0.124, nan, 0.122]","[-42, -82, -61, -2, -74, -80, -67, -53, -45, -100, -50, -60, -96, 5, -54, -58]","[3.0, 3.0, 3.0, 0.0, 3.0, 3.0, 3.0, 3.0, 3.0, 3.0, 3.0, 3.0, 3.0, 3.0, nan, 3.0]","[3.0, 3.0, 3.0, 0.0, 3.0, 3.0, 3.0, 3.0, 3.0, 3.0, 3.0, 3.0, 3.0, 3.0, nan, 3.0]","[3.0, 3.0, 3.0, 0.0, 3.0, 3.0, 3.0, 3.0, 3.0, 3.0, 3.0, 3.0, 3.0, 3.0, nan, 3.0]",170674,AT,2025pn,51.5274508,-22.5301995,,,,48,ZTF,48.0,ZTF,19.1419,111.0,r,"Nabeel Rehemtulla (CIERA, NU), Christoffer Fremling (Caltech), Daniel Perley (LJMU), Theophile du Laz (Caltech) on behalf of ZTF",1/18/25 3:02,"ZTF25aacbior, ATLAS25anq",2025TNSTR.243....1R,,1/18/25 3:02,1/18/25 3:02,,False,403.296057207539,0.8019999999999996,-0.3373333333333335,17.8535,-55.01453523571847
AT2025pn,field9929-2025-01-17,field9929,H,C3,/mnt/photometry/AT2025pn/field9929-2025-01-17/H/stack/coadd.Open-H.02078468-02078523.C3.fits,/mnt/photometry/AT2025pn/field9929-2025-01-17/H/stack/GRB_H_C3_Data_2MASS_02078523.ecsv,2025-01-13,11.44,Random,10.0,1,12,9223372036854775807:9223372036854775807:000NaN,51.52719,-22.53011,3.0,3.0,3.0,1.43,19.59,1.507,0.9264,-1.0,,,18.214,17.573,0.065,0.075,99.0,,18.384,,,,99.0,,,99.0,,0.088,2025-01-17,4,sci,"['/mnt/photometry/AT2025pn/field9929-2025-01-09/H/stack/coadd.Open-H.02043289-02043344.C3.fits', '/mnt/photometry/AT2025pn/field9929-2024-12-01/H/stack/coadd.Open-H.02007827-02007882.C3.fits', '/mnt/photometry/AT2025pn/field9929-2024-10-30/H/stack/coadd.Open-H.01889121-01889176.C3.fits', '/mnt/photometry/AT2025pn/field9929-2024-10-11/H/stack/coadd.Open-H.01814239-01814294.C3.fits', '/mnt/photometry/AT2025pn/field9929-2024-11-18/H/stack/coadd.Open-H.01961236-01961291.C3.fits', '/mnt/photometry/AT2025pn/field9929-2024-10-03/H/stack/coadd.Open-H.01776093-01776148.C3.fits', '/mnt/photometry/AT2025pn/field9929-2024-11-23/H/stack/coadd.Open-H.01976370-01976425.C3.fits', '/mnt/photometry/AT2025pn/field9929-2024-11-15/H/stack/coadd.Open-H.01946213-01946268.C3.fits', '/mnt/photometry/AT2025pn/field9929-2024-11-07/H/stack/coadd.Open-H.01913732-01913787.C3.fits', '/mnt/photometry/AT2025pn/field9929-2024-11-12/H/stack/coadd.Open-H.01935103-01935158.C3.fits', '/mnt/photometry/AT2025pn/field9929-2024-10-08/H/stack/coadd.Open-H.01799471-01799526.C3.fits', '/mnt/photometry/AT2025pn/field9929-2024-10-24/H/stack/coadd.Open-H.01868921-01868976.C3.fits', '/mnt/photometry/AT2025pn/field9929-2024-11-29/H/stack/coadd.Open-H.01999163-01999218.C3.fits']","['field9929-2025-01-09', 'field9929-2024-12-01', 'field9929-2024-10-30', 'field9929-2024-10-11', 'field9929-2024-11-18', 'field9929-2024-10-03', 'field9929-2024-11-23', 'field9929-2024-11-15', 'field9929-2024-11-07', 'field9929-2024-11-12', 'field9929-2024-10-08', 'field9929-2024-10-24', 'field9929-2024-11-29']","['C3', 'C3', 'C3', 'C3', 'C3', 'C3', 'C3', 'C3', 'C3', 'C3', 'C3', 'C3', 'C3']","[17.642, 17.926, 17.657, 17.661, 17.754, 17.432, 17.528, 17.636, nan, 17.673, 17.598, 17.658, 17.732]","[0.064, 0.193, 0.064, 0.055, 0.084, 0.062, 0.099, 0.125, nan, 0.078, 0.058, 0.056, 0.081]","[18.134, 18.177, 18.192, 18.154, 18.357, 18.36, 18.317, 17.765, nan, 18.179, 18.23, 18.292, 18.331]","[0.066, 0.141, 0.055, 0.05, 0.078, 0.056, 0.066, 0.078, nan, 0.074, 0.051, 0.05, 0.053]","[18.156, 18.207, 18.325, 18.072, 18.323, 18.15, 18.203, 17.929, nan, 18.184, 18.076, 18.063, 18.242]","[0.066, 0.143, 0.061, 0.045, 0.076, 0.043, 0.059, 0.097, nan, 0.074, 0.044, 0.043, 0.048]","[-4, -43, -75, -94, -56, -102, -51, -59, -67, -62, -97, -81, -45]","[3.0, 3.0, 3.0, 3.0, 3.0, 3.0, 3.0, 3.0, nan, 3.0, 3.0, 3.0, 3.0]","[3.0, 3.0, 3.0, 3.0, 3.0, 3.0, 3.0, 3.0, nan, 3.0, 3.0, 3.0, 3.0]","[3.0, 3.0, 3.0, 3.0, 3.0, 3.0, 3.0, 3.0, nan, 3.0, 3.0, 3.0, 3.0]",170674,AT,2025pn,51.5274508,-22.5301995,,,,48,ZTF,48.0,ZTF,19.1419,111.0,r,"Nabeel Rehemtulla (CIERA, NU), Christoffer Fremling (Caltech), Daniel Perley (LJMU), Theophile du Laz (Caltech) on behalf of ZTF",1/18/25 3:02,"ZTF25aacbior, ATLAS25anq",2025TNSTR.243....1R,,1/18/25 3:02,1/18/25 3:02,,True,251.73001283589724,0.8109999999999999,-0.015958333333331964,17.8935,-55.01428447503216
AT2025nf,field9932-2025-01-17,field9932,H,C2,/mnt/photometry/AT2025nf/field9932-2025-01-17/H/stack/coadd.Open-H.02078168-02078223.C2.fits,/mnt/photometry/AT2025nf/field9932-2025-01-17/H/stack/GRB_H_C2_Data_2MASS_02078223.ecsv,2025-01-16,11.44,Random,10.0,1,12,9223372036854775807:9223372036854775807:000NaN,55.98957,-21.77628,1.0,1.0,2.0,1.36,46.82,1.245,1.45474,0.17053,,,17.171,16.479,0.028,0.04,0.575,,17.313,,,,-0.259,,,-0.116,,0.04,2025-01-17,1,sci,['/mnt/photometry/AT2025nf/field9932-2025-01-09/H/stack/coadd.Open-H.02042989-02043044.C2.fits'],['field9932-2025-01-09'],['C2'],[16.613],[0.035],[17.193],[0.034],[17.142],[0.031],[-7],[2.0],[1.0],[1.0],170611,AT,2025nf,55.98916798,-21.77612996,,,,4,Pan-STARRS,4.0,Pan-STARRS,20.53,57.0,r,"K. C. Chambers, T. de Boer, J. Herman, J. Fairlamb, M. Huber, C.-C. Lin, T. Lowe, E. Magnier, A. Schultz, R. J. Wainscoat, H. Gao, P. Minguez (IfA, University of Hawaii), K. W. Smith, D. R. Young, S. Srivastav, M. Fulton, S. J. Smartt, M. Nicholl, T. Moore, J. Weston, C. R. Angus, S. Sim (Queen's University Belfast), D. E. Wright (University of Minnesota)",1/16/25 12:15,PS25ci,2025TNSTR.209....1C,,1/16/25 12:15,1/16/25 12:15,,False,633.0592904844475,0.8339999999999996,-0.05250000000000021,16.825,-50.83390166681401
SN2025Q,field3238-2025-01-19,field3238,Y,C1,/mnt/photometry/SN2025Q/field3238-2025-01-19/Y/stack/coadd.Open-Y.02088987-02089003.C1.fits,/mnt/photometry/SN2025Q/field3238-2025-01-19/Y/stack/GRB_Y_C1_Data_DES_02089003.ecsv,2025-01-02,20.02,Random,90.0,1,3,9223372036854775807:9223372036854775807:000NaN,70.42901,-52.43332,3.0,3.0,3.0,1.39,6.01,1.375,0.55832,-1.0,,,20.625,19.995,0.227,0.254,99.0,,20.359,,,,99.0,,,99.0,,0.223,2025-01-19,17,sci,"['/mnt/photometry/SN2025Q/field3238-2025-01-14/Y/stack/coadd.Open-Y.02068120-02068136.C1.fits', '/mnt/photometry/SN2025Q/field3238-2024-11-15/Y/stack/coadd.Open-Y.01947986-01947996.C1.fits', '/mnt/photometry/SN2025Q/field3238-2025-01-08/Y/stack/coadd.Open-Y.02039133-02039149.C1.fits']","['field3238-2025-01-14', 'field3238-2024-11-15', 'field3238-2025-01-08']","['C1', 'C1', 'C1']","[nan, nan, nan]","[nan, nan, nan]","[nan, nan, nan]","[nan, nan, nan]","[nan, nan, nan]","[nan, nan, nan]","[12, -48, 6]","[nan, nan, nan]","[nan, nan, nan]","[nan, nan, nan]",170142,SN,2025Q,70.42903,-52.4331625,0.092,3.0,SN Ia,18,ATLAS,18.0,ATLAS,19.358,71.0,cyan,"J. Tonry, L. Denneau, H. Weiland, R. Siverd (IfA, University of Hawaii), N. Erasmus, W. Koorts (South African Astronomical Observatory), A. Jordan, V. Suc (UAI, Obstech), S. J. Smartt, K. W. Smith (Oxford/QUB), D. R. Young, M. Nicholl, M. Fulton, M. McCollum, T. Moore, J. Weston, X. Sheng, C. R. Angus, A. Wilson, A. Aamer, D. Magill (QUB), P. Ramsden (Birmingham/QUB), L. Shingles (GSI/QUB), S. Srivastav, J. H. Gillanders, H. Stevance, A. J. Cooper, F. Stoppa (Oxford), L. Rhodes (TSI/McGill), A. Rest (STScI), T.-W. Chen (NCU), C. Stubbs (Harvard), J. S. Sommer (LMU), B. P. Schmidt (ANU)",1/3/25 0:30,ATLAS25acg,2025TNSTR..28....1T,2025TNSCR.169....1R,1/3/25 0:30,1/12/25 16:01,,False,1201.759784441575,0.36400000000000077,,20.310000000000002,-40.81367848981544
AT2024afoz,field17660-2024-10-22,field17660,J,C2,/mnt/photometry/AT2024afoz/field17660-2024-10-22/J/stack/coadd.Open-J.01855967-01856605.C2.fits,/mnt/photometry/AT2024afoz/field17660-2024-10-22/J/stack/GRB_J_C2_Data_UKIDSS_J_01856605.ecsv,2024-10-23,60.06,Random,90.0,1,30,9223372036854775807:9223372036854775807:000NaN,29.52337,6.66301,2.0,2.0,2.0,1.16,18.57,1.632,0.43777,0.39228,,,19.512,19.201,0.069,0.059,0.677,,19.502,,,,0.376,,,0.366,,0.083,2024-10-22,-1,sci,['/mnt/photometry/AT2024afoz/field17660-2025-11-20/J/stack/coadd.Open-J.03215351-03215387.C2.fits'],['field17660-2025-11-20'],['C2'],[19.432],[0.271],[19.549],[0.257],[19.649],[0.207],[393],[1.0],[1.0],[1.0],169431,AT,2024afoz,29.52349513,6.662991639,,,,4,Pan-STARRS,4.0,Pan-STARRS,20.39,26.0,w,"K. C. Chambers, T. de Boer, J. Fairlamb, M. Huber, C.-C. Lin, T. Lowe, E. Magnier, A. Schultz, R. J. Wainscoat, H. Gao, P. Minguez (IfA, University of Hawaii), K. W. Smith, D. R. Young, S. Srivastav, M. Fulton, S. J. Smartt, M. Nicholl, T. Moore, J. Weston, C. R. Angus, S. Sim (Queen's University Belfast), D. E. Wright (University of Minnesota)",12/29/24 16:12,PS24nmc,2024TNSTR5135....1C,,12/29/24 16:12,12/29/24 16:12,,False,715.7994254456494,0.3009999999999984,-0.18399999999999928,19.3565,-52.804532423416035
SN2024aeqs,field5150-2024-12-29,field5150,J,C2,/mnt/photometry/SN2024aeqs/field5150-2024-12-29/J/stack/coadd.Open-J.02031622-02031638.C2.fits,/mnt/photometry/SN2024aeqs/field5150-2024-12-29/J/stack/GRB_J_C2_Data_VHS_02031638.ecsv,2024-12-23,20.02,Random,90.0,1,3,9223372036854775807:9223372036854775807:000NaN,66.75747,-42.20007,0.0,0.0,0.0,0.78,52.24,1.241,0.74845,-1.0,,,16.161,16.123,0.022,0.269,99.0,,18.198,,,,99.0,,,99.0,,0.024,2024-12-29,6,sci,['/mnt/photometry/SN2024aeqs/field5150-2025-10-13/J/stack/coadd.Open-J.03082718-03082754.C2.fits'],['field5150-2025-10-13'],['C2'],[nan],[nan],[nan],[nan],[nan],[nan],[294],[nan],[nan],[nan],168790,SN,2024aeqs,66.75763675,-42.19990489,0.015,1.0,SN,59,GOTO,59.0,GOTO,15.93,120.0,L,"D. O'Neill, K. Ackley, M. Dyer, F. Jiménez-Ibarra, J. Lyman, K. Ulaczyk, D. Steeghs, D. Galloway, V. Dhillon, P. O'Brien, G. Ramsay, K. Noysena, R. Kotak, R. Breton, L. Nuttall, E. Pallé, D. Pollacco, T. Killestein, A. Kumar, on behalf of GOTO collaboration",12/23/24 13:08,"GOTO24jhn, ATLAS24rte, PS24myy",2024TNSTR5031....1O,2024TNSCR5058....1V,12/23/24 13:08,12/24/24 22:33,,False,1477.6903640149358,2.0749999999999993,,16.142000000000003,-44.16467273592039
SN2024aeqs,field5150-2025-01-07,field5150,H,C2,/mnt/photometry/SN2024aeqs/field5150-2025-01-07/H/stack/coadd.Open-H.02035469-02035489.C2.fits,/mnt/photometry/SN2024aeqs/field5150-2025-01-07/H/stack/GRB_H_C2_Data_2MASS_02035489.ecsv,2024-12-23,11.44,Random,90.0,1,5,9223372036854775807:9223372036854775807:000NaN,66.75752,-42.2,3.0,3.0,3.0,0.61,25.35,1.146,0.46515,-1.0,,,17.48,17.556,0.056,0.063,99.0,,17.457,,,,99.0,,,99.0,,0.078,2025-01-07,15,sci,"['/mnt/photometry/SN2024aeqs/field5150-2025-01-10/H/stack/coadd.Open-H.02050513-02050533.C2.fits', '/mnt/photometry/SN2024aeqs/field5150-2025-01-18/H/stack/coadd.Open-H.02082447-02082467.C2.fits']","['field5150-2025-01-10', 'field5150-2025-01-18']","['C2', 'C2']","[17.866, 17.971]","[0.135, 0.165]","[17.841, 18.068]","[0.106, 0.13]","[17.809, 18.114]","[0.091, 0.119]","[18, 26]","[3.0, 3.0]","[3.0, 3.0]","[3.0, 3.0]",168790,SN,2024aeqs,66.75763675,-42.19990489,0.015,1.0,SN,59,GOTO,59.0,GOTO,15.93,120.0,L,"D. O'Neill, K. Ackley, M. Dyer, F. Jiménez-Ibarra, J. Lyman, K. Ulaczyk, D. Steeghs, D. Galloway, V. Dhillon, P. O'Brien, G. Ramsay, K. Noysena, R. Kotak, R. Breton, L. Nuttall, E. Pallé, D. Pollacco, T. Killestein, A. Kumar, on behalf of GOTO collaboration",12/23/24 13:08,"GOTO24jhn, ATLAS24rte, PS24myy",2024TNSTR5031....1O,2024TNSCR5058....1V,12/23/24 13:08,12/24/24 22:33,,False,1575.568518347147,0.0990000000000002,-0.4220000000000006,17.518,-44.164420713725576
SN2024aeqs,field5150-2025-01-07,field5150,Y,C2,/mnt/photometry/SN2024aeqs/field5150-2025-01-07/Y/stack/coadd.Open-Y.02035973-02035989.C2.fits,/mnt/photometry/SN2024aeqs/field5150-2025-01-07/Y/stack/GRB_Y_C2_Data_DES_02035989.ecsv,2024-12-23,20.02,Random,90.0,1,3,9223372036854775807:9223372036854775807:000NaN,66.75748,-42.20005,0.0,0.0,0.0,0.72,32.37,1.129,0.66146,-1.0,,,17.745,17.808,0.035,0.063,99.0,,17.837,,,,99.0,,,99.0,,0.04,2025-01-07,15,sci,"['/mnt/photometry/SN2024aeqs/field5150-2025-01-10/Y/stack/coadd.Open-Y.02051013-02051029.C2.fits', '/mnt/photometry/SN2024aeqs/field5150-2025-01-18/Y/stack/coadd.Open-Y.02084211-02084227.C2.fits']","['field5150-2025-01-10', 'field5150-2025-01-18']","['C2', 'C2']","[18.147, 18.426]","[0.064, 0.13]","[18.145, 18.833]","[0.1, 0.19]","[18.132, 18.693]","[0.053, 0.101]","[18, 26]","[0.0, 0.0]","[0.0, 0.0]","[0.0, 0.0]",168790,SN,2024aeqs,66.75763675,-42.19990489,0.015,1.0,SN,59,GOTO,59.0,GOTO,15.93,120.0,L,"D. O'Neill, K. Ackley, M. Dyer, F. Jiménez-Ibarra, J. Lyman, K. Ulaczyk, D. Steeghs, D. Galloway, V. Dhillon, P. O'Brien, G. Ramsay, K. Noysena, R. Kotak, R. Breton, L. Nuttall, E. Pallé, D. Pollacco, T. Killestein, A. Kumar, on behalf of GOTO collaboration",12/23/24 13:08,"GOTO24jhn, ATLAS24rte, PS24myy",2024TNSTR5031....1O,2024TNSCR5058....1V,12/23/24 13:08,12/24/24 22:33,,False,1552.3302064594532,0.028999999999999915,-0.5729999999999986,17.7765,-44.164420713725576
AT2024aevn,field3044-2024-12-27,field3044,J,C3,/mnt/photometry/AT2024aevn/field3044-2024-12-27/J/stack/coadd.Open-J.02025883-02025899.C3.fits,/mnt/photometry/AT2024aevn/field3044-2024-12-27/J/stack/GRB_J_C3_Data_VHS_02025899.ecsv,2024-12-24,20.02,Random,90.0,1,3,9223372036854775807:9223372036854775807:000NaN,61.01074,-54.10014,2.0,2.0,2.0,14.87,826.99,1.545,0.62167,0.52533,,,13.86,10.286,0.007,0.018,3.634,,13.023,,,,0.897,,,0.06,,0.002,2024-12-27,3,sci,"['/mnt/photometry/AT2024aevn/field3044-2024-12-24/J/stack/coadd.Open-J.02018518-02018534.C3.fits', '/mnt/photometry/AT2024aevn/field3044-2025-10-18/J/stack/coadd.Open-J.03101692-03101728.C3.fits']","['field3044-2024-12-24', 'field3044-2025-10-18']","['C3', 'C3']","[11.05, nan]","[0.003, nan]","[13.722, nan]","[0.022, nan]","[13.779, nan]","[0.007, nan]","[0, 298]","[2.0, nan]","[2.0, nan]","[2.0, nan]",168915,AT,2024aevn,61.010458,-54.100083,,,,0,,0.0,,13.7,75.0,G,Jean-Claude Merlin,12/24/24 12:10,JCMH667,2024TNSTR5049....1M,,12/24/24 12:10,12/24/24 12:10,,False,1702.586895214225,2.737,-0.3415000000000008,12.073,-45.92104379220897
SN2024ztk,field6612-2024-10-25,field6612,H,C4,/mnt/photometry/SN2024ztk/field6612-2024-10-25/H/stack/coadd.Open-H.01873344-01873399.C4.fits,/mnt/photometry/SN2024ztk/field6612-2024-10-25/H/stack/GRB_H_C4_Data_VIKING_01873399.ecsv,2024-10-30,11.44,Random,10.0,1,12,9223372036854775807:9223372036854775807:000NaN,52.45394,-36.07949,0.0,0.0,0.0,1.89,32.18,1.087,2.76192,-1.0,,,17.613,16.694,0.045,0.042,99.0,,17.665,,,,99.0,,,99.0,,0.047,2024-10-25,-5,sci,['/mnt/photometry/SN2024ztk/field6612-2024-10-31/H/stack/coadd.Open-H.01894080-01894135.C4.fits'],['field6612-2024-10-31'],['C4'],[16.758],[0.104],[17.453],[0.079],[17.6],[0.111],[1],[0.0],[0.0],[0.0],165421,SN,2024ztk,52.453417,-36.080131,0.1,106.0,SN Ia-CSM,60,BlackGEM,60.0,BlackGEM,19.92,118.0,BG-q,"F. Stoppa, H. Tranin, D. Pieterse, G. Ramsay, S. Faris, P. Groot, P. Vreeswijk, N. Blagorodnova, J. van Roestel, H. Wichern",10/30/24 15:07,"BGEM J032948.79-360448.7, GOTO24hxw, ATLAS24pzi, Gaia24drj, PS24mzm",2024TNSTR4213....1S,2024TNSCR4471....1T,10/30/24 15:07,12/18/24 15:50,,False,1184.807925223027,0.9710000000000001,-0.025500000000000966,17.1535,-55.55814448075032
AT2024advt,field17114-2024-11-16,field17114,J,C4,/mnt/photometry/AT2024advt/field17114-2024-11-16/J/stack/coadd.Open-J.01953022-01953058.C4.fits,/mnt/photometry/AT2024advt/field17114-2024-11-16/J/stack/GRB_J_C4_Data_UKIDSS_J_01953058.ecsv,2024-12-02,8.58,Circle,60.0,1,10,9223372036854775807:9223372036854775807:000NaN,125.36975,4.04257,1.0,2.0,2.0,1.29,30.78,1.073,1.72021,0.05343,,,17.732,17.183,0.042,0.053,0.775,,17.841,,,,0.117,,,0.226,,0.059,2024-11-16,-16,sci,['/mnt/photometry/AT2024advt/field17114-2025-12-13/J/stack/coadd.Open-J.03288702-03288738.C4.fits'],['field17114-2025-12-13'],['C4'],[17.232],[0.05],[17.816],[0.045],[17.707],[0.039],[376],[2.0],[1.0],[2.0],168240,AT,2024advt,125.3693179,4.0423628,,,,48,ZTF,48.0,ZTF,20.4195,110.0,g,"Jesper Sollerman (SU), Christoffer Fremling (Caltech), Daniel Perley (LJMU), Theophile du Laz (Caltech) on behalf of ZTF",12/11/24 10:23,ZTF24abvyprj,2024TNSTR4868....1S,,12/11/24 10:23,12/11/24 10:23,,False,1076.0913385506017,0.6580000000000013,-0.012000000000000455,17.4575,21.585801376357555
AT2024acdq,field7399-2024-11-21,field7399,H,C1,/mnt/photometry/AT2024acdq/field7399-2024-11-21/H/stack/coadd.Open-H.01970617-01970672.C1.fits,/mnt/photometry/AT2024acdq/field7399-2024-11-21/H/stack/GRB_H_C1_Data_VIKING_01970672.ecsv,2024-11-20,11.44,Random,10.0,1,12,9223372036854775807:9223372036854775807:000NaN,52.1997,-31.688,2.0,2.0,2.0,1.33,135.97,1.464,0.23712,0.22534,,,16.01,15.491,0.01,0.021,0.673,,16.087,,,,0.077,,,0.154,,0.012,2024-11-21,1,sci,['/mnt/photometry/AT2024acdq/field7399-2024-11-24/H/stack/coadd.Open-H.01981302-01981357.C1.fits'],['field7399-2024-11-24'],['C1'],[15.524],[0.014],[16.105],[0.022],[16.058],[0.011],[4],[2.0],[1.0],[2.0],167054,AT,2024acdq,52.19975385,-31.68795538,,,,18,ATLAS,18.0,ATLAS,18.249,72.0,orange,"J. Tonry, L. Denneau, H. Weiland, R. Siverd (IfA, University of Hawaii), N. Erasmus, W. Koorts (South African Astronomical Observatory), A. Jordan, V. Suc (UAI, Obstech), S. J. Smartt, K. W. Smith (Oxford/QUB), D. R. Young, M. Nicholl, M. Fulton, M. McCollum, T. Moore, J. Weston, X. Sheng, C. R. Angus, A. Wilson, A. Aamer, D. Magill (QUB), P. Ramsden (Birmingham/QUB), L. Shingles (GSI/QUB), S. Srivastav, J. H. Gillanders, H. Stevance, A. J. Cooper, F. Stoppa (Oxford), L. Rhodes (TSI/McGill), A. Rest (STScI), T.-W. Chen (NCU), C. Stubbs (Harvard), J. S. Sommer (LMU), B. P. Schmidt (ANU)",11/25/24 12:20,"ATLAS24qnt, GOTO24inz",2024TNSTR4621....1T,,11/25/24 12:20,11/25/24 12:20,,False,702.7585786227405,0.5960000000000001,-0.04049999999999887,15.7505,-55.834702614074686
AT2024acdo,field6105-2024-11-28,field6105,H,C4,/mnt/photometry/AT2024acdo/field6105-2024-11-28/H/stack/coadd.Open-H.01995014-01995034.C4.fits,/mnt/photometry/AT2024acdo/field6105-2024-11-28/H/stack/GRB_H_C4_Data_2MASS_01995034.ecsv,2024-11-23,11.44,Random,90.0,1,5,9223372036854775807:9223372036854775807:000NaN,50.67237,-38.15498,1.0,1.0,2.0,2.07,107.13,1.836,2.96006,0.41691,,,15.565,14.526,0.014,0.063,0.924,,15.796,,,,-0.346,,,-0.115,,0.017,2024-11-28,5,sci,"['/mnt/photometry/AT2024acdo/field6105-2025-01-07/H/stack/coadd.Open-H.02033725-02033745.C4.fits', '/mnt/photometry/AT2024acdo/field6105-2024-11-30/H/stack/coadd.Open-H.02003184-02003204.C4.fits', '/mnt/photometry/AT2024acdo/field6105-2025-01-17/H/stack/coadd.Open-H.02077653-02077673.C4.fits', '/mnt/photometry/AT2024acdo/field6105-2025-01-10/H/stack/coadd.Open-H.02048302-02048322.C4.fits']","['field6105-2025-01-07', 'field6105-2024-11-30', 'field6105-2025-01-17', 'field6105-2025-01-10']","['C4', 'C4', 'C4', 'C4']","[14.577, 14.835, 14.598, 14.625]","[0.031, 0.02, 0.02, 0.016]","[15.992, 15.711, 17.308, 15.473]","[0.099, 0.072, 0.074, 0.073]","[15.699, 15.642, 15.689, 15.449]","[0.025, 0.019, 0.017, 0.015]","[45, 7, 55, 48]","[2.0, 2.0, 2.0, 2.0]","[2.0, 1.0, 2.0, 1.0]","[1.0, 1.0, 1.0, 1.0]",167052,AT,2024acdo,50.67135909,-38.15478545,,,,18,ATLAS,18.0,ATLAS,18.929,71.0,cyan,"J. Tonry, L. Denneau, H. Weiland, R. Siverd (IfA, University of Hawaii), N. Erasmus, W. Koorts (South African Astronomical Observatory), A. Jordan, V. Suc (UAI, Obstech), S. J. Smartt, K. W. Smith (Oxford/QUB), D. R. Young, M. Nicholl, M. Fulton, M. McCollum, T. Moore, J. Weston, X. Sheng, C. R. Angus, A. Wilson, A. Aamer, D. Magill (QUB), P. Ramsden (Birmingham/QUB), L. Shingles (GSI/QUB), S. Srivastav, J. H. Gillanders, H. Stevance, A. J. Cooper, F. Stoppa (Oxford), L. Rhodes (TSI/McGill), A. Rest (STScI), T.-W. Chen (NCU), C. Stubbs (Harvard), J. S. Sommer (LMU), B. P. Schmidt (ANU)",11/25/24 12:18,"ATLAS24qnr, GOTO24inx",2024TNSTR4621....1T,,11/25/24 12:18,11/25/24 12:18,,False,888.3376415359076,1.2699999999999996,-0.09375,15.0455,-56.749594369543935
AT2024acdo,field6105-2024-11-29,field6105,Z,C4,/mnt/photometry/AT2024acdo/field6105-2024-11-29/Z/stack/coadd.Z-Open.01998378-01998388.C4.fits,/mnt/photometry/AT2024acdo/field6105-2024-11-29/Z/stack/GRB_Z_C4_Data_Skymapper_01998388.ecsv,2024-11-23,11.44,Random,90.0,1,3,9223372036854775807:9223372036854775807:000NaN,50.67232,-38.15484,2.0,2.0,1.0,1.86,45.66,1.554,2.7164,0.48052,,,16.345,15.481,0.039,0.118,-0.088,,16.116,,,,-0.723,,,-0.952,,0.032,2024-11-29,6,sci,"['/mnt/photometry/AT2024acdo/field6105-2024-12-29/Z/stack/coadd.Z-Open.02030108-02030124.C4.fits', '/mnt/photometry/AT2024acdo/field6105-2024-12-01/Z/stack/coadd.Z-Open.02007054-02007064.C4.fits', '/mnt/photometry/AT2024acdo/field6105-2024-11-27/Z/stack/coadd.Z-Open.01990366-01990376.C4.fits']","['field6105-2024-12-29', 'field6105-2024-12-01', 'field6105-2024-11-27']","['C4', 'C4', 'C4']","[14.451, nan, nan]","[0.012, nan, nan]","[14.916, nan, nan]","[0.164, nan, nan]","[14.649, nan, nan]","[0.013, nan, nan]","[36, 8, 4]","[0.0, nan, nan]","[0.0, nan, nan]","[0.0, nan, nan]",167052,AT,2024acdo,50.67135909,-38.15478545,,,,18,ATLAS,18.0,ATLAS,18.929,71.0,cyan,"J. Tonry, L. Denneau, H. Weiland, R. Siverd (IfA, University of Hawaii), N. Erasmus, W. Koorts (South African Astronomical Observatory), A. Jordan, V. Suc (UAI, Obstech), S. J. Smartt, K. W. Smith (Oxford/QUB), D. R. Young, M. Nicholl, M. Fulton, M. McCollum, T. Moore, J. Weston, X. Sheng, C. R. Angus, A. Wilson, A. Aamer, D. Magill (QUB), P. Ramsden (Birmingham/QUB), L. Shingles (GSI/QUB), S. Srivastav, J. H. Gillanders, H. Stevance, A. J. Cooper, F. Stoppa (Oxford), L. Rhodes (TSI/McGill), A. Rest (STScI), T.-W. Chen (NCU), C. Stubbs (Harvard), J. S. Sommer (LMU), B. P. Schmidt (ANU)",11/25/24 12:18,"ATLAS24qnr, GOTO24inx",2024TNSTR4621....1T,,11/25/24 12:18,11/25/24 12:18,,False,904.5125133553156,0.6349999999999998,1.3629999999999995,15.913,-56.74959840492465
AT2024acdo,field6105-2024-11-29,field6105,J,C4,/mnt/photometry/AT2024acdo/field6105-2024-11-29/J/stack/coadd.Open-J.01997804-01997820.C4.fits,/mnt/photometry/AT2024acdo/field6105-2024-11-29/J/stack/GRB_J_C4_Data_2MASS_01997820.ecsv,2024-11-23,20.02,Random,90.0,1,3,9223372036854775807:9223372036854775807:000NaN,50.67239,-38.15487,2.0,1.0,2.0,1.99,85.79,1.8,2.9315,0.43163,,,15.763,14.81,0.022,0.066,0.764,,16.068,,,,-0.494,,,-0.189,,0.017,2024-11-29,6,sci,"['/mnt/photometry/AT2024acdo/field6105-2024-12-29/J/stack/coadd.Open-J.02029419-02029435.C4.fits', '/mnt/photometry/AT2024acdo/field6105-2024-09-14/J/stack/coadd.Open-J.01688744-01688780.C4.fits', '/mnt/photometry/AT2024acdo/field6105-2025-01-13/J/stack/coadd.Open-J.02065139-02065155.C4.fits', '/mnt/photometry/AT2024acdo/field6105-2024-12-01/J/stack/coadd.Open-J.02006492-02006500.C4.fits', '/mnt/photometry/AT2024acdo/field6105-2024-11-27/J/stack/coadd.Open-J.01989795-01989811.C4.fits']","['field6105-2024-12-29', 'field6105-2024-09-14', 'field6105-2025-01-13', 'field6105-2024-12-01', 'field6105-2024-11-27']","['C4', 'C4', 'C4', 'C4', 'C4']","[nan, 14.711, 14.794, nan, 15.08]","[nan, 0.009, 0.015, nan, 0.021]","[nan, 14.219, 15.727, nan, 15.109]","[nan, 0.02, 0.099, nan, 0.143]","[nan, 15.872, 15.64, nan, 15.237]","[nan, 0.01, 0.018, nan, 0.031]","[36, -70, 51, 8, 4]","[nan, 2.0, 2.0, nan, 2.0]","[nan, 2.0, 1.0, nan, 1.0]","[nan, 2.0, 1.0, nan, 2.0]",167052,AT,2024acdo,50.67135909,-38.15478545,,,,18,ATLAS,18.0,ATLAS,18.929,71.0,cyan,"J. Tonry, L. Denneau, H. Weiland, R. Siverd (IfA, University of Hawaii), N. Erasmus, W. Koorts (South African Astronomical Observatory), A. Jordan, V. Suc (UAI, Obstech), S. J. Smartt, K. W. Smith (Oxford/QUB), D. R. Young, M. Nicholl, M. Fulton, M. McCollum, T. Moore, J. Weston, X. Sheng, C. R. Angus, A. Wilson, A. Aamer, D. Magill (QUB), P. Ramsden (Birmingham/QUB), L. Shingles (GSI/QUB), S. Srivastav, J. H. Gillanders, H. Stevance, A. J. Cooper, F. Stoppa (Oxford), L. Rhodes (TSI/McGill), A. Rest (STScI), T.-W. Chen (NCU), C. Stubbs (Harvard), J. S. Sommer (LMU), B. P. Schmidt (ANU)",11/25/24 12:18,"ATLAS24qnr, GOTO24inx",2024TNSTR4621....1T,,11/25/24 12:18,11/25/24 12:18,,False,770.2069859997496,1.258000000000001,0.06416666666666693,15.2865,-56.74959840492465
AT2024abxa,field17406-2024-10-23,field17406,J,C3,/mnt/photometry/AT2024abxa/field17406-2024-10-23/J/stack/coadd.Open-J.01865009-01865045.C3.fits,/mnt/photometry/AT2024abxa/field17406-2024-10-23/J/stack/GRB_J_C3_Data_2MASS_01865045.ecsv,2024-11-06,8.58,Circle,60.0,1,10,9223372036854775807:9223372036854775807:000NaN,98.38048,4.87707,2.0,2.0,2.0,1.11,18.41,1.819,0.23308,0.25656,,,16.138,16.067,0.064,0.053,0.688,,16.058,,,,0.697,,,0.617,,0.075,2024-10-23,-14,sci,['/mnt/photometry/AT2024abxa/field17406-2026-01-11/J/stack/coadd.Open-J.03363257-03363293.C3.fits'],['field17406-2026-01-11'],['C3'],[16.876],[0.027],[16.858],[0.016],[16.857],[0.02],[431],[1.0],[1.0],[1.0],166882,AT,2024abxa,98.380458,4.877011,,,,24,GaiaAlerts,24.0,GaiaAlerts,16.44,75.0,G,"S.T. Hodgkin, E. Breedt, A. Delgado, D.L. Harrison, M. van Leeuwen, G. Rixon, T. Wevers, A. Yoldas (IoA Cambridge), N. Ihanec, K. Kruszyńska, K.A. Rybicki, Ł. Wyrzykowski (Warsaw University Astronomical Observatory), Z. Kostrzewa-Rutkowska (Leiden Observatory), D. Eappachen (SRON/RU), G. Marton (Konkoly Observatory), on behalf of the Gaia Alerts team",11/23/24 10:56,Gaia24djk,2024TNSTR4600....1H,,11/23/24 10:56,11/23/24 10:56,,False,879.7013580582175,0.009000000000000341,-0.7639999999999993,16.1025,-2.032566709258159
AT2024xwh,field10821-2024-10-05,field10821,H,C1,/mnt/photometry/AT2024xwh/field10821-2024-10-05/H/stack/coadd.Open-H.01784738-01784793.C1.fits,/mnt/photometry/AT2024xwh/field10821-2024-10-05/H/stack/GRB_H_C1_Data_2MASS_01784793.ecsv,2024-10-08,11.44,Random,10.0,1,12,9223372036854775807:9223372036854775807:000NaN,55.38686,-18.07217,3.0,3.0,3.0,1.52,9.67,1.215,0.82773,-1.0,,,18.565,18.011,0.132,0.112,99.0,,18.213,,,,99.0,,,99.0,,0.155,2024-10-05,-3,sci,['/mnt/photometry/AT2024xwh/field10821-2024-10-09/H/stack/coadd.Open-H.01802595-01802650.C1.fits'],['field10821-2024-10-09'],['C1'],[18.405],[0.087],[18.731],[0.079],[18.497],[0.081],[1],[3.0],[3.0],[3.0],164053,AT,2024xwh,55.38698216,-18.07197437,,,,83,YSE,4.0,Pan-STARRS,21.04,56.0,g,"D. O. Jones (UC Santa Cruz), K. D. French (Carnegie, Illinois), A. Agnello, C. R. Angus, Z. Ansari, N. Arendse, C. Gall, C. Grillo, S. H. Bruun, C. Hede, J. Hjorth, L. Izzo, H. Korhonen, S. Raimundo, D. Kodi Ramanah, A. Sarangi, R. Wojtak, H. Pfister (DARK, U Copenhagen), K. Auchettl (DARK, UC Santa Cruz, U Melbourne), K. C. Chambers, M. E. Huber, E. A. Magnier, T. J. L. de Boer, J. R. Fairlamb, C. C. Lin, R. J. Wainscoat, T. Lowe, H. Gao, J. Herman, A. S. B. Schultz, P. Minguez (IfA, Hawaii), A. Engel, A. Gagliano, G. Narayan, M. Soraisam (Illinois), Q. Wang (JHU), A. Rest (JHU, STScI), S. J. Smartt, K. W. Smith (Queen's University Belfast), K. Alexander, P. Blanchard, L. DeMarchi, A. Hajela, W. Jacobson-Galan, R. Margutti, D. Matthews, C. Stauffer, M. Stroh, G. Terreran (Northwestern), M. Drout (U Toronto), D. A. Coulter, G. Dimitriadis, R. J. Foley, T. Hung, C. D. Kilpatrick, C. Rojas-Bravo, M. R. Siebert (UC Santa Cruz), E. Ramirez-Ruiz (UC Santa Cruz, DARK)",10/12/24 18:37,PS24jmc,2024TNSTR3967....1J,,10/12/24 18:37,11/14/24 9:52,,False,801.7917621002478,0.20200000000000173,-0.16300000000000026,18.288,-50.18698000824315
AT2024abcx,field10227-2024-10-03,field10227,H,C2,/mnt/photometry/AT2024abcx/field10227-2024-10-03/H/stack/coadd.Open-H.01775913-01775968.C2.fits,/mnt/photometry/AT2024abcx/field10227-2024-10-03/H/stack/GRB_H_C2_Data_2MASS_01775968.ecsv,2024-09-15,11.44,Random,10.0,1,12,9223372036854775807:9223372036854775807:000NaN,56.32536,-20.42879,0.0,0.0,0.0,1.39,22.9,1.083,2.44687,-1.0,,,18.029,17.356,0.059,0.095,99.0,,17.542,,,,99.0,,,99.0,,0.071,2024-10-03,18,sci,"['/mnt/photometry/AT2024abcx/field10227-2024-11-18/H/stack/coadd.Open-H.01961056-01961111.C2.fits', '/mnt/photometry/AT2024abcx/field10227-2025-01-17/H/stack/coadd.Open-H.02078288-02078343.C2.fits', '/mnt/photometry/AT2024abcx/field10227-2024-11-10/H/stack/coadd.Open-H.01926622-01926677.C2.fits', '/mnt/photometry/AT2024abcx/field10227-2024-10-30/H/stack/coadd.Open-H.01888941-01888996.C2.fits', '/mnt/photometry/AT2024abcx/field10227-2024-12-01/H/stack/coadd.Open-H.02007639-02007694.C2.fits', '/mnt/photometry/AT2024abcx/field10227-2024-11-12/H/stack/coadd.Open-H.01934923-01934978.C2.fits', '/mnt/photometry/AT2024abcx/field10227-2024-11-29/H/stack/coadd.Open-H.01998983-01999038.C2.fits', '/mnt/photometry/AT2024abcx/field10227-2024-11-23/H/stack/coadd.Open-H.01976190-01976245.C2.fits', '/mnt/photometry/AT2024abcx/field10227-2024-11-15/H/stack/coadd.Open-H.01946033-01946088.C2.fits', '/mnt/photometry/AT2024abcx/field10227-2024-10-24/H/stack/coadd.Open-H.01868741-01868796.C2.fits', '/mnt/photometry/AT2024abcx/field10227-2024-10-11/H/stack/coadd.Open-H.01814059-01814114.C2.fits', '/mnt/photometry/AT2024abcx/field10227-2024-10-08/H/stack/coadd.Open-H.01799291-01799346.C2.fits', '/mnt/photometry/AT2024abcx/field10227-2025-01-09/H/stack/coadd.Open-H.02043109-02043164.C2.fits', '/mnt/photometry/AT2024abcx/field10227-2024-11-07/H/stack/coadd.Open-H.01913552-01913607.C2.fits']","['field10227-2024-11-18', 'field10227-2025-01-17', 'field10227-2024-11-10', 'field10227-2024-10-30', 'field10227-2024-12-01', 'field10227-2024-11-12', 'field10227-2024-11-29', 'field10227-2024-11-23', 'field10227-2024-11-15', 'field10227-2024-10-24', 'field10227-2024-10-11', 'field10227-2024-10-08', 'field10227-2025-01-09', 'field10227-2024-11-07']","['C2', 'C2', 'C2', 'C2', 'C2', 'C2', 'C2', 'C2', 'C2', 'C2', 'C2', 'C2', 'C2', 'C2']","[17.234, 16.972, nan, 17.361, nan, 17.097, 16.844, 17.296, 17.307, 17.066, 16.99, 17.242, 17.203, nan]","[0.091, 0.073, nan, 0.082, nan, 0.076, 0.064, 0.091, 0.108, 0.077, 0.063, 0.061, 0.081, nan]","[18.133, 17.652, nan, 17.482, nan, 17.784, 18.003, 17.795, 17.538, 18.538, 17.748, 18.219, 17.709, nan]","[0.128, 0.128, nan, 0.144, nan, 0.144, 0.115, 0.157, 0.21, 0.164, 0.142, 0.113, 0.134, nan]","[17.883, 17.758, nan, 17.759, nan, 17.873, 17.95, 18.044, 17.654, 18.019, 17.888, 17.99, 17.762, nan]","[0.074, 0.061, nan, 0.066, nan, 0.072, 0.056, 0.082, 0.111, 0.071, 0.051, 0.048, 0.067, nan]","[64, 124, 56, 45, 77, 58, 75, 69, 61, 39, 26, 23, 116, 53]","[0.0, 0.0, nan, 0.0, nan, 0.0, 0.0, 0.0, 0.0, 0.0, 0.0, 0.0, 0.0, nan]","[0.0, 0.0, nan, 0.0, nan, 0.0, 0.0, 0.0, 0.0, 0.0, 0.0, 0.0, 0.0, nan]","[0.0, 0.0, nan, 0.0, nan, 0.0, 0.0, 0.0, 0.0, 0.0, 0.0, 0.0, 0.0, nan]",166351,AT,2024abcx,56.32467603,-20.42902583,,,,4,Pan-STARRS,4.0,Pan-STARRS,20.51,26.0,w,"K. C. Chambers, T. de Boer, J. Herman, J. Fairlamb, M. Huber, C.-C. Lin, T. Lowe, E. Magnier, A. Schultz, R. J. Wainscoat, H. Gao, P. Minguez (IfA, University of Hawaii), K. W. Smith, D. R. Young, S. Srivastav, M. Fulton, S. J. Smartt, M. Nicholl, T. Moore, J. Weston, C. R. Angus, S. Sim (Queen's University Belfast), D. E. Wright (University of Minnesota)",11/14/24 9:42,PS24kzc,2024TNSTR4494....1C,,11/14/24 9:42,11/14/24 9:42,,True,289.6249608697517,0.18599999999999994,0.18377272727272853,17.692500000000003,-50.13416624400174
SN2024zsj,field10520-2024-10-25,field10520,H,C3,/mnt/photometry/SN2024zsj/field10520-2024-10-25/H/stack/coadd.Open-H.01873944-01873999.C3.fits,/mnt/photometry/SN2024zsj/field10520-2024-10-25/H/stack/GRB_H_C3_Data_2MASS_01873999.ecsv,2024-10-27,11.44,Random,10.0,1,12,9223372036854775807:9223372036854775807:000NaN,52.18252,-19.95201,1.0,1.0,2.0,5.13,216.74,4.816,1.70704,0.56656,,,15.892,13.769,0.01,0.022,1.846,,15.73,,,,-0.115,,,-0.277,,0.008,2024-10-25,-2,sci,['/mnt/photometry/SN2024zsj/field10520-2024-10-31/H/stack/coadd.Open-H.01894684-01894739.C3.fits'],['field10520-2024-10-31'],['C3'],[13.837],[0.009],[15.806],[0.024],[15.907],[0.012],[4],[2.0],[1.0],[1.0],165392,SN,2024zsj,52.1820563,-19.9522023,0.045,3.0,SN Ia,59,GOTO,59.0,GOTO,19.3,120.0,L,"A. Kumar, D. O'Neill, K. Ackley, M. Dyer, F. Jiménez-Ibarra, J. Lyman, K. Ulaczyk, D. Steeghs, D. Galloway, V. Dhillon, P. O'Brien, G. Ramsay, K. Noysena, R. Kotak, R. Breton, L. Nuttall, E. Pallé, D. Pollacco, T. Killestein, on behalf of GOTO collaboration",10/29/24 16:56,"GOTO24hnb, ATLAS24ptz, ZTF24abpueay",2024TNSTR4204....1K,2024TNSCR4267....1D,10/29/24 16:56,11/13/24 9:10,,False,418.4424805594192,1.9610000000000003,-0.04150000000000009,14.8305,-53.675678745472624
AT2024ztm,field10519-2024-10-24,field10519,H,C3,/mnt/photometry/AT2024ztm/field10519-2024-10-24/H/stack/coadd.Open-H.01869101-01869156.C3.fits,/mnt/photometry/AT2024ztm/field10519-2024-10-24/H/stack/GRB_H_C3_Data_2MASS_01869156.ecsv,2024-10-30,11.44,Random,10.0,1,12,9223372036854775807:9223372036854775807:000NaN,50.52425,-19.9578,3.0,3.0,3.0,1.4,15.58,1.071,2.45878,-1.0,,,18.924,18.14,0.088,0.12,99.0,,19.271,,,,99.0,,,99.0,,0.096,2024-10-24,-6,sci,['/mnt/photometry/AT2024ztm/field10519-2024-10-30/H/stack/coadd.Open-H.01889301-01889356.C3.fits'],['field10519-2024-10-30'],['C3'],[18.645],[0.103],[19.062],[0.117],[19.003],[0.109],[0],[3.0],[3.0],[3.0],165423,AT,2024ztm,50.523746,-19.958297,,,,60,BlackGEM,60.0,BlackGEM,20.5,118.0,BG-q,"H. Tranin, F. Stoppa, D. Pieterse, G. Ramsay, S. Faris, P. Groot, P. Vreeswijk, N. Blagorodnova, J. van Roestel, H. Wichern",10/30/24 15:43,BGEM J032205.69-195729.8,2024TNSTR4214....1T,,10/30/24 15:43,10/30/24 15:43,,False,865.4709762665098,1.1310000000000002,-0.2919999999999998,18.532,-55.15312072827538
AT2024zoz,field7402-2024-10-03,field7402,H,C2,/mnt/photometry/AT2024zoz/field7402-2024-10-03/H/stack/coadd.Open-H.01775613-01775668.C2.fits,/mnt/photometry/AT2024zoz/field7402-2024-10-03/H/stack/GRB_H_C2_Data_2MASS_01775668.ecsv,2024-10-04,11.44,Random,10.0,1,12,9223372036854775807:9223372036854775807:000NaN,56.73547,-31.87452,1.0,1.0,2.0,3.13,105.55,1.148,1.32359,0.46462,,,16.831,15.07,0.017,0.046,1.446,,17.04,,,,-0.524,,,-0.315,,0.014,2024-10-03,-1,sci,['/mnt/photometry/AT2024zoz/field7402-2024-10-08/H/stack/coadd.Open-H.01798991-01799046.C2.fits'],['field7402-2024-10-08'],['C2'],[15.137],[0.014],[17.603],[0.106],[16.803],[0.018],[4],[2.0],[2.0],[1.0],165300,AT,2024zoz,56.7350358,-31.87449429,,,,4,Pan-STARRS,4.0,Pan-STARRS,19.74,26.0,w,"K. C. Chambers, T. de Boer, J. Herman, J. Fairlamb, M. Huber, C.-C. Lin, T. Lowe, E. Magnier, A. Schultz, R. J. Wainscoat, H. Gao, P. Minguez (IfA, University of Hawaii), K. W. Smith, D. R. Young, S. Srivastav, M. Fulton, S. J. Smartt, M. Nicholl, T. Moore, J. Weston, C. R. Angus, S. Sim (Queen's University Belfast), D. E. Wright (University of Minnesota)",10/27/24 22:05,PS24kgx,2024TNSTR4175....1C,,10/27/24 22:05,10/27/24 22:05,,False,1199.4468663906919,1.9699999999999989,-0.01950000000000074,15.9505,-51.99351465111715
SN2024xyu,field17660-2024-10-22,field17660,J,C1,/mnt/photometry/SN2024xyu/field17660-2024-10-22/J/stack/coadd.Open-J.01855967-01856605.C1.fits,/mnt/photometry/SN2024xyu/field17660-2024-10-22/J/stack/GRB_J_C1_Data_UKIDSS_J_01856605.ecsv,2024-10-13,60.06,Random,90.0,1,30,9223372036854775807:9223372036854775807:000NaN,28.48498,6.61745,2.0,2.0,2.0,1.6,73.83,1.195,1.2299,0.54396,,,18.109,17.383,0.02,0.032,1.118,,18.087,,,,0.414,,,0.392,,0.021,2024-10-22,9,sci,"['/mnt/photometry/SN2024xyu/field17660-2025-12-14/J/stack/coadd.Open-J.03291630-03291666.C1.fits', '/mnt/photometry/SN2024xyu/field17660-2025-12-17/J/stack/coadd.Open-J.03303914-03303950.C1.fits', '/mnt/photometry/SN2024xyu/field17660-2025-11-20/J/stack/coadd.Open-J.03215351-03215387.C1.fits']","['field17660-2025-12-14', 'field17660-2025-12-17', 'field17660-2025-11-20']","['C1', 'C1', 'C1']","[17.636, 17.771, 17.624]","[0.071, 0.089, 0.069]","[18.548, 18.024, 18.467]","[0.063, 0.065, 0.06]","[18.462, 18.09, 18.303]","[0.063, 0.089, 0.053]","[427, 430, 403]","[2.0, 2.0, 2.0]","[1.0, 2.0, 1.0]","[1.0, 2.0, 2.0]",164119,SN,2024xyu,28.4848503,6.6177686,0.067,3.0,SN Ia,74,ALeRCE,48.0,ZTF,19.8669,111.0,r,"F. Forster, F.E. Bauer, G. Pignata, A. Munoz-Arancibia, A. Mourao, L. Hernandez-Garcia, L. Galbany, J. Silva-Farfan, R. Dastidar, J.P. Brandt, A. Alvarez, G. Cabrera-Vives, R. Carrasco-Davis, P.A. Estevez, B. Gamboa, P. Huijse, H. Larranaga, C. Mansilla, K. Medina, D. Moreno, E. Munoz, E. Pizarro, I. Reyes, P. Sanchez-Saez, D. Rodriguez-Mancini, M. Catelan, S. Eyheramendy, M.J. Graham on behalf of the ALeRCE broker",10/13/24 17:59,"ZTF24abmpzmg, ATLAS24pnh, GOTO24hhb",2024TNSTR3975....1F,2024TNSCR4109....1H,10/13/24 18:00,10/22/24 16:15,,False,804.3403045930875,0.7040000000000006,-0.23499999999999766,17.746000000000002,-53.26307731960741
AT2024yfr,field14893-2024-10-24,field14893,J,C3,/mnt/photometry/AT2024yfr/field14893-2024-10-24/J/stack/coadd.Open-J.01870345-01870381.C3.fits,/mnt/photometry/AT2024yfr/field14893-2024-10-24/J/stack/GRB_J_C3_Data_VHS_01870381.ecsv,2024-10-10,8.58,Circle,60.0,1,10,9223372036854775807:9223372036854775807:000NaN,114.11947,-4.03465,1.0,1.0,2.0,1.12,45.07,1.104,0.35672,0.04858,,,17.523,17.054,0.028,0.034,0.567,,17.647,,,,-0.026,,,0.098,,0.034,2024-10-24,14,sci,['/mnt/photometry/AT2024yfr/field14893-2025-12-13/J/stack/coadd.Open-J.03288462-03288498.C3.fits'],['field14893-2025-12-13'],['C3'],[17.026],[0.036],[17.349],[0.028],[17.427],[0.035],[429],[2.0],[2.0],[2.0],164298,AT,2024yfr,114.1195459,-4.034712,,,,48,ZTF,48.0,ZTF,19.4737,110.0,g,"Ann Victor Adly Mina (UC Berkeley), Daniel Perley (LJMU), Christoffer Fremling (Caltech), Theophile du Laz (Caltech) on behalf of ZTF",10/15/24 17:42,ZTF24ablzlmu,2024TNSTR4016....1M,,10/15/24 17:42,10/15/24 17:42,,False,861.051427737199,0.593,0.06199999999999939,17.2885,7.873286845167069
AT2024yfg,field20173-2024-09-24,field20173,J,C1,/mnt/photometry/AT2024yfg/field20173-2024-09-24/J/stack/coadd.Open-J.01733052-01733088.C1.fits,/mnt/photometry/AT2024yfg/field20173-2024-09-24/J/stack/GRB_J_C1_Data_2MASS_01733088.ecsv,2024-10-08,8.58,Circle,60.0,1,10,9223372036854775807:9223372036854775807:000NaN,66.20841,15.84169,1.0,2.0,2.0,2.05,101.87,1.403,0.51446,0.73438,,,16.631,15.611,0.018,0.018,0.602,,16.358,,,,-0.145,,,-0.418,,0.017,2024-09-24,-14,sci,['/mnt/photometry/AT2024yfg/field20173-2026-01-11/J/stack/coadd.Open-J.03362337-03362373.C1.fits'],['field20173-2026-01-11'],['C1'],[15.628],[0.02],[16.381],[0.023],[16.429],[0.017],[460],[2.0],[1.0],[2.0],164287,AT,2024yfg,66.2082692,15.8416577,,,,48,ZTF,48.0,ZTF,21.0458,110.0,g,"Jesper Sollerman (SU), Christoffer Fremling (Caltech), Daniel Perley (LJMU), Theophile du Laz (Caltech) on behalf of ZTF",10/15/24 10:04,ZTF24abmdmgz,2024TNSTR4020....1S,,10/15/24 10:04,10/15/24 10:04,,False,1467.0294322869022,0.7469999999999999,0.09250000000000114,16.121000000000002,-23.04514784092138
AT2024ydf,field13961-2024-10-25,field13961,J,C2,/mnt/photometry/AT2024ydf/field13961-2024-10-25/J/stack/coadd.Open-J.01877296-01877332.C2.fits,/mnt/photometry/AT2024ydf/field13961-2024-10-25/J/stack/GRB_J_C2_Data_VHS_01877332.ecsv,2024-10-07,8.58,Circle,60.0,1,10,9223372036854775807:9223372036854775807:000NaN,128.78487,-6.88087,2.0,2.0,2.0,1.29,18.36,1.195,0.13538,0.19484,,,18.03,17.734,0.069,0.108,0.592,,17.863,,,,0.463,,,0.296,,0.101,2024-10-25,18,sci,['/mnt/photometry/AT2024ydf/field13961-2026-01-11/J/stack/coadd.Open-J.03363737-03363773.C2.fits'],['field13961-2026-01-11'],['C2'],[17.639],[0.092],[18.178],[0.094],[18.072],[0.066],[461],[2.0],[1.0],[2.0],164234,AT,2024ydf,128.784833,-6.880889,,,,24,GaiaAlerts,24.0,GaiaAlerts,18.51,75.0,G,"S.T. Hodgkin, E. Breedt, A. Delgado, D.L. Harrison, M. van Leeuwen, G. Rixon, T. Wevers, A. Yoldas (IoA Cambridge), N. Ihanec, K. Kruszyńska, K.A. Rybicki, Ł. Wyrzykowski (Warsaw University Astronomical Observatory), Z. Kostrzewa-Rutkowska (Leiden Observatory), D. Eappachen (SRON/RU), G. Marton (Konkoly Observatory), on behalf of the Gaia Alerts team",10/14/24 8:53,Gaia24cxh,2024TNSTR3993....1H,,10/14/24 8:53,10/14/24 8:53,,False,426.86141736908667,0.12899999999999778,0.02650000000000219,17.882,19.15714956476345
AT2024xds,field6105-2024-09-14,field6105,J,C3,/mnt/photometry/AT2024xds/field6105-2024-09-14/J/stack/coadd.Open-J.01688744-01688780.C3.fits,/mnt/photometry/AT2024xds/field6105-2024-09-14/J/stack/GRB_J_C3_Data_2MASS_01688780.ecsv,2024-10-02,8.58,Circle,60.0,1,10,9223372036854775807:9223372036854775807:000NaN,49.86085,-38.01769,1.0,1.0,2.0,3.02,115.39,1.627,3.22658,0.19258,,,16.833,15.164,0.016,0.047,1.496,,16.987,,,,-0.327,,,-0.173,,0.015,2024-09-14,-18,sci,"['/mnt/photometry/AT2024xds/field6105-2024-12-29/J/stack/coadd.Open-J.02029419-02029435.C3.fits', '/mnt/photometry/AT2024xds/field6105-2025-01-13/J/stack/coadd.Open-J.02065139-02065155.C3.fits', '/mnt/photometry/AT2024xds/field6105-2024-11-29/J/stack/coadd.Open-J.01997804-01997820.C3.fits', '/mnt/photometry/AT2024xds/field6105-2024-12-01/J/stack/coadd.Open-J.02006492-02006500.C3.fits', '/mnt/photometry/AT2024xds/field6105-2024-11-27/J/stack/coadd.Open-J.01989795-01989811.C3.fits']","['field6105-2024-12-29', 'field6105-2025-01-13', 'field6105-2024-11-29', 'field6105-2024-12-01', 'field6105-2024-11-27']","['C3', 'C3', 'C3', 'C3', 'C3']","[nan, 15.433, 15.396, 16.353, 15.607]","[nan, 0.023, 0.026, 0.126, 0.028]","[nan, 17.264, 16.964, 17.68, 16.568]","[nan, 0.105, 0.106, 0.227, 0.169]","[nan, 16.865, 16.929, 16.877, 16.489]","[nan, 0.031, 0.031, 0.05, 0.046]","[88, 103, 58, 60, 56]","[nan, 2.0, 2.0, 1.0, 2.0]","[nan, 2.0, 1.0, 2.0, 1.0]","[nan, 1.0, 1.0, 1.0, 1.0]",163107,AT,2024xds,49.861167,-38.016831,,,,18,ATLAS,18.0,ATLAS,18.483,71.0,cyan,"J. Tonry, L. Denneau, H. Weiland, A. Lawrence, R. Siverd (IfA, University of Hawaii), N. Erasmus, W. Koorts (South African Astronomical Observatory), A. Jordan, V. Suc (UAI, Obstech), S. J. Smartt (Oxford/QUB), K. W. Smith, D. R. Young, M. Nicholl, M. Fulton, M. McCollum, T. Moore, J. Weston, X. Sheng, P. Ramsden, C. R. Angus, A. Wilson (Queen's University Belfast), A. Aamer (QUB/Birmingham), L. Shingles (GSI/QUB), S. Srivastav, J. Gillanders, L. Rhodes, H. Stevance (Oxford), A. Rest (STScI), T.-W. Chen (NCU), C. Stubbs (Harvard), J. Sommer (LMU/QUB), B. P. Schmidt (ANU)",10/3/24 7:15,"ATLAS24otu, GOTO24gpn, Gaia24cvj, BGEM J031926.68-380059.9",2024TNSTR3839....1T,,10/3/24 7:15,10/7/24 7:50,,False,886.0933660992814,1.8229999999999986,-0.2451250000000007,15.9985,-57.396068041829935
AT2024wnz,field11719-2024-09-03,field11719,J,C3,/mnt/photometry/AT2024wnz/field11719-2024-09-03/J/stack/coadd.Open-J.01637690-01637726.C3.fits,/mnt/photometry/AT2024wnz/field11719-2024-09-03/J/stack/GRB_J_C3_Data_VHS_01637726.ecsv,2024-09-21,8.58,Circle,60.0,1,10,9223372036854775807:9223372036854775807:000NaN,44.90974,-15.21924,2.0,2.0,2.0,0.74,45.21,1.228,0.04922,0.11545,,,17.143,17.155,0.027,0.023,0.193,,17.142,,,,0.207,,,0.206,,0.033,2024-09-03,-18,sci,['/mnt/photometry/AT2024wnz/field11719-2026-01-10/J/stack/coadd.Open-J.03361517-03361553.C3.fits'],['field11719-2026-01-10'],['C3'],[16.932],[0.035],[17.016],[0.023],[16.948],[0.027],[476],[2.0],[2.0],[2.0],162679,AT,2024wnz,44.90975,-15.219231,,,,24,GaiaAlerts,24.0,GaiaAlerts,17.04,75.0,G,"S.T. Hodgkin, E. Breedt, A. Delgado, D.L. Harrison, M. van Leeuwen, G. Rixon, T. Wevers, A. Yoldas (IoA Cambridge), N. Ihanec, K. Kruszyńska, K.A. Rybicki, Ł. Wyrzykowski (Warsaw University Astronomical Observatory), Z. Kostrzewa-Rutkowska (Leiden Observatory), D. Eappachen (SRON/RU), G. Marton (Konkoly Observatory), on behalf of the Gaia Alerts team",9/24/24 21:29,Gaia24cpp,2024TNSTR3680....1H,,9/24/24 21:29,9/24/24 21:29,,False,772.9615849367724,0.013000000000001677,0.2090000000000014,17.149,-58.24755758234015
AT2024tti,field18017-2024-09-02,field18017,J,C1,/mnt/photometry/AT2024tti/field18017-2024-09-02/J/stack/coadd.Open-J.01632714-01632750.C1.fits,/mnt/photometry/AT2024tti/field18017-2024-09-02/J/stack/GRB_J_C1_Data_2MASS_.C1.alig.ecsv,2024-08-23,8.58,Circle,60.0,1,10,9223372036854775807:9223372036854775807:000NaN,78.01947,8.04496,3.0,3.0,3.0,1.14,9.29,1.92,1.20504,-1.0,,,18.982,18.718,0.12,0.137,99.0,,19.257,,,,99.0,,,99.0,,0.133,2024-09-02,10,sci,['/mnt/photometry/AT2024tti/field18017-2026-01-11/J/stack/coadd.Open-J.03363057-03363093.C1.fits'],['field18017-2026-01-11'],['C1'],[nan],[nan],[nan],[nan],[nan],[nan],[506],[nan],[nan],[nan],160720,AT,2024tti,78.019741,8.0447662,,,,48,ZTF,48.0,ZTF,19.0566,112.0,i,"Jesper Sollerman (SU), Christoffer Fremling (Caltech), Daniel Perley (LJMU), Theophile du Laz (Caltech) on behalf of ZTF",8/28/24 12:12,"ZTF24abcwkug, ATLAS24nmk, GOTO24fxh, BGEM J051204.76+080241.4",2024TNSTR3137....1S,,8/28/24 12:12,8/28/24 12:12,,False,942.8191436576185,0.5390000000000015,,18.85,-18.13855578165453
AT2024svc,field16120-2024-08-05,field16120,J,C4,/mnt/photometry/AT2024svc/field16120-2024-08-05/J/stack/coadd.Open-J.01510512-01510548.C4.fits,/mnt/photometry/AT2024svc/field16120-2024-08-05/J/stack/GRB_J_C4_Data_2MASS_01510548.ecsv,2024-08-23,8.58,Circle,60.0,1,10,9223372036854775807:9223372036854775807:000NaN,72.39179,0.25282,2.0,2.0,2.0,5.62,854.26,1.337,1.33787,2.71965,,,13.528,11.456,0.005,0.019,2.868,,12.848,,,,1.476,,,0.796,,0.004,2024-08-05,-18,sci,['/mnt/photometry/AT2024svc/field16120-2026-01-11/J/stack/coadd.Open-J.03362777-03362813.C4.fits'],['field16120-2026-01-11'],['C4'],[11.454],[0.004],[13.285],[0.018],[13.684],[0.004],[506],[2.0],[2.0],[2.0],160088,AT,2024svc,72.3917976,0.2524532,,,,48,ZTF,48.0,ZTF,16.8978,110.0,g,K. De (Caltech) on behalf of ZTF,8/26/24 9:01,"ZTF23abidemb, GOTO24fsv",2024TNSTR3096....1D,,8/26/24 9:01,8/26/24 9:01,,False,417.05071225025085,1.3920000000000012,-0.07699999999999996,12.492,-26.987643608005257
AT2024hxo,field9714-2024-04-11,field9714,J,C3,/mnt/photometry/AT2024hxo/field9714-2024-04-11/J/stack/coadd.Open-J.01109209-01109245.C3.fits,/mnt/photometry/AT2024hxo/field9714-2024-04-11/J/stack/GRB_J_C3_Data_VHS_01109245.ecsv,2024-04-29,8.58,Circle,60.0,1,10,9223372036854775807:9223372036854775807:000NaN,146.85624,-23.637,1.0,1.0,2.0,2.28,15.26,1.571,1.79468,0.63691,,,19.4,18.065,0.118,0.435,1.246,,19.836,,,,-0.525,,,-0.09,,0.084,2024-04-11,-18,sci,['/mnt/photometry/AT2024hxo/field9714-2026-01-12/J/stack/coadd.Open-J.03364813-03364849.C3.fits'],['field9714-2026-01-12'],['C3'],[17.903],[0.085],[19.475],[0.106],[19.203],[0.097],[623],[2.0],[1.0],[1.0],150854,AT,2024hxo,146.8567871,-23.6369729,,,,48,ZTF,48.0,ZTF,20.062,110.0,g,"Daniel Perley (LJMU), Christoffer Fremling (Caltech), Theophile du Laz (Caltech) on behalf of ZTF",5/3/24 10:28,"ZTF24aalvyvv, ATLAS24gyo, GOTO24bnu",2024TNSTR1361....1P,,5/3/24 10:28,5/3/24 10:28,,False,627.0607907967697,1.7709999999999972,0.17950000000000088,18.7325,22.45635782045192
AT2024hgy,field11197-2024-04-02,field11197,J,C4,/mnt/photometry/AT2024hgy/field11197-2024-04-02/J/stack/coadd.Open-J.01086147-01086183.C4.fits,/mnt/photometry/AT2024hgy/field11197-2024-04-02/J/stack/GRB_J_C4_Data_VHS_01086183.ecsv,2024-04-16,8.58,Circle,60.0,1,10,48.0,145.97616,-17.95268,1.0,2.0,2.0,2.3,57.79,1.566,0.54771,0.161,,,16.918,16.09,0.034,0.104,1.068,,17.078,,,,0.079,,,0.239,,0.028,2024-04-02,-14,sci,['/mnt/photometry/AT2024hgy/field11197-2026-01-12/J/stack/coadd.Open-J.03364773-03364809.C4.fits'],['field11197-2026-01-12'],['C4'],[15.998],[0.018],[17.135],[0.039],[16.922],[0.017],[636],[2.0],[1.0],[2.0],150392,AT,2024hgy,145.9761344,-17.95253111,,,,59,GOTO,59.0,GOTO,20.55,120.0,L,"M. Kennedy, T. Killestein, K. Ackley, M. Dyer, F. Jiménez-Ibarra, J. Lyman, K. Ulaczyk, D. Steeghs, D. Galloway, V. Dhillon, P. O'Brien, G. Ramsay, K. Noysena, R. Kotak, R. Breton, L. Nuttall, E. Pallé, D. Pollacco, A. Kumar, D. O'Neill, on behalf of GOTO collaboration",4/26/24 10:14,"GOTO24aqy, ATLAS24ghz",2024TNSTR1222....1K,,4/26/24 10:14,4/26/24 10:34,,False,588.9850804075618,0.9879999999999995,0.043999999999999595,16.503999999999998,25.864135090721796
AT2024glc,field7711-2024-03-26,field7711,J,C4,/mnt/photometry/AT2024glc/field7711-2024-03-26/J/stack/coadd.Open-J.01072487-01072523.C4.fits,/mnt/photometry/AT2024glc/field7711-2024-03-26/J/stack/GRB_J_C4_Data_VHS_.C4.alig.ecsv,2024-04-09,8.58,Circle,60.0,1,10,48.0,109.13565,-31.58221,2.0,2.0,2.0,1.17,17.89,1.566,0.11612,0.0872,,,18.233,18.018,0.067,0.048,-0.977,,18.17,,,,-1.129,,,-1.192,,0.091,2024-03-26,-14,sci,['/mnt/photometry/AT2024glc/field7711-2024-01-21/J/stack/coadd.Open-J.00914009-00914045.C4.fits'],['field7711-2024-01-21'],['C4'],[nan],[nan],[nan],[nan],[nan],[nan],[-79],[nan],[nan],[nan],149786,AT,2024glc,109.135667,-31.582181,,,,24,GaiaAlerts,24.0,GaiaAlerts,16.11,75.0,G,"S.T. Hodgkin, E. Breedt, A. Delgado, D.L. Harrison, M. van Leeuwen, G. Rixon, T. Wevers, A. Yoldas (IoA Cambridge), N. Ihanec, K. Kruszyńska, K.A. Rybicki, Ł. Wyrzykowski (Warsaw University Astronomical Observatory), Z. Kostrzewa-Rutkowska (Leiden Observatory), D. Eappachen (SRON/RU), G. Marton (Konkoly Observatory), on behalf of the Gaia Alerts team",4/12/24 15:52,Gaia24bgw,2024TNSTR1038....1H,,4/12/24 15:52,4/12/24 15:52,,False,891.9726579642336,0.15200000000000102,,18.125500000000002,-9.127237152287481
AT2024ggp,field7184-2024-04-24,field7184,J,C4,/mnt/photometry/AT2024ggp/field7184-2024-04-24/J/stack/coadd.Open-J.01174465-01174773.C4.fits,/mnt/photometry/AT2024ggp/field7184-2024-04-24/J/stack/GRB_J_C4_Data_2MASS_01174773.ecsv,2024-04-07,60.06,Circle,240.0,1,15,9223372036854775807:9223372036854775807:000NaN,121.489,-33.77262,0.0,0.0,0.0,1.05,799.51,1.056,0.01433,-1.0,,,12.755,12.701,0.002,0.006,99.0,,12.694,,,,99.0,,,99.0,,0.002,2024-04-24,17,sci,"['/mnt/photometry/AT2024ggp/field7184-2024-04-28/J/stack/coadd.Open-J.01189201-01189509.C4.fits', '/mnt/photometry/AT2024ggp/field7184-2024-05-22/J/stack/coadd.Open-J.01325015-01325317.C4.fits']","['field7184-2024-04-28', 'field7184-2024-05-22']","['C4', 'C4']","[12.707, 12.383]","[0.002, 0.002]","[12.831, 12.445]","[0.004, 0.01]","[12.918, 12.545]","[0.002, 0.002]","[21, 45]","[0.0, 0.0]","[0.0, 0.0]","[0.0, 0.0]",149646,AT,2024ggp,121.489,-33.772619,,,,24,GaiaAlerts,24.0,GaiaAlerts,13.14,75.0,G,"S.T. Hodgkin, E. Breedt, A. Delgado, D.L. Harrison, M. van Leeuwen, G. Rixon, T. Wevers, A. Yoldas (IoA Cambridge), N. Ihanec, K. Kruszyńska, K.A. Rybicki, Ł. Wyrzykowski (Warsaw University Astronomical Observatory), Z. Kostrzewa-Rutkowska (Leiden Observatory), D. Eappachen (SRON/RU), G. Marton (Konkoly Observatory), on behalf of the Gaia Alerts team",4/11/24 14:11,Gaia24bfr,2024TNSTR1023....1H,,4/11/24 14:11,4/11/24 14:11,,False,1878.4453965940756,0.006999999999999673,0.08975000000000044,12.728000000000002,-1.106700941890488
AT2024fje,field12399-2024-04-19,field12399,J,C4,/mnt/photometry/AT2024fje/field12399-2024-04-19/J/stack/coadd.Open-J.01149785-01149821.C4.fits,/mnt/photometry/AT2024fje/field12399-2024-04-19/J/stack/GRB_J_C4_Data_VHS_01149821.ecsv,2024-04-02,8.58,Circle,60.0,1,10,9223372036854775807:9223372036854775807:000NaN,123.05138,-13.15587,2.0,2.0,2.0,1.13,110.73,1.289,0.53543,0.12121,,,15.835,15.582,0.012,0.015,0.386,,15.802,,,,0.165,,,0.133,,0.014,2024-04-19,17,sci,['/mnt/photometry/AT2024fje/field12399-2026-01-11/J/stack/coadd.Open-J.03363657-03363693.C4.fits'],['field12399-2026-01-11'],['C4'],[15.542],[0.012],[15.73],[0.014],[15.774],[0.01],[649],[2.0],[2.0],[2.0],148977,AT,2024fje,123.051529,-13.155853,0.174,29.0,AGN,60,BlackGEM,60.0,BlackGEM,18.64,118.0,BG-q,"D. Pieterse, H. Tranin, F. Stoppa, G. Ramsay, S. Faris, P. Groot, P. Vreeswijk, on behalf of the BlackGEM consortium",4/2/24 13:07,BGEM J081212.36-130921.0,2024TNSTR.890....1P,2024TNSCR.984....1H,4/2/24 13:07,4/8/24 7:38,,False,1712.732570388101,0.21999999999999886,0.05050000000000132,15.7085,11.068688633459857
AT2024etr,field12694-2024-02-25,field12694,J,C4,/mnt/photometry/AT2024etr/field12694-2024-02-25/J/stack/coadd.Open-J.00991631-00991671.C4.fits,/mnt/photometry/AT2024etr/field12694-2024-02-25/J/stack/GRB_J_C4_Data_2MASS_00991671.ecsv,2024-03-14,8.58,Circle,60.0,1,10,48.0,106.23622,-12.24251,1.0,2.0,1.0,1.91,137.34,1.302,0.19256,0.17192,,,15.173,14.943,0.016,0.006,0.011,,14.984,,,,-0.03,,,-0.219,,0.011,2024-02-25,-18,sci,['/mnt/photometry/AT2024etr/field12694-2026-01-11/J/stack/coadd.Open-J.03363377-03363413.C4.fits'],['field12694-2026-01-11'],['C4'],[14.951],[0.006],[14.958],[0.004],[14.949],[0.006],[668],[1.0],[1.0],[1.0],148537,AT,2024etr,106.236208,-12.242461,,,,24,GaiaAlerts,24.0,GaiaAlerts,18.38,75.0,G,"S.T. Hodgkin, E. Breedt, A. Delgado, D.L. Harrison, M. van Leeuwen, G. Rixon, T. Wevers, A. Yoldas (IoA Cambridge), N. Ihanec, K. Kruszyńska, K.A. Rybicki, Ł. Wyrzykowski (Warsaw University Astronomical Observatory), Z. Kostrzewa-Rutkowska (Leiden Observatory), D. Eappachen (SRON/RU), G. Marton (Konkoly Observatory), on behalf of the Gaia Alerts team",3/21/24 0:27,Gaia24baj,2024TNSTR.768....1H,,3/21/24 0:27,3/21/24 0:27,,False,699.5396502528124,0.04100000000000037,0.10799999999999965,15.058,-2.835527759214416
AT2024erg,field4531-2024-02-29,field4531,J,C3,/mnt/photometry/AT2024erg/field4531-2024-02-29/J/stack/coadd.Open-J.01001075-01001111.C3.fits,/mnt/photometry/AT2024erg/field4531-2024-02-29/J/stack/GRB_J_C3_Data_VHS_01001111.ecsv,2024-03-19,8.58,Circle,60.0,1,10,48.0,164.14744,-46.08548,2.0,2.0,2.0,1.82,135.7,1.204,0.43345,0.1056,,,16.011,15.046,0.011,0.023,1.376,,15.949,,,,0.473,,,0.411,,0.012,2024-02-29,-19,sci,['/mnt/photometry/AT2024erg/field4531-2026-01-12/J/stack/coadd.Open-J.03365533-03365569.C3.fits'],['field4531-2026-01-12'],['C3'],[15.218],[0.013],[16.621],[0.032],[16.585],[0.016],[664],[2.0],[2.0],[2.0],148472,AT,2024erg,164.147304,-46.085558,,,,60,BlackGEM,60.0,BlackGEM,17.56,118.0,BG-q,"H. Tranin, F. Stoppa, D. Pieterse, G. Ramsay, S. Faris, P. Groot, P. Vreeswijk, on behalf of the BlackGEM consortium",3/19/24 19:49,BGEM J105635.35-460508.0,2024TNSTR.740....1T,,3/19/24 19:49,3/19/24 19:49,,False,1228.9896244530355,0.9030000000000005,-0.3730000000000011,15.5285,12.32450686148398
AT2024dzi,field8564-2024-03-24,field8564,J,C3,/mnt/photometry/AT2024dzi/field8564-2024-03-24/J/stack/coadd.Open-J.01070179-01070215.C3.fits,/mnt/photometry/AT2024dzi/field8564-2024-03-24/J/stack/GRB_J_C3_Data_VHS_01070215.ecsv,2024-03-05,8.58,Circle,60.0,1,10,48.0,140.81014,-27.91889,1.0,1.0,2.0,1.46,11.9,1.135,0.5699,0.1706,,,18.844,18.452,0.106,0.105,0.497,,18.953,,,,-0.005,,,0.104,,0.108,2024-03-24,19,sci,['/mnt/photometry/AT2024dzi/field8564-2026-01-12/J/stack/coadd.Open-J.03364693-03364729.C3.fits'],['field8564-2026-01-12'],['C3'],[18.569],[0.088],[18.99],[0.078],[18.895],[0.075],[678],[2.0],[1.0],[1.0],147983,AT,2024dzi,140.8099619,-27.9188843,,,,18,ATLAS,18.0,ATLAS,19.379,71.0,cyan,"J. Tonry, L. Denneau, H. Weiland, A. Lawrence, R. Siverd (IfA, University of Hawaii), N. Erasmus, W. Koorts (South African Astronomical Observatory), A. Jordan, V. Suc (UAI, Obstech), S. J. Smartt (Oxford/QUB), K. W. Smith, D. R. Young, M. Nicholl, M. Fulton, M. McCollum, T. Moore, J. Weston, X. Sheng, P. Ramsden, C. R. Angus (Queen's University Belfast), A. Aamer (QUB/Birmingham), L. Shingles (GSI/QUB), S. Srivastav, J. Gillanders, L. Rhodes, A. Andersson, H. Stevance (Oxford), A. Rest (STScI), T.-W. Chen (NCU), C. Stubbs (Harvard), J. Sommer (LMU/QUB)",3/7/24 21:37,"ATLAS24dhn, ZTF24aagmemj",2024TNSTR.620....1T,,3/7/24 21:37,3/16/24 5:34,,False,1825.685412749911,0.5009999999999977,-0.08399999999999785,18.648000000000003,15.571242738752979
AT2024dpb,field10883-2024-03-14,field10883,J,C3,/mnt/photometry/AT2024dpb/field10883-2024-03-14/J/stack/coadd.Open-J.01046163-01046199.C3.fits,/mnt/photometry/AT2024dpb/field10883-2024-03-14/J/stack/GRB_J_C3_Data_VHS_01046199.ecsv,2024-03-01,8.58,Circle,60.0,1,10,48.0,129.46514,-18.92091,2.0,2.0,2.0,1.4,34.3,1.755,1.12609,0.18957,,,17.673,17.073,0.041,0.043,0.757,,17.664,,,,0.166,,,0.157,,0.043,2024-03-14,13,sci,['/mnt/photometry/AT2024dpb/field10883-2026-01-12/J/stack/coadd.Open-J.03364453-03364489.C3.fits'],['field10883-2026-01-12'],['C3'],[17.279],[0.035],[17.872],[0.041],[17.782],[0.032],[682],[2.0],[1.0],[1.0],146909,AT,2024dpb,129.465388,-18.920698,,,,18,ATLAS,18.0,ATLAS,19.113,72.0,orange,"J. Tonry, L. Denneau, H. Weiland, A. Lawrence, R. Siverd (IfA, University of Hawaii), N. Erasmus, W. Koorts (South African Astronomical Observatory), A. Jordan, V. Suc (UAI, Obstech), S. J. Smartt (Oxford/QUB), K. W. Smith, D. R. Young, M. Nicholl, M. Fulton, M. McCollum, T. Moore, J. Weston, X. Sheng, P. Ramsden, C. R. Angus (Queen's University Belfast), A. Aamer (QUB/Birmingham), L. Shingles (GSI/QUB), S. Srivastav, J. Gillanders, L. Rhodes, A. Andersson, H. Stevance (Oxford), A. Rest (STScI), T.-W. Chen (NCU), C. Stubbs (Harvard), J. Sommer (LMU/QUB)",3/2/24 23:14,ATLAS24dco,2024TNSTR.579....1T,,3/2/24 23:14,3/2/24 23:14,,False,1499.7703425465597,0.5910000000000011,-0.15750000000000064,17.372999999999998,13.084635714105792
AT2024dfx,field9999-2024-03-09,field9999,J,C4,/mnt/photometry/AT2024dfx/field9999-2024-03-09/J/stack/coadd.Open-J.01027611-01027647.C4.fits,/mnt/photometry/AT2024dfx/field9999-2024-03-09/J/stack/GRB_J_C4_Data_VHS_01027647.ecsv,2024-02-21,8.58,Circle,60.0,1,10,48.0,137.6333,-22.50998,2.0,2.0,2.0,4.7,105.47,1.32,0.74497,0.24147,,,17.121,14.701,0.021,0.044,2.65,,17.183,,,,0.169,,,0.231,,0.017,2024-03-09,17,sci,['/mnt/photometry/AT2024dfx/field9999-2026-01-12/J/stack/coadd.Open-J.03364653-03364689.C4.fits'],['field9999-2026-01-12'],['C4'],[14.738],[0.016],[17.278],[0.038],[17.213],[0.02],[691],[2.0],[1.0],[2.0],146664,AT,2024dfx,137.6331407,-22.50983677,,,,4,Pan-STARRS,4.0,Pan-STARRS,19.18,58.0,i,"K. C. Chambers, T. de Boer, J. Herman, J. Fairlamb, M. Huber, C.-C. Lin, T. Lowe, E. Magnier, A. Schultz, R. J. Wainscoat, H. Gao, P. Minguez (IfA, University of Hawaii), K. W. Smith, D. R. Young, S. Srivastav, M. Fulton, S. J. Smartt, M. Nicholl, T. Moore, J. Weston, C. R. Angus, S. Sim (Queen's University Belfast), D. E. Wright (University of Minnesota)",2/25/24 10:30,"PS24bfh, ZTF24aafyqsg",2024TNSTR.531....1C,,2/25/24 10:30,2/25/24 10:30,,False,575.3503535073421,2.4819999999999993,-0.06450000000000067,15.911,16.98802360001318
AT2024blx,field9088-2024-02-22,field9088,J,C4,/mnt/photometry/AT2024blx/field9088-2024-02-22/J/stack/coadd.Open-J.00979915-00979951.C4.fits,/mnt/photometry/AT2024blx/field9088-2024-02-22/J/stack/GRB_J_C4_Data_2MASS_00979951.ecsv,2024-02-04,8.58,Circle,60.0,1,10,48.0,87.273,-25.43135,1.0,1.0,2.0,4.79,121.83,1.344,0.83302,0.92982,,,17.045,14.501,0.027,0.037,2.345,,16.806,,,,0.04,,,-0.199,,0.025,2024-02-22,18,sci,['/mnt/photometry/AT2024blx/field9088-2026-01-11/J/stack/coadd.Open-J.03363217-03363253.C4.fits'],['field9088-2026-01-11'],['C4'],[nan],[nan],[nan],[nan],[nan],[nan],[707],[nan],[nan],[nan],145442,AT,2024blx,87.27320409,-25.43121126,,,,4,Pan-STARRS,4.0,Pan-STARRS,20.22,26.0,w,"K. C. Chambers, T. de Boer, J. Herman, J. Fairlamb, M. Huber, C.-C. Lin, T. Lowe, E. Magnier, A. Schultz, R. J. Wainscoat, H. Gao, P. Minguez (IfA, University of Hawaii), K. W. Smith, D. R. Young, S. Srivastav, M. Fulton, S. J. Smartt, T. Moore, J. Weston, S. Sim (Queen's University Belfast), D. E. Wright (University of Minnesota)",2/4/24 17:41,"PS24aco, ZTF24aadqxxd",2024TNSTR.341....1C,,2/4/24 17:41,2/4/24 17:41,,False,399.19543310300105,2.3050000000000015,,15.773,-24.52820528366048
AT2024ahg,field10618-2024-01-20,field10618,J,C4,/mnt/photometry/AT2024ahg/field10618-2024-01-20/J/stack/coadd.Open-J.00912649-00912685.C4.fits,/mnt/photometry/AT2024ahg/field10618-2024-01-20/J/stack/GRB_J_C4_Data_VHS_00912685.ecsv,2024-01-13,8.58,Circle,60.0,1,10,9223372036854775807:9223372036854775807:000NaN,170.8551,-19.80566,2.0,2.0,2.0,1.41,63.25,1.106,1.47161,0.25737,,,16.929,16.279,0.021,0.03,0.872,,17.009,,,,0.142,,,0.222,,0.027,2024-01-20,7,sci,['/mnt/photometry/AT2024ahg/field10618-2025-12-13/J/stack/coadd.Open-J.03289382-03289418.C4.fits'],['field10618-2025-12-13'],['C4'],[16.375],[0.029],[16.88],[0.023],[16.971],[0.023],[700],[2.0],[2.0],[2.0],144585,AT,2024ahg,170.8550099,-19.8060639,,,,48,ZTF,48.0,ZTF,19.91,111.0,r,C. Fremling (Caltech) on behalf of the Zwicky Transient Facility (ZTF) collaboration,1/16/24 15:36,ZTF24aacqtgk,2024TNSTR.168....1F,,1/16/24 15:36,1/16/24 15:36,,False,930.885906771071,0.7300000000000004,-0.06900000000000084,16.604,38.446949389269996
